player_name,session_date,venue_soil_type,pressure_scenario,release_speed,release_angle,deviation_degrees,pitch_distance_from_stumps_m,bounce_height_m
Virat Kohli,2026-06-05,Wankhede Red Soil,High,103.56658568936372,14.577207428589276,0.07658942247039723,5.778904310375754,0.6966330049540795
Virat Kohli,2026-06-05,Eden Gardens Clay,High,107.18623835709862,14.910726193847301,-0.4253664977497549,8.156091127807835,0.5944004990932631
Virat Kohli,2026-06-05,Eden Gardens Clay,Low,118.95447076238898,8.034561391178705,0.725393188055157,6.318268094426669,0.5991057772127704
Virat Kohli,2026-06-05,Wankhede Red Soil,High,104.09429281845921,12.955592648871079,0.7616486855449953,2.25824433903184,0.9871716048389804
Virat Kohli,2026-06-05,Eden Gardens Clay,High,105.87746647044054,8.288733185704388,-0.782809784801372,3.4374718305052356,0.9597103653829834
Virat Kohli,2026-06-05,Eden Gardens Clay,High,107.51009375591427,14.038408083256611,0.7216485719604335,6.214690642038526,0.5035450818409678
Virat Kohli,2026-06-05,Chepauk Black Soil,Low,114.69522146785158,14.270106443529672,0.3108996981882576,5.740055488756377,0.5081885675273006
Virat Kohli,2026-06-05,Eden Gardens Clay,Low,101.62622917263401,13.720773332285654,-0.6992889905293673,6.378453021955408,0.9997522470119262
Virat Kohli,2026-06-05,Eden Gardens Clay,High,106.4482728761132,10.809372937398852,-0.9261556451932851,2.3475166296863548,0.560318173853879
Virat Kohli,2026-06-05,Wankhede Red Soil,Low,114.81978887834731,12.92567734964464,-0.7618821986135154,6.567685823866188,1.0176505651239456
Virat Kohli,2026-06-05,Eden Gardens Clay,High,114.3136977250607,14.508905457691558,-0.5081436474574501,6.649531755863657,0.5818767728360534
Virat Kohli,2026-06-05,Wankhede Red Soil,Low,113.31410381517514,13.028366429739005,0.3802977696051814,5.405376628944975,0.8708905943967914
Virat Kohli,2026-06-05,Chepauk Black Soil,Low,112.7360449906567,12.02822469993292,-0.738925322324861,3.4745501784828554,0.6069230071685641
Virat Kohli,2026-06-05,Eden Gardens Clay,High,104.85096953702214,9.725372252481431,0.8079342290916909,6.506831557970393,0.8574623614365253
Virat Kohli,2026-06-05,Chepauk Black Soil,High,112.49181054302392,12.863442875997197,-1.1955115660008049,6.453504611946975,0.48325336076210784
Virat Kohli,2026-06-05,Wankhede Red Soil,High,97.20076865864432,11.169579054169503,-0.09903856700939109,2.189276099711836,0.901119093658415
Virat Kohli,2026-06-05,Eden Gardens Clay,High,110.49819609771835,8.196770922221463,-0.3817299074686702,6.693971681462176,0.5166228662907417
Virat Kohli,2026-06-05,Wankhede Red Soil,High,95.30989454953801,11.74307015609378,0.28263829366160814,2.7212930497472647,0.7179190728827141
Virat Kohli,2026-06-05,Eden Gardens Clay,High,102.96382511428598,11.532764534337648,-0.31403821874831994,5.243998516142778,0.9270426853048008
Virat Kohli,2026-06-05,Eden Gardens Clay,Low,112.07050889491651,12.107306424362289,-0.15886006444918244,6.8385660683909375,0.5631056898045066
Virat Kohli,2026-06-05,Chepauk Black Soil,High,115.08613971934987,8.386371307848254,1.2875184984011392,4.31688484383535,0.6811419455990894
Virat Kohli,2026-06-05,Chepauk Black Soil,Low,111.31139438349177,8.690174774875139,-0.7929587381038246,3.8826721353079865,0.5390802705972014
Virat Kohli,2026-06-05,Chepauk Black Soil,Low,112.75490582543489,13.65924143823297,-0.8541941960093313,4.9963831452941845,0.6887489580903902
Virat Kohli,2026-06-05,Wankhede Red Soil,High,109.23769993337945,9.04542149132468,-0.5119118348458376,4.0529837861205085,0.867714775261911
Virat Kohli,2026-06-05,Chepauk Black Soil,Low,102.41296301306556,8.12833514738389,-0.42363431619877717,1.9303392806613937,0.721739063460111
Virat Kohli,2026-06-05,Wankhede Red Soil,Low,115.17595262322246,10.060135982660555,-0.2811654046941682,2.495457679995684,1.1482960891169702
Virat Kohli,2026-06-05,Wankhede Red Soil,High,99.2698652390973,8.237946206762237,0.3628610845834297,2.149807530414272,0.8586745099946499
Virat Kohli,2026-06-05,Chepauk Black Soil,Low,104.457596770994,12.297199314956405,0.09906146892112977,6.029211410419938,0.7868488678987938
Virat Kohli,2026-06-05,Eden Gardens Clay,High,96.34157935832931,9.975370910865024,-0.2015355979678073,3.7158475653162113,0.5710575224399803
Virat Kohli,2026-06-05,Chepauk Black Soil,High,108.14593671753526,8.63888060971511,-0.7798299889985945,3.654326667900551,0.8086956253644512
Virat Kohli,2026-06-05,Eden Gardens Clay,High,108.03365975738971,14.535608873515308,0.382032040310494,2.6839889852391723,0.9224674376975117
Virat Kohli,2026-06-05,Eden Gardens Clay,High,111.04517890271862,10.699300352132404,0.18362638515388974,2.11263537669963,0.8534907951466657
Virat Kohli,2026-06-05,Eden Gardens Clay,Low,109.73347039416377,12.87710569433245,0.23397493752053222,1.7960391387705201,0.7201466038585808
Virat Kohli,2026-06-05,Wankhede Red Soil,Low,107.86218098027767,9.397391927831075,0.1130428818486859,6.019709107004683,0.756891267584386
Virat Kohli,2026-06-05,Wankhede Red Soil,Low,110.92955986278514,9.864628909038144,0.0037158819291502002,2.8743788160725456,0.78622159969808
Virat Kohli,2026-06-05,Chepauk Black Soil,Low,116.17366128132844,14.118446295265835,0.6650460196701673,5.083871721633939,0.8133346204073251
Virat Kohli,2026-06-05,Eden Gardens Clay,Low,107.85468390027053,12.863001010635585,-0.946514780330092,5.163709051080335,0.6078590486649806
Virat Kohli,2026-06-05,Eden Gardens Clay,Low,115.98058640368883,9.000481189407145,0.9805885254753601,1.8769783573087309,0.5846262098528444
Virat Kohli,2026-06-05,Eden Gardens Clay,Low,105.38858167428012,12.30058772893068,-0.14704977418708864,1.83337936037972,0.8088465330027318
Virat Kohli,2026-06-05,Eden Gardens Clay,Low,112.06390468121289,9.0197973185286,0.5736740936530011,1.8207188790913476,0.8033493618332803
Virat Kohli,2026-06-05,Wankhede Red Soil,Low,104.72028356908311,14.52260039503424,-0.3559559429491135,1.6293891665445381,0.6771928183481905
Virat Kohli,2026-06-05,Chepauk Black Soil,Low,117.9948205147274,12.154103672779407,1.0533381089671627,4.103631221063088,0.4680887709647726
Virat Kohli,2026-06-05,Eden Gardens Clay,High,114.8233955793212,14.401887797760377,-0.5753856747227857,4.732728513418046,0.7146296546807446
Virat Kohli,2026-06-05,Chepauk Black Soil,Low,115.06781385407209,13.831150373044746,0.7965245993411192,2.8544568865799853,0.6021355205981616
Virat Kohli,2026-06-05,Chepauk Black Soil,Low,116.5650234731466,15.194308331720762,-1.0312460563787882,3.9231986779333243,0.8033669789749311
Virat Kohli,2026-06-05,Chepauk Black Soil,Low,105.00795021892077,14.00072235338778,0.6227562455124956,2.552584298041596,0.715869100231936
Virat Kohli,2026-06-05,Wankhede Red Soil,Low,110.9366051892886,13.253261493999165,-0.2508894250233212,6.087508951947369,0.8314818385826787
Virat Kohli,2026-06-05,Wankhede Red Soil,High,103.96645845938829,9.24620431510398,-0.4745656710287886,4.582802498620354,1.015642857447291
Virat Kohli,2026-06-05,Eden Gardens Clay,Low,109.7887048997681,11.39546335792347,0.5815970711304952,5.018834917286771,0.9007584747570678
Virat Kohli,2026-06-05,Wankhede Red Soil,High,105.111970993461,11.810123734716413,0.1740131878589528,4.155965279755626,0.7475110360166232
Virat Kohli,2026-06-05,Wankhede Red Soil,Low,101.70058650347052,11.726121722639402,-0.18430324427165648,5.981603078127851,0.9879402645411645
Virat Kohli,2026-06-05,Chepauk Black Soil,Low,114.2531503418649,9.913849850793754,-1.1423812865003358,4.458221596087385,0.5782849966730207
Virat Kohli,2026-06-05,Eden Gardens Clay,Low,104.36921945154249,9.681402196302122,-0.9454868313319411,5.22078321318698,0.8282104263832932
Virat Kohli,2026-06-05,Eden Gardens Clay,Low,100.35844646683658,9.885201546284856,0.06978104286921827,1.7772776026175705,0.8458766135843165
Virat Kohli,2026-06-05,Eden Gardens Clay,High,97.82669914942308,13.8372701725782,0.038102937302932016,3.543498895190674,0.5423392586844531
Virat Kohli,2026-06-05,Eden Gardens Clay,Low,101.20562062243769,9.718230791520924,0.7215625771208476,1.5085047441888304,0.7696417770533661
Rohit Sharma,2026-06-05,Chepauk Black Soil,High,100.15750924569345,9.410627654614661,-0.8158187051784389,3.6964499480224857,0.4278109431926752
Rohit Sharma,2026-06-05,Chepauk Black Soil,High,110.49430367350931,8.530627722803366,1.1539473137593736,8.49213965471392,0.8176928392257844
Rohit Sharma,2026-06-05,Chepauk Black Soil,Low,108.49792238871048,13.774670492980265,-0.2851014845882866,4.9504316539467,0.7662969466093422
Rohit Sharma,2026-06-05,Eden Gardens Clay,Low,117.59663091394923,13.338365430764735,0.09188248855766656,5.165125088343464,0.9420160942336515
Rohit Sharma,2026-06-05,Chepauk Black Soil,Low,110.75062311343382,11.034902353831686,1.0691050396250315,5.229776710791983,0.7816858589523908
Rohit Sharma,2026-06-05,Eden Gardens Clay,Low,100.66773439487895,14.77158495808554,-0.010230726764519193,3.7850758619320075,0.9285727311454051
Rohit Sharma,2026-06-05,Wankhede Red Soil,Low,100.78575429115942,13.972987050026234,-0.4991719770315749,4.620132327755416,0.904763710206232
Rohit Sharma,2026-06-05,Chepauk Black Soil,Low,113.07066461660284,11.086993459082162,-0.7387391615276255,3.312147407891833,0.4414332672104811
Rohit Sharma,2026-06-05,Eden Gardens Clay,Low,103.80158378590671,15.317941812111336,-0.8694913786399487,6.590328761486247,0.7636045359611384
Rohit Sharma,2026-06-05,Wankhede Red Soil,Low,116.94456001806964,8.86114033581908,0.4795612279890016,4.489628389036167,0.7247626006056509
Rohit Sharma,2026-06-05,Wankhede Red Soil,Low,109.0988557559895,13.91745801147356,-0.4437794977623513,3.800128555229705,0.9175673344416622
Rohit Sharma,2026-06-05,Wankhede Red Soil,Low,115.70389028711809,10.753290279429198,0.4619528368822762,6.449318333316077,1.0662000127170914
Rohit Sharma,2026-06-05,Chepauk Black Soil,Low,102.83182244538662,10.103503447229803,-0.7632199678272966,6.328586015361336,0.8137020933380579
Rohit Sharma,2026-06-05,Eden Gardens Clay,High,103.39720575103205,12.018683275064939,0.7938810887743493,9.116327942751733,0.7686405146100446
Rohit Sharma,2026-06-05,Wankhede Red Soil,High,103.17456937792979,10.695841149807688,0.4027880645631996,4.19773504329761,1.0300191055630985
Rohit Sharma,2026-06-05,Chepauk Black Soil,High,103.65435852382386,10.947268448264076,-1.2088013050774098,6.00221364467223,0.6177571835042305
Rohit Sharma,2026-06-05,Chepauk Black Soil,High,108.0189522671923,11.289307776806272,0.3290415381875535,8.166734073880992,0.5677667928558168
Rohit Sharma,2026-06-05,Chepauk Black Soil,High,112.68976590426479,8.0839301494273,-0.9425518513728338,8.897268280105358,0.555642365976129
Rohit Sharma,2026-06-05,Wankhede Red Soil,High,103.95231488103322,9.975157870800444,0.055606437394255796,4.943579523119545,0.784899847956699
Rohit Sharma,2026-06-05,Chepauk Black Soil,Low,108.37321152091175,12.09139196462023,0.7436959011983947,2.9779587808800883,0.5755135806811987
Rohit Sharma,2026-06-05,Chepauk Black Soil,Low,106.89775825762544,9.91845471731195,1.182904609220616,2.69368510416827,0.7416674471681421
Rohit Sharma,2026-06-05,Chepauk Black Soil,High,108.1494244232826,9.916816596584512,-0.7700499465585301,2.906070828926332,0.5100375810164933
Rohit Sharma,2026-06-05,Eden Gardens Clay,Low,103.43469646082713,11.136473642134735,0.9733139582171846,2.674330097910609,0.7476006946915581
Rohit Sharma,2026-06-05,Chepauk Black Soil,Low,102.42285417514921,15.645950009039957,0.29370965661719056,4.238473762651837,0.5793149974432646
Rohit Sharma,2026-06-05,Chepauk Black Soil,Low,100.68165385861451,9.242966896126841,-0.7056022935679356,3.9142081960339974,0.6631203068722554
Rohit Sharma,2026-06-05,Wankhede Red Soil,High,103.43401885214926,14.642918143375589,-0.155491995513861,5.094988726337731,0.9559156464490365
Rohit Sharma,2026-06-05,Wankhede Red Soil,High,113.40760966538888,15.378867926114186,-0.5926138772868683,6.872774581641219,0.8952658628066003
Rohit Sharma,2026-06-05,Wankhede Red Soil,High,105.06864439505426,13.478224003620605,0.4410354246962371,3.161230083186198,1.1279258938100039
Rohit Sharma,2026-06-05,Wankhede Red Soil,High,106.88234657935354,14.744232427942336,0.650338622415755,4.83399436472004,0.9709024218376768
Rohit Sharma,2026-06-05,Chepauk Black Soil,High,108.2320622258649,10.781248043838513,-0.6852691159874724,8.347932135803905,0.44517274300585497
Rohit Sharma,2026-06-05,Eden Gardens Clay,Low,114.00466780206726,15.805848335680993,-0.14056241821700444,2.11387911831934,0.8730421814005032
Rohit Sharma,2026-06-05,Wankhede Red Soil,Low,119.4225307388916,8.31551442193092,-0.13322566157537796,5.837842390245491,1.1103454444969745
Rohit Sharma,2026-06-05,Chepauk Black Soil,Low,106.28617194311612,9.505020775962384,0.9715421261746264,4.839812249828745,0.7482371613669564
Rohit Sharma,2026-06-05,Eden Gardens Clay,High,108.13363160687958,9.234289086852812,0.24133390247384034,5.558482656814992,0.6310235859181073
Rohit Sharma,2026-06-05,Wankhede Red Soil,High,106.21562705159263,14.430632001256082,-0.4354958062959295,7.021616630816836,0.6394853178856975
Rohit Sharma,2026-06-05,Eden Gardens Clay,High,103.73437814985692,8.203771919134581,-3.355793264314677e-05,3.685702602953196,0.7956432651484641
Rohit Sharma,2026-06-05,Chepauk Black Soil,High,96.76852009985325,9.473953073387815,-0.5630215572163888,6.694685054430738,0.8192588731435522
Rohit Sharma,2026-06-05,Eden Gardens Clay,Low,116.86279422260185,13.693191200532507,-0.6715171990276612,3.1545571888695685,0.9861948459695091
Rohit Sharma,2026-06-05,Chepauk Black Soil,Low,109.80739658526974,15.498388764942309,-0.3542579322880022,4.860021814214766,0.773680702076056
Rohit Sharma,2026-06-05,Chepauk Black Soil,Low,106.663528596486,13.95595000223004,0.22119772208644178,4.60902241854556,0.5035826121019269
Rohit Sharma,2026-06-05,Wankhede Red Soil,High,113.68303061429854,15.064241622500187,-0.10936566575143997,6.955998201678181,1.0831974306629484
Rohit Sharma,2026-06-05,Wankhede Red Soil,High,100.62444862650595,11.876764205676565,0.6053857877293265,5.2798785937244395,1.04089342513357
Rohit Sharma,2026-06-05,Wankhede Red Soil,Low,118.3507934836932,8.317973112246483,-0.5276390135814231,6.039818506868419,0.676904091890837
Rohit Sharma,2026-06-05,Eden Gardens Clay,High,102.76411008057516,14.690460547231904,0.49503594528014516,4.401427209473601,0.5984015691671216
Rohit Sharma,2026-06-05,Eden Gardens Clay,High,110.78102792833414,9.070187463147366,0.3257975684200003,2.1572967966783265,0.5630271322828122
Rohit Sharma,2026-06-05,Chepauk Black Soil,High,101.2439990419612,11.904890459519121,0.9750626079880501,7.016230769915688,0.5744623818365279
Rohit Sharma,2026-06-05,Chepauk Black Soil,High,108.18461192293645,15.076747404622441,0.9639211931862333,7.402373288763418,0.7443487382394754
Rohit Sharma,2026-06-05,Eden Gardens Clay,Low,111.74280840323854,9.134754102203216,0.5825550102942909,3.2906393753211076,0.5483466158231461
Rohit Sharma,2026-06-05,Eden Gardens Clay,Low,103.20741235793672,11.857965886471295,-0.8025267179874354,6.475489388278499,0.5568860405112048
Rohit Sharma,2026-06-05,Chepauk Black Soil,Low,115.82002906427496,12.82366308511507,0.9331186081696273,1.7982588677961808,0.6588049759619344
Rohit Sharma,2026-06-05,Wankhede Red Soil,High,104.39509471286344,8.978909513160986,0.38459978703411263,8.260017121675157,1.1513483961413726
Rohit Sharma,2026-06-05,Eden Gardens Clay,High,108.94507629828377,10.987988184796457,-0.832585568716709,4.731284579839687,0.8365663499116793
Rohit Sharma,2026-06-05,Chepauk Black Soil,Low,103.74533674540572,13.849315913564178,-0.32182714816747726,3.4613100509136823,0.4689242362486681
Rohit Sharma,2026-06-05,Chepauk Black Soil,High,102.5899767857702,8.393211045054663,-1.0069251817333282,6.5685404084191035,0.7758194953042135
Rohit Sharma,2026-06-05,Wankhede Red Soil,Low,106.1143460890974,9.707349384987442,-0.3119915567546032,2.562152065833025,0.6585112750257404
Rohit Sharma,2026-06-05,Chepauk Black Soil,High,95.89114818125957,13.135360260653329,-0.9781656262363436,6.3962292300142165,0.5695473846281971
MS Dhoni,2026-06-05,Wankhede Red Soil,High,106.82878394422919,11.368717108899963,-0.45522941307912235,5.610596045746895,0.6850611894248915
MS Dhoni,2026-06-05,Chepauk Black Soil,Low,102.12941993954139,11.703174357544121,-0.9818960605371504,3.7649211215277223,0.6178429757581821
MS Dhoni,2026-06-05,Wankhede Red Soil,Low,117.15547520219302,15.179226126927341,-0.4965208292030733,4.446885073192978,0.6716313703295749
MS Dhoni,2026-06-05,Chepauk Black Soil,High,104.67895831363111,12.594242055483274,-0.3680207393646904,4.682275851909194,0.7983254981707402
MS Dhoni,2026-06-05,Chepauk Black Soil,High,108.39603135368435,12.210915055220886,-0.35511944739968093,7.047942204375402,0.5051977488011847
MS Dhoni,2026-06-05,Wankhede Red Soil,Low,103.38674685572622,13.465581542511046,0.7281218637272366,2.8861358657470615,0.7623089427914802
MS Dhoni,2026-06-05,Chepauk Black Soil,Low,107.02298264553288,12.718383455330217,1.0255999447597928,2.9200028002300886,0.584017243007509
MS Dhoni,2026-06-05,Wankhede Red Soil,Low,108.14900446512672,12.21739662082079,0.6912052323432702,4.847045567063005,1.084805588782487
MS Dhoni,2026-06-05,Eden Gardens Clay,High,113.72100506043714,12.209449661032682,-0.5075140433254206,2.7370271650590663,0.8119809157401778
MS Dhoni,2026-06-05,Wankhede Red Soil,High,106.85871922718862,10.54329305120561,0.10468265265318788,3.144469494727873,0.8019601791907291
MS Dhoni,2026-06-05,Wankhede Red Soil,Low,109.52149272199598,13.789068366612996,0.6606964806774317,5.309293400867203,0.7990182112255708
MS Dhoni,2026-06-05,Wankhede Red Soil,High,105.00347028458967,10.862645786004745,-0.13657773866061104,9.55868743059899,1.1493962408375893
MS Dhoni,2026-06-05,Wankhede Red Soil,High,108.55463118794867,11.044156657163157,0.4287121209854986,4.557833084282651,0.7077895156164127
MS Dhoni,2026-06-05,Chepauk Black Soil,Low,111.28554281786055,15.381698123039598,0.17570512333027552,5.619494668663977,0.8168178285639104
MS Dhoni,2026-06-05,Wankhede Red Soil,Low,102.6346879784176,8.711779397540134,-0.10420558644648709,5.98796354477527,0.6672701829192835
MS Dhoni,2026-06-05,Eden Gardens Clay,High,110.06659458129953,9.196298846611757,-0.5523752469071663,4.971798057693356,0.9048509450648412
MS Dhoni,2026-06-05,Eden Gardens Clay,Low,105.07651980247104,12.79372776502473,0.9554383326908871,5.987986567362956,0.9954921786360111
MS Dhoni,2026-06-05,Chepauk Black Soil,High,102.20424802898269,10.007135861334113,0.4565294775432526,5.278929151111796,0.8307598992827665
MS Dhoni,2026-06-05,Wankhede Red Soil,Low,108.39230137492268,10.54172264736437,0.7418001033920127,6.946131072276827,0.8233745087520498
MS Dhoni,2026-06-05,Wankhede Red Soil,Low,108.05285939341846,9.422845070116342,-0.08765961045283284,3.8623452593790972,0.8410050403768211
MS Dhoni,2026-06-05,Chepauk Black Soil,Low,117.81144031263679,11.248320244670682,-1.2969182097771035,5.0712085834850615,0.49014285319113204
MS Dhoni,2026-06-05,Eden Gardens Clay,Low,114.96490207130256,12.462979638601043,0.1581268945389649,4.440328849408097,0.8392666298554982
MS Dhoni,2026-06-05,Wankhede Red Soil,High,105.70681650456743,13.59738337398393,0.2720507191283959,5.6418111898942245,0.9712046357538351
MS Dhoni,2026-06-05,Chepauk Black Soil,Low,106.31876311961754,14.845325587784583,-0.2579730440212981,6.484353378396973,0.7629197794070659
MS Dhoni,2026-06-05,Chepauk Black Soil,Low,107.32055457685772,15.966959292149937,0.05240536931836992,5.8329721189263495,0.6465376691487321
MS Dhoni,2026-06-05,Wankhede Red Soil,Low,100.33875346351026,15.89245146433528,-0.10757359836634298,5.592560088228642,0.6950333527788829
MS Dhoni,2026-06-05,Eden Gardens Clay,Low,104.29012748975514,12.743726910568952,-0.5836390704390817,3.2294808638077095,0.9869644177088281
MS Dhoni,2026-06-05,Wankhede Red Soil,Low,100.09776938576537,14.713523371143697,-0.27392951507364016,2.3493850794605287,0.7416467705164287
MS Dhoni,2026-06-05,Eden Gardens Clay,High,110.78021414708762,8.75009570636983,0.9982263671272895,7.107004432457276,0.9879521132989184
MS Dhoni,2026-06-05,Wankhede Red Soil,High,111.70181473971685,9.848912412805433,-0.27068879478549696,5.1670899833218344,0.9929394904749014
MS Dhoni,2026-06-05,Wankhede Red Soil,High,96.09318642080903,14.153181553525153,0.41566874733819525,4.131970889891633,0.9044002908601703
MS Dhoni,2026-06-05,Wankhede Red Soil,High,110.75850678502519,14.964871581177116,-0.7418206713810864,6.045641628901897,0.7593008590726049
MS Dhoni,2026-06-05,Chepauk Black Soil,Low,118.73527225337875,12.110148215224541,0.06880476827077807,6.784368263514615,0.6928264293937685
MS Dhoni,2026-06-05,Chepauk Black Soil,High,107.38046103611171,8.083762126398119,0.28749771501426735,9.020387171725474,0.7901206724420424
MS Dhoni,2026-06-05,Wankhede Red Soil,High,102.69857764000412,10.577761649056868,0.0719806926559885,4.684125917514655,1.165965073890225
MS Dhoni,2026-06-05,Wankhede Red Soil,Low,110.53393189203865,15.97080412542837,0.21978029357763643,6.4360879866192295,1.1497252694931965
MS Dhoni,2026-06-05,Wankhede Red Soil,High,109.4421437268093,12.427064145476347,-0.5740349395155638,4.979652800423595,0.9210179428429088
MS Dhoni,2026-06-05,Eden Gardens Clay,High,109.83171713098815,15.702211525163147,0.2023804334061199,2.414558012296753,0.7291372203857927
MS Dhoni,2026-06-05,Chepauk Black Soil,Low,113.50228951047193,13.50427174569927,-0.49255689837101074,5.901106767690371,0.8157929546610665
MS Dhoni,2026-06-05,Eden Gardens Clay,High,102.33138754599013,15.666172720346879,-0.8333963932862831,5.557379919452957,0.5568865651968977
MS Dhoni,2026-06-05,Eden Gardens Clay,High,97.35444851286852,11.26722908141827,0.5049889827351424,5.300746090510511,0.6267056338853942
MS Dhoni,2026-06-05,Chepauk Black Soil,Low,119.62820804031024,9.126107463815451,-0.9074920136629024,3.9682231945801543,0.6795280087900644
MS Dhoni,2026-06-05,Eden Gardens Clay,Low,109.57556264759911,13.69180575286126,-0.7383511642687233,1.7528464020930432,0.9211278060980385
MS Dhoni,2026-06-05,Wankhede Red Soil,High,99.6124138824851,11.732082804938509,0.7343738007339866,5.731691060515297,0.670994689869167
MS Dhoni,2026-06-05,Wankhede Red Soil,Low,115.58100322169473,10.268542687966617,0.2335918585170667,2.660188685090174,1.1417671205771511
MS Dhoni,2026-06-05,Eden Gardens Clay,High,102.41318021385972,8.18371194735714,-0.49699354649037875,5.143526351057649,0.8823978877405507
MS Dhoni,2026-06-05,Wankhede Red Soil,Low,114.08033320575163,8.748469826642438,0.15097179126497873,1.6954023094561002,0.6215564073640433
MS Dhoni,2026-06-05,Wankhede Red Soil,Low,103.89851028384305,14.44856293011356,0.3155933707093015,2.221150629219566,1.1185723684293318
MS Dhoni,2026-06-05,Chepauk Black Soil,Low,108.93524558208983,9.076613918659373,0.14813347152331652,5.316874833984281,0.7450061239182736
MS Dhoni,2026-06-05,Wankhede Red Soil,Low,101.13854483240733,8.79973853191018,0.160539135649897,1.8308778090802502,1.1432438480534814
MS Dhoni,2026-06-05,Wankhede Red Soil,High,96.49901428067709,15.614048208057365,-0.23475008861053298,8.868303382311732,1.1655924335099628
MS Dhoni,2026-06-05,Chepauk Black Soil,Low,112.58143258862634,10.979786507847848,-1.0763935625059753,2.1177173238043516,0.7840293888574286
MS Dhoni,2026-06-05,Chepauk Black Soil,Low,104.2674870183449,11.2186633045498,0.5551810857248899,6.506019337076925,0.49770850387581445
MS Dhoni,2026-06-05,Eden Gardens Clay,Low,110.13601727622327,14.024159272360308,0.1276864122947976,2.038538293741831,0.9395701079401794
Jasprit Bumrah,2026-06-05,Chepauk Black Soil,High,131.71431769094482,11.167248257080892,-0.8890964092904611,5.748559798616785,1.0916022813379411
Jasprit Bumrah,2026-06-05,Eden Gardens Clay,Low,141.97986744262326,9.865279319510776,0.2356761102940046,2.7361642173820884,1.0270355990209221
Jasprit Bumrah,2026-06-05,Eden Gardens Clay,High,139.73671684359056,10.507328792992617,0.47651628346896446,3.337501672536032,1.210140994339954
Jasprit Bumrah,2026-06-05,Wankhede Red Soil,High,129.99134049953926,12.927443467215937,-0.705459397507421,7.504109554695072,1.539855193034002
Jasprit Bumrah,2026-06-05,Wankhede Red Soil,High,126.986152957627,10.65552625344722,-0.05608409713618574,3.1434272073192693,1.6154031462136493
Jasprit Bumrah,2026-06-05,Chepauk Black Soil,Low,130.2036409784629,8.364105790733795,-1.0527242858647499,4.565370029059305,0.7573607222841475
Jasprit Bumrah,2026-06-05,Wankhede Red Soil,Low,139.5074594201277,9.622651727811139,-0.14982257256378892,3.134686694629003,0.9792045358274357
Jasprit Bumrah,2026-06-05,Wankhede Red Soil,High,137.40404890353966,8.132676248915121,0.5198693176877498,5.908655493809843,1.2656284559018822
Jasprit Bumrah,2026-06-05,Eden Gardens Clay,High,128.52843446294182,14.331139596806867,0.7584392673921001,6.7048484145,0.8155800241717417
Jasprit Bumrah,2026-06-05,Eden Gardens Clay,Low,138.01764461212986,14.850906690437178,0.28843756729930425,6.37782703404665,0.9450553996351776
Jasprit Bumrah,2026-06-05,Chepauk Black Soil,High,126.86398773566948,14.616946355325876,-1.0552254379053467,5.810017790451942,0.7302999435996957
Jasprit Bumrah,2026-06-05,Eden Gardens Clay,Low,145.09010422150055,13.085615457656917,-0.14526591803330802,4.889158984947413,1.3759836363088596
Jasprit Bumrah,2026-06-05,Eden Gardens Clay,High,131.43860025040183,9.129789552948946,-0.9699374479004224,4.92936911177075,1.1931433970937264
Jasprit Bumrah,2026-06-05,Chepauk Black Soil,Low,148.56337020047513,10.992387044974093,-0.8544305014235868,5.520402645416141,0.7432844999165126
Jasprit Bumrah,2026-06-05,Wankhede Red Soil,Low,130.85481805011406,13.679199274671467,-0.10667842111722942,4.783583118971301,1.38399266547835
Jasprit Bumrah,2026-06-05,Eden Gardens Clay,Low,133.37659829160756,15.181918697970003,-0.11626605416187208,4.26985152719962,1.112173623824423
Jasprit Bumrah,2026-06-05,Wankhede Red Soil,High,131.3965184910596,8.691856927133282,0.7715204478070297,6.912383378096808,1.6297031003258922
Jasprit Bumrah,2026-06-05,Wankhede Red Soil,High,138.4841839352359,12.875018666284149,0.30182293452357245,6.82440301020622,1.5239181457828208
Jasprit Bumrah,2026-06-05,Chepauk Black Soil,High,138.69287193610316,13.467762115314587,0.13882403878697067,3.3877714244251624,1.2253510442447113
Jasprit Bumrah,2026-06-05,Wankhede Red Soil,High,124.45642163504368,11.283250883471194,-0.7918336700558335,6.389720083171264,0.992298800826862
Jasprit Bumrah,2026-06-05,Chepauk Black Soil,Low,136.61139972801195,15.872690637239199,0.29685576835638455,3.5960466760424628,1.1664050184505115
Jasprit Bumrah,2026-06-05,Eden Gardens Clay,Low,145.21213127579713,9.070400638238503,0.14563533099861314,4.223346617332808,1.3440665808700774
Jasprit Bumrah,2026-06-05,Eden Gardens Clay,High,125.63531378987608,13.07765279271188,0.22395794839215832,7.482167785377583,0.9165963715877894
Jasprit Bumrah,2026-06-05,Wankhede Red Soil,Low,141.3665432623275,15.666157189983487,-0.07210267820965087,6.975716835226395,1.4869811168324365
Jasprit Bumrah,2026-06-05,Wankhede Red Soil,High,139.78301597799106,10.431206516535367,-0.6157520358708624,6.546320943061625,0.9849170326447905
Jasprit Bumrah,2026-06-05,Chepauk Black Soil,High,143.25763921221665,11.986127348700746,-1.2748345886931982,8.004530608376017,1.1543539399390395
Jasprit Bumrah,2026-06-05,Eden Gardens Clay,High,136.233420903421,12.537306938409063,-0.9955777948220581,3.0887160521019066,0.9402774597537934
Jasprit Bumrah,2026-06-05,Wankhede Red Soil,High,123.8056971325711,12.32517073426037,-0.5926283879054054,8.013549087080676,1.313888945735987
Jasprit Bumrah,2026-06-05,Wankhede Red Soil,High,135.22041826855474,8.324410973402312,-0.7072639679834176,1.8453148526722039,1.1233721587147236
Jasprit Bumrah,2026-06-05,Chepauk Black Soil,Low,135.15467866490837,12.644949703125024,0.05489032591717644,1.9676914084073591,0.7693335772314845
Jasprit Bumrah,2026-06-05,Wankhede Red Soil,Low,143.53526926622058,10.482109447772647,-0.25669973930666073,6.515494185184284,1.312481903960325
Jasprit Bumrah,2026-06-05,Wankhede Red Soil,High,122.66714781421992,12.30463825548696,-0.622384216745569,7.990103774120279,1.439921321096417
Jasprit Bumrah,2026-06-05,Eden Gardens Clay,Low,146.99009049959926,10.655448574768856,0.23283616347849323,2.8530154900495184,0.9660406534871383
Jasprit Bumrah,2026-06-05,Chepauk Black Soil,High,127.48976153371203,12.404725877211257,0.4372614986351248,6.526422257641847,0.9397324365922334
Jasprit Bumrah,2026-06-05,Eden Gardens Clay,High,121.23596982807388,10.63914327498075,-0.3055650158577574,3.4931028940225137,1.4408388150049039
Jasprit Bumrah,2026-06-05,Wankhede Red Soil,Low,131.40335842971987,13.609631571631141,0.00298180623824873,6.895132769351902,1.2156098431160538
Jasprit Bumrah,2026-06-05,Wankhede Red Soil,High,129.6872968469591,8.288575491583815,0.5311329386882797,4.57914198450398,1.3013896055418928
Jasprit Bumrah,2026-06-05,Wankhede Red Soil,High,140.6070896552764,13.400697402315757,-0.42132395324384153,6.549683837082824,1.1830708662354805
Jasprit Bumrah,2026-06-05,Wankhede Red Soil,Low,132.0952258766314,9.08989032575412,0.08358351444095327,2.5220064248524414,1.1693098682840237
Jasprit Bumrah,2026-06-05,Wankhede Red Soil,High,124.78978423788583,13.701830786379896,0.32216028582994594,2.0987489491800377,1.4081971580646235
Jasprit Bumrah,2026-06-05,Wankhede Red Soil,High,124.97701719768955,11.02987063347448,-0.07931262869940028,3.091190880835545,1.5964213548259476
Hardik Pandya,2026-06-05,Chepauk Black Soil,Low,134.00351947642852,13.637387300355682,-0.110013268417685,2.7302388863179443,0.738923612578533
Hardik Pandya,2026-06-05,Eden Gardens Clay,Low,149.67122407797814,8.439494173207365,-0.8549302631535194,2.8723843375898546,1.3457275428472975
Hardik Pandya,2026-06-05,Wankhede Red Soil,High,138.641706893206,14.350055880606828,0.37272648965524535,6.11245115110947,1.430722173061437
Hardik Pandya,2026-06-05,Chepauk Black Soil,High,133.95612417292068,15.926171436102011,0.06121856964365993,7.28916229565912,0.7544491107358036
Hardik Pandya,2026-06-05,Wankhede Red Soil,High,139.99605773324404,13.633167606147577,-0.7560757131680331,7.060352146230605,1.7501605341001216
Hardik Pandya,2026-06-05,Wankhede Red Soil,Low,149.01252097154747,14.541315039819757,-0.4595988242985751,6.8363572096576695,1.6916849692537468
Hardik Pandya,2026-06-05,Eden Gardens Clay,Low,137.72148239946108,11.861347966943397,-0.3830138337689837,5.472877579448708,1.4463971594262088
Hardik Pandya,2026-06-05,Chepauk Black Soil,High,126.82173972459162,11.871368267582561,-0.2601297724856853,7.678821781967669,0.8492161888367553
Hardik Pandya,2026-06-05,Eden Gardens Clay,Low,143.71520007749237,15.110260821175347,-0.7266592445668407,2.0935423231418495,1.3607035635921279
Hardik Pandya,2026-06-05,Wankhede Red Soil,High,131.6273010843763,8.39021328782965,-0.4507750750301927,9.268328240740654,1.3737597317998556
Hardik Pandya,2026-06-05,Wankhede Red Soil,High,124.54521468507737,8.115524285419497,0.23723081101351476,5.923820152026219,1.5498711883773855
Hardik Pandya,2026-06-05,Eden Gardens Clay,Low,143.35237034101007,12.849588960044404,0.6999447163267254,3.2759907684576666,1.4950850042084456
Hardik Pandya,2026-06-05,Chepauk Black Soil,High,134.16382809137133,13.135826640016962,-0.9867395768733179,8.309493752805597,0.6957990431307334
Hardik Pandya,2026-06-05,Eden Gardens Clay,High,137.74113279363044,8.16518445467459,0.6755654785610972,5.428755165125481,1.3266027284801007
Hardik Pandya,2026-06-05,Wankhede Red Soil,Low,133.8616484099014,11.048783853741988,-0.6200813520415758,2.4022053631771345,0.9938545186583456
Hardik Pandya,2026-06-05,Chepauk Black Soil,High,129.79238266590846,8.405064740543146,-0.9970166162521336,4.216593844234777,1.1233310196011193
Hardik Pandya,2026-06-05,Eden Gardens Clay,Low,140.86244675054908,9.668266363625406,-0.9924068780843627,5.753834946339111,1.295224665153854
Hardik Pandya,2026-06-05,Chepauk Black Soil,Low,138.7993873043866,9.359983165219063,-1.1693028523205438,6.374789366580745,1.257877781725063
Hardik Pandya,2026-06-05,Wankhede Red Soil,Low,138.41454745127487,10.253846887983201,-0.5996908710118988,1.7116468441441286,1.6734705595386734
Hardik Pandya,2026-06-05,Eden Gardens Clay,High,125.80956815212808,14.14205958293767,-0.21496860654766503,7.025010678138847,0.9367935337869312
Hardik Pandya,2026-06-05,Wankhede Red Soil,High,133.46235526850663,11.105958881130576,-0.659611682128486,6.404246427631247,1.5468373087091132
Hardik Pandya,2026-06-05,Chepauk Black Soil,High,142.53055212898977,15.533297067852445,-0.40919391112131104,7.105854090933563,1.156074172415007
Hardik Pandya,2026-06-05,Eden Gardens Clay,High,129.68299552282602,9.056103562920917,0.6732170177531502,5.3428324049704425,1.2007618266579705
Hardik Pandya,2026-06-05,Wankhede Red Soil,High,129.19930356541178,10.150725009136835,-0.24341924955128108,6.324764890887,1.5009270602070848
Hardik Pandya,2026-06-05,Eden Gardens Clay,Low,144.07513811200664,11.133854808108039,-0.4394768296137306,1.580089974993775,0.8415951757794018
Hardik Pandya,2026-06-05,Eden Gardens Clay,Low,139.82185067584783,11.052078150210205,-0.7898185239342659,4.775135326682944,1.245205183954305
Hardik Pandya,2026-06-05,Wankhede Red Soil,High,140.35009182804305,8.349064793110891,-0.2390603263660962,5.875917019682551,1.4851847006770942
Hardik Pandya,2026-06-05,Chepauk Black Soil,High,123.81162543158854,9.516161103254703,0.43499887027447337,2.3831219419308662,1.044363283342121
Hardik Pandya,2026-06-05,Chepauk Black Soil,High,126.1204642427832,11.569312836405103,0.8526204694131677,6.594467485679841,0.7529635673516882
Hardik Pandya,2026-06-05,Eden Gardens Clay,High,122.19695456784943,12.23503908808458,0.7550070290406441,2.8449959706649133,1.1633839083891664
Hardik Pandya,2026-06-05,Wankhede Red Soil,Low,131.77768463996682,13.854097375641814,0.750285766438225,3.0013107427777883,1.685558522327819
Hardik Pandya,2026-06-05,Eden Gardens Clay,High,124.25570212794779,13.87446744300197,-0.8491800237784506,4.907506747417036,1.080496367554191
Hardik Pandya,2026-06-05,Wankhede Red Soil,High,133.32531338774638,8.381624345276524,0.05067872349185443,4.648264328458013,1.1124666014613613
Hardik Pandya,2026-06-05,Eden Gardens Clay,Low,136.3716882823861,8.145408275828768,0.26445637372644115,4.93125722323449,0.812968550770542
Ravindra Jadeja,2026-06-05,Eden Gardens Clay,Low,84.55783878244831,15.492812661668058,-1.7321019972138458,5.1048687405732185,0.7457538795858604
Ravindra Jadeja,2026-06-05,Chepauk Black Soil,Low,97.56690667999581,10.024221647991045,-2.454915459833686,4.493578473289104,0.6298953417421742
Ravindra Jadeja,2026-06-05,Wankhede Red Soil,High,75.94616140168068,14.624911608488695,-2.2699933277458997,7.06519357921926,0.6508404754816842
Ravindra Jadeja,2026-06-05,Wankhede Red Soil,Low,92.35965846287257,9.066647793718541,0.5321797478612943,5.608060169687768,0.619634354054012
Ravindra Jadeja,2026-06-05,Eden Gardens Clay,High,95.1680325906523,15.760120935370637,-0.34282580588994715,8.413778331012105,0.5025221499009249
Ravindra Jadeja,2026-06-05,Eden Gardens Clay,Low,91.39997506802622,12.274623352402182,-0.9059888432127412,6.690453605441112,0.8179951175042952
Ravindra Jadeja,2026-06-05,Eden Gardens Clay,High,78.01973148826134,8.579243916280863,-3.6865563743215306,5.743499892320936,0.5545521417971526
Ravindra Jadeja,2026-06-05,Eden Gardens Clay,Low,88.38465185540105,13.116692821644365,-1.6646274529810237,5.792185806751411,0.8166132225313276
Ravindra Jadeja,2026-06-05,Eden Gardens Clay,High,88.32271081069675,8.521398804757327,-0.09374055648803825,6.808753308715989,0.8069942186109018
Ravindra Jadeja,2026-06-05,Eden Gardens Clay,Low,97.38137231531456,12.525302529110332,-1.8798638681111202,2.7757517577575537,0.8247755947528113
Ravindra Jadeja,2026-06-05,Wankhede Red Soil,Low,92.80224379163089,12.029951862600127,-2.676188019949759,3.8813037326541755,0.5748873437863001
Ravindra Jadeja,2026-06-05,Wankhede Red Soil,Low,91.98432207587148,9.054864477406435,1.0867301459449628,5.945216694330428,0.6969768134960932
Ravindra Jadeja,2026-06-05,Wankhede Red Soil,High,95.07622911515013,12.947336942293775,0.9303876879480755,2.2958998982392704,0.7887283365524903
Ravindra Jadeja,2026-06-05,Wankhede Red Soil,Low,95.95502182370379,14.862505514973439,2.8027650744569446,3.2083112606130864,0.7681400965006061
Ravindra Jadeja,2026-06-05,Chepauk Black Soil,High,77.7089249904016,12.968229010693152,-0.35959197722681563,9.648228551289408,0.6514425449376354
Ravindra Jadeja,2026-06-05,Wankhede Red Soil,Low,80.79231940526793,11.829431914296464,3.1797047534017597,6.894091209591012,1.0140938362050556
Ravindra Jadeja,2026-06-05,Chepauk Black Soil,Low,90.96397373758197,11.413699026949438,0.2701350760204533,4.675547818331818,0.7183594399715311
Ravindra Jadeja,2026-06-05,Wankhede Red Soil,High,95.30456191243542,9.127595736116998,-3.1380211574197285,3.9398946774658827,0.878460784810249
Ravindra Jadeja,2026-06-05,Wankhede Red Soil,Low,81.67691342733261,8.987735209585974,-1.6138120488395815,2.0199996530299975,0.5792337567056711
Ravindra Jadeja,2026-06-05,Wankhede Red Soil,Low,97.30681196753116,11.500621006405188,-0.06947011743067577,2.9110032126378718,1.078015928327119
Ravindra Jadeja,2026-06-05,Chepauk Black Soil,High,77.17445407630315,14.177963855588825,-0.1976284268778052,5.868371700663659,0.7169847463703554
Ravindra Jadeja,2026-06-05,Chepauk Black Soil,Low,93.89027978536039,8.594859393348003,1.4995282841451738,4.683442160417682,0.5783688871794921
Ravindra Jadeja,2026-06-05,Wankhede Red Soil,High,83.58838228656195,10.173282946483777,-3.139580791538054,4.445723745164308,0.8000388546261371
Ravindra Jadeja,2026-06-05,Chepauk Black Soil,High,90.82193661327204,15.784642835596646,-3.6729814950417596,5.0047465727969715,0.36998460985682374
Ravindra Jadeja,2026-06-05,Chepauk Black Soil,High,82.09389102256105,8.733757238163133,1.1448799960880764,7.385635946420893,0.6248013335046487
Ravindra Jadeja,2026-06-05,Chepauk Black Soil,High,79.96703268024264,12.141704044683383,1.8948762256465193,3.1875287097982747,0.6667929527891395
Ravindra Jadeja,2026-06-05,Eden Gardens Clay,High,86.65161610294975,14.589058440568392,3.2596086079427975,4.746505336926843,0.617691614317503
Ravindra Jadeja,2026-06-05,Chepauk Black Soil,Low,81.53903352234259,10.93062548192612,4.472185481329092,2.263057169347646,0.43568882932596475
Ravindra Jadeja,2026-06-05,Wankhede Red Soil,Low,80.52539289895344,15.95746496957074,0.4855349478887817,3.9554019299629615,0.8534896767943824
Ravindra Jadeja,2026-06-05,Eden Gardens Clay,Low,92.11905956505106,12.47085627352,-2.3675137646079953,5.58518754105675,0.8435744929891198
Ravindra Jadeja,2026-06-05,Wankhede Red Soil,High,91.59536748027303,14.177046127105262,2.752375542642095,2.2618449627101236,0.5220790406249493
Ravindra Jadeja,2026-06-05,Wankhede Red Soil,Low,82.45287438760543,11.71995936762236,0.394434556558484,3.7515001370027568,0.5417969467125273
Ravindra Jadeja,2026-06-05,Chepauk Black Soil,High,92.97456101860202,14.674850739006702,-4.347433945738668,7.03648053518751,0.7047407852242914
Ravindra Jadeja,2026-06-05,Wankhede Red Soil,High,91.3871177183565,10.290993074214846,1.2763514378998353,7.815043392228688,0.7580249432525502
Ravindra Jadeja,2026-06-05,Chepauk Black Soil,Low,81.488759862153,13.993463799206312,1.9416244989181797,5.300390908832609,0.6330380197500116
Ravindra Jadeja,2026-06-05,Eden Gardens Clay,Low,97.43488286599163,10.810767487179898,-3.1270502550489185,5.3212400842795535,0.5210936027696349
Ravindra Jadeja,2026-06-05,Wankhede Red Soil,High,87.13560762902225,11.538324599725048,0.763880046963098,3.1521201795355243,0.8668882310902746
Ravindra Jadeja,2026-06-05,Wankhede Red Soil,High,90.5816897777996,11.810009264008826,-0.6367286277003004,7.022927986248193,0.6462657246827013
Ravindra Jadeja,2026-06-05,Wankhede Red Soil,High,76.02051194960825,15.463273065592697,1.903661828638792,4.226307166185698,0.731756375440406
Ravindra Jadeja,2026-06-05,Eden Gardens Clay,Low,99.14002008642699,10.57492103118771,0.32354926010916607,2.618666402554779,0.44203549466457365
Ravindra Jadeja,2026-06-05,Wankhede Red Soil,High,77.082222006362,15.540838397357,-2.9729902868692637,4.0346805578332035,0.8936196394580946
Ravindra Jadeja,2026-06-05,Chepauk Black Soil,High,86.74599179586926,11.946616862730508,-2.975471542094674,3.976629284072027,0.45114080522646877
Ravindra Jadeja,2026-06-05,Eden Gardens Clay,High,94.40821723591273,11.891410275268,1.6275825015947856,1.7130158640923543,0.8360025558617128
Ravindra Jadeja,2026-06-05,Wankhede Red Soil,Low,81.90947129911197,15.411305467085105,0.7872031906194707,5.08675173639515,0.6228109527740303
Ravindra Jadeja,2026-06-05,Eden Gardens Clay,High,76.50893546619284,12.420183519908328,2.8150830503196804,2.227548387261834,0.8314647153518827
Ravindra Jadeja,2026-06-05,Eden Gardens Clay,High,77.81538400235264,12.854780856263243,-3.8300913075254996,7.304018932492954,0.44731091982762067
Ravindra Jadeja,2026-06-05,Chepauk Black Soil,Low,92.79177976048503,10.640161674627816,-1.9058651667515694,3.0258724719511574,0.5568254327915113
Ravindra Jadeja,2026-06-05,Wankhede Red Soil,High,80.12143346167443,10.46568058219359,-2.997124607111841,3.9093819866471593,1.0671462019692324
Shubman Gill,2026-06-05,Wankhede Red Soil,High,97.11115088431866,12.379164995436255,-0.7429809229149233,8.166273977040092,0.9940635929833831
Shubman Gill,2026-06-05,Chepauk Black Soil,High,99.462712891368,8.407084641544756,0.5846835211489977,4.826902329123606,0.5686113151679159
Shubman Gill,2026-06-05,Chepauk Black Soil,Low,104.21203247550963,15.731798151482273,0.2225820715180261,4.746252702842077,0.5124215611196963
Shubman Gill,2026-06-05,Eden Gardens Clay,High,99.73768454796587,9.72083965405132,-0.6914159194041536,7.835190779941359,0.6098716266894928
Shubman Gill,2026-06-05,Chepauk Black Soil,High,101.73926167772397,12.410807831991011,0.21726343234058693,6.402578409045322,0.7978406935048554
Shubman Gill,2026-06-05,Chepauk Black Soil,High,98.31540489958901,15.791244320564235,-0.6867992404249749,4.782613768618696,0.5648275443994861
Shubman Gill,2026-06-05,Eden Gardens Clay,High,108.65987814862687,14.133358618580436,0.7743227315464984,5.966355651554596,0.9277605205481161
Shubman Gill,2026-06-05,Wankhede Red Soil,Low,103.69178898612354,14.990103494557463,0.34791933866970093,4.648811476054481,1.0181520136065523
Shubman Gill,2026-06-05,Eden Gardens Clay,Low,102.28257713092316,12.450035734519314,-0.08056111441915692,4.360744172790898,0.998496216409295
Shubman Gill,2026-06-05,Wankhede Red Soil,High,113.40885155124433,12.68596487081981,0.43909790636650464,5.461738964416963,0.6158130330404382
Shubman Gill,2026-06-05,Eden Gardens Clay,Low,112.90383314799426,12.237972433947455,-0.8898497630111286,5.321912034329075,0.712237200609348
Shubman Gill,2026-06-05,Eden Gardens Clay,High,111.81467230583182,14.849783186606302,-0.504102838212227,2.657625109597864,0.6924296916909629
Shubman Gill,2026-06-05,Eden Gardens Clay,High,106.83224030772304,9.768070237552681,0.018541979896273153,3.965039369697287,0.548871840182505
Shubman Gill,2026-06-05,Chepauk Black Soil,High,95.02311961222347,12.65201257469473,-0.9182415350912005,6.669533976314574,0.42857062925856465
Shubman Gill,2026-06-05,Chepauk Black Soil,High,95.06969733009456,9.90916858929235,-0.8531465672472491,3.9696767749591007,0.572579136539085
Shubman Gill,2026-06-05,Chepauk Black Soil,High,99.5540544143792,8.150729815621283,1.0975531846621913,5.335913034130967,0.48878810553246466
Shubman Gill,2026-06-05,Eden Gardens Clay,High,110.55554328771646,11.346627627010754,-0.7947508739868796,2.0129221909236477,0.7436882351968448
Shubman Gill,2026-06-05,Wankhede Red Soil,Low,114.30342742870789,14.001148801943524,0.6882761710650285,6.8237822426049135,1.1984049774843368
Shubman Gill,2026-06-05,Wankhede Red Soil,High,111.40707213942646,11.75076158836661,-0.17195421967851382,7.131215084521336,0.7017632992829329
Shubman Gill,2026-06-05,Chepauk Black Soil,High,100.54459604708968,15.991099525773663,1.0085087821074352,3.430685684510818,0.6928459387077699
Shubman Gill,2026-06-05,Wankhede Red Soil,High,97.07421533922144,12.28866964736813,0.46278488473070767,7.071056598102317,1.1204757303866733
Shubman Gill,2026-06-05,Eden Gardens Clay,High,100.85989419708693,9.329746195503159,-0.5116898360652573,7.03762246918351,0.5370152017106644
Shubman Gill,2026-06-05,Chepauk Black Soil,Low,114.5781775196987,13.099775780940213,0.5667577917314746,4.093478716532113,0.7897846662636024
Shubman Gill,2026-06-05,Chepauk Black Soil,Low,117.19413533318549,12.695986202499622,-0.7165945538247451,3.496218171063567,0.430966913921849
Shubman Gill,2026-06-05,Chepauk Black Soil,High,108.6392352691993,12.01019114921078,-1.0406716332548545,2.266143337662493,0.7083378003442578
Shubman Gill,2026-06-05,Eden Gardens Clay,High,110.52424139712119,15.894733552663109,-0.7352368793064668,5.302462330761663,0.9745238691998815
Shubman Gill,2026-06-05,Eden Gardens Clay,Low,115.8483763353018,10.268564172358413,-0.7249725374709541,2.208501812100611,0.9726826740562164
Shubman Gill,2026-06-05,Chepauk Black Soil,Low,119.08791805080031,13.077720346539179,-0.2770224772410621,3.112933009632993,0.43528120513755636
Shubman Gill,2026-06-05,Chepauk Black Soil,High,100.67581440065958,14.640738285388398,-0.6171229318390765,7.337611553468875,0.4830178051018934
Shubman Gill,2026-06-05,Wankhede Red Soil,High,98.13811108704546,15.192645519639424,-0.5769876774998698,7.337223464159711,1.078324548034275
Shubman Gill,2026-06-05,Wankhede Red Soil,High,105.24736134770428,8.844241221643621,-0.08070978512166055,3.9088099144028874,1.173753395360736
Shubman Gill,2026-06-05,Chepauk Black Soil,Low,106.8842511618181,11.902246428512786,0.7408857456494883,2.006734068138383,0.6122278992600118
Shubman Gill,2026-06-05,Wankhede Red Soil,Low,113.07126705070289,11.411926061061049,0.6374716397354727,4.946972680148605,0.788006159688753
Shubman Gill,2026-06-05,Eden Gardens Clay,Low,114.61779594423507,11.556158604597158,-0.5994915251013031,3.881033290325777,0.5601010141827114
KL Rahul,2026-06-05,Chepauk Black Soil,High,102.39594756072962,15.086331136114108,-0.6195783106345497,5.088290584740387,0.7484548920576458
KL Rahul,2026-06-05,Chepauk Black Soil,Low,101.49978423091542,13.138753490065254,1.0389433048737664,3.5746183089796157,0.43714764588330396
KL Rahul,2026-06-05,Eden Gardens Clay,High,97.89392848973098,13.373624105256498,-0.394767396236841,4.67538874841127,0.5440782783355207
KL Rahul,2026-06-05,Chepauk Black Soil,High,93.66731604356461,9.110481468578296,1.0747852790769932,4.055724663332458,0.43008328814495783
KL Rahul,2026-06-05,Chepauk Black Soil,High,107.0149313594604,8.981270321961471,-0.33754549386549443,8.106466243943183,0.7024137322335354
KL Rahul,2026-06-05,Chepauk Black Soil,Low,119.90932326723131,8.59298529878884,1.1183259165250805,1.9985088465224483,0.830413227671059
KL Rahul,2026-06-05,Wankhede Red Soil,Low,102.36923764616353,10.745864921993334,-0.3826917367380247,2.473446028043444,0.9049833538200549
KL Rahul,2026-06-05,Eden Gardens Clay,High,116.39230377600599,8.209314699158197,0.049647352944462986,3.7080662251657177,0.96600197791437
KL Rahul,2026-06-05,Eden Gardens Clay,High,94.72743735818315,14.187809470840122,0.06577368249189086,8.623925258005544,0.5305119870089212
KL Rahul,2026-06-05,Wankhede Red Soil,Low,109.75772971585415,8.157880313557643,-0.5993092503646184,6.404084381126614,1.0946613984451452
KL Rahul,2026-06-05,Wankhede Red Soil,Low,101.73775889565216,14.61422306073877,-0.3689296183923141,2.2911150357040326,1.000358793034075
KL Rahul,2026-06-05,Chepauk Black Soil,High,107.09542120003432,13.48599806222391,-0.7020863399571591,6.97808317380306,0.7368017719469044
KL Rahul,2026-06-05,Wankhede Red Soil,High,105.24633504466397,11.27860813950836,0.04642501600809901,3.1965404819924865,0.7799161727719973
KL Rahul,2026-06-05,Eden Gardens Clay,High,101.76699909317684,15.302242163184326,-0.5477288009246608,7.188851324464363,0.922869985479334
KL Rahul,2026-06-05,Chepauk Black Soil,High,103.21560207493476,11.55890605345823,1.2876751422551864,7.210321666072338,0.770096857344397
KL Rahul,2026-06-05,Eden Gardens Clay,Low,102.72043188493514,12.274117783832784,0.3330791952051626,4.67676200207083,0.9534957318411236
KL Rahul,2026-06-05,Chepauk Black Soil,High,94.21775933106686,14.837854256704272,0.6549624199025857,3.3572816017787326,0.44390572188719535
KL Rahul,2026-06-05,Eden Gardens Clay,Low,117.68188090879781,12.353253139370489,0.8392745593676962,6.760441761767439,0.5976706728679513
KL Rahul,2026-06-05,Chepauk Black Soil,High,112.39266290140189,8.350495151579397,1.0870184119152144,3.606088346925326,0.7100787512213521
KL Rahul,2026-06-05,Wankhede Red Soil,High,106.31236082456586,13.553168349047011,-0.5497683062203322,3.1313877406795068,0.8428887542351131
KL Rahul,2026-06-05,Chepauk Black Soil,High,99.84006953759284,12.183573106960324,1.1385525708117052,6.890836334664275,0.8406225416409161
KL Rahul,2026-06-05,Chepauk Black Soil,High,110.95571330604027,9.791661917590876,-1.095000658701066,3.019334805244209,0.48237298054777406
KL Rahul,2026-06-05,Eden Gardens Clay,Low,102.26398125351066,13.584008833265678,-0.24462531761998307,2.553339739175324,0.8119836701377936
KL Rahul,2026-06-05,Eden Gardens Clay,High,109.9401237620635,9.515421560930855,-0.07384185099774343,5.433092821983035,0.9928627072589127
KL Rahul,2026-06-05,Wankhede Red Soil,Low,107.43922018877905,13.485384167564732,-0.6739984025792615,6.74178845327503,0.8334312569511488
KL Rahul,2026-06-05,Eden Gardens Clay,High,97.80070184636433,15.04035416134914,-0.575649721452768,6.226565575480389,0.9720244103497411
KL Rahul,2026-06-05,Chepauk Black Soil,Low,112.52762887190312,13.123152492446659,-0.22861884265166274,3.6295422544398313,0.7350263938912678
KL Rahul,2026-06-05,Eden Gardens Clay,High,111.87777369119986,15.021374007759682,0.32167666736263034,5.490779413067659,0.8137113788775638
KL Rahul,2026-06-05,Wankhede Red Soil,High,107.51462597559821,13.490675472902407,0.5295650832190084,6.985054762206734,0.9450937297273891
KL Rahul,2026-06-05,Wankhede Red Soil,High,110.16041394395977,13.320910097703269,0.09327077707728222,5.90444652964535,0.9648456558961449
KL Rahul,2026-06-05,Chepauk Black Soil,High,102.80461743794952,15.853954973755565,0.2738450690600963,5.29230970874603,0.8320905009162151
KL Rahul,2026-06-05,Chepauk Black Soil,Low,111.75332816237497,15.61632782450473,0.9413935258764791,2.4091514026361267,0.6891413843603313
KL Rahul,2026-06-05,Wankhede Red Soil,High,106.96545551800989,12.444796805123822,-0.13162157062921925,4.692045725890384,0.7561728348831062
KL Rahul,2026-06-05,Wankhede Red Soil,Low,101.793376126904,14.72242913245072,0.4928385702112976,6.19280081085734,1.0456688264293619
KL Rahul,2026-06-05,Eden Gardens Clay,Low,103.31182796196771,15.41600626517825,0.182991072961614,6.0731646930174685,0.6608835176401224
KL Rahul,2026-06-05,Chepauk Black Soil,Low,114.29896704138312,12.170615852991133,-0.30519528782241784,4.344845133721247,0.6729581037763208
KL Rahul,2026-06-05,Chepauk Black Soil,High,95.89198161643105,9.395843754441636,0.5206909030123503,5.88853356557777,0.8206092245001682
KL Rahul,2026-06-05,Chepauk Black Soil,Low,103.6158133074272,10.993079243586754,-1.1910038228341007,4.916063615679732,0.805816430584821
KL Rahul,2026-06-05,Eden Gardens Clay,High,94.13634140117294,14.141975146054797,0.7457178125597634,3.2271838530101347,0.8588800872553233
KL Rahul,2026-06-05,Eden Gardens Clay,High,99.09564532910946,15.100885974825363,-0.6190408508466338,3.636520593618776,0.7588948455988611
KL Rahul,2026-06-05,Eden Gardens Clay,Low,119.53258613006241,13.446333108672397,0.8128185362598861,4.71604613807741,0.8495636492861056
KL Rahul,2026-06-05,Eden Gardens Clay,Low,103.28018760504739,15.92242026342161,0.28232883859886915,3.134436661487685,0.8258093463330345
KL Rahul,2026-06-05,Eden Gardens Clay,Low,115.0615051522659,8.024102838879186,-0.6848992910577294,5.243539141221433,0.7783102574937641
KL Rahul,2026-06-05,Chepauk Black Soil,Low,109.6231363146224,11.007727480027484,-0.5263374445420005,2.561257690653048,0.6482933037168853
Rishabh Pant,2026-06-05,Chepauk Black Soil,Low,111.25835177104311,15.345654888579542,-1.1615371461841084,4.845062723869545,0.6691479274711299
Rishabh Pant,2026-06-05,Eden Gardens Clay,Low,114.15371460874937,9.49895040550258,-0.39925638024949284,3.7960050351547445,0.5712643737018459
Rishabh Pant,2026-06-05,Eden Gardens Clay,High,94.06087462864652,12.66061660030115,-0.5298709377016189,3.9141218715470485,0.9978830247063694
Rishabh Pant,2026-06-05,Wankhede Red Soil,High,101.88475285834268,8.133407152346436,0.4293478002985994,2.006619566376416,0.7225890304673485
Rishabh Pant,2026-06-05,Eden Gardens Clay,Low,110.3831827934536,10.561579119381847,-0.49163383692813833,6.578988530401499,0.6869086147204487
Rishabh Pant,2026-06-05,Chepauk Black Soil,High,115.31079974935429,8.013746888065754,-0.22704861324037653,3.4283771410574784,0.6131440998746289
Rishabh Pant,2026-06-05,Chepauk Black Soil,High,93.6732825682555,9.51618249173438,0.718573571987934,4.742038437911859,0.6942794233327112
Rishabh Pant,2026-06-05,Wankhede Red Soil,High,105.54931456051682,11.071989952891252,0.08500357990155312,3.5612963875995898,1.1012049193496627
Rishabh Pant,2026-06-05,Eden Gardens Clay,Low,101.1661759731823,9.544406620142079,0.5733583239535913,6.306934355452523,0.5626315335742784
Rishabh Pant,2026-06-05,Eden Gardens Clay,High,113.63979673797922,10.908496163871927,-0.49489530160021156,2.060222958786769,0.5107509201460573
Rishabh Pant,2026-06-05,Chepauk Black Soil,Low,119.52172937459015,9.969246058284693,-0.7215670940613692,5.4576004746775695,0.7137476296007208
Rishabh Pant,2026-06-05,Wankhede Red Soil,Low,112.1443428864139,14.220804579962156,0.7021222864646856,4.269515223888559,0.8550590343947085
Rishabh Pant,2026-06-05,Chepauk Black Soil,High,105.47716594901158,14.642422011683419,1.154316556788941,6.287439208683285,0.5073581264344568
Rishabh Pant,2026-06-05,Eden Gardens Clay,High,105.09973021676406,8.818154986038156,-0.5888942309041258,2.5649776001869173,0.6760737490076265
Rishabh Pant,2026-06-05,Eden Gardens Clay,High,96.83469850006644,13.65148763741317,0.33122378652479867,4.863221876091085,0.6855495405650807
Rishabh Pant,2026-06-05,Chepauk Black Soil,High,99.10308958435863,15.73831458457871,-1.2805010738427836,2.622690137936429,0.8197155918648764
Rishabh Pant,2026-06-05,Eden Gardens Clay,High,103.0028586912267,15.25388616816756,0.7150432276571634,8.80639874542503,0.8387697353863539
Rishabh Pant,2026-06-05,Eden Gardens Clay,High,109.48134047763801,14.400898368352479,0.835014781509497,1.9014722462300413,0.7285435997307206
Rishabh Pant,2026-06-05,Chepauk Black Soil,High,107.52331936777809,12.439631092697876,-1.0237210770542957,5.025230877944147,0.621471396969928
Rishabh Pant,2026-06-05,Chepauk Black Soil,Low,105.44858460563245,8.86680898280464,0.6797263211357376,5.271280352072875,0.6132193742915607
Rishabh Pant,2026-06-05,Chepauk Black Soil,Low,114.07878006163948,9.13019203871442,-0.9891500928627447,6.867900983073837,0.4462418535548494
Rishabh Pant,2026-06-05,Eden Gardens Clay,Low,117.01323788640138,9.00316535618239,0.5687670336361519,4.311662097304069,0.6137749724490573
Rishabh Pant,2026-06-05,Wankhede Red Soil,High,110.44174194733839,12.785455944463028,-0.033001770291186186,5.209934640347395,1.07394968699388
Rishabh Pant,2026-06-05,Eden Gardens Clay,High,96.89724586856455,13.055342757216776,-0.0327034486543305,3.658308640726888,0.5137366750777619
Rishabh Pant,2026-06-05,Wankhede Red Soil,High,103.69895099666081,11.252814856509255,0.01684786138109953,3.521653921217788,0.6854378637253182
Rishabh Pant,2026-06-05,Wankhede Red Soil,High,97.88273769281122,13.702545847919463,-0.1721268736247737,5.410245187535309,1.1515529137283278
Rishabh Pant,2026-06-05,Eden Gardens Clay,High,109.78074378758855,8.758800592461764,0.7413910043150516,8.500834743208353,0.9137977807618304
Rishabh Pant,2026-06-05,Eden Gardens Clay,High,105.54071976414794,13.02419397481357,0.4592389467585045,5.429896042415983,0.950299946099588
Rishabh Pant,2026-06-05,Eden Gardens Clay,High,104.14876317536722,11.947685575885771,-0.5319258495347576,8.140733311443325,0.7347150763660044
Rishabh Pant,2026-06-05,Eden Gardens Clay,Low,115.25413105216593,15.772181255476347,-0.545180541590407,5.978631838436476,0.6750513825907025
Rishabh Pant,2026-06-05,Chepauk Black Soil,Low,108.82824513443394,13.038680788343154,0.11960677558186493,3.805805572978403,0.6381163412739471
Rishabh Pant,2026-06-05,Wankhede Red Soil,High,112.17279148932896,9.204796895188657,-0.5246538407520583,3.39353573029191,1.0033167585132552
Rishabh Pant,2026-06-05,Wankhede Red Soil,Low,111.31142012075956,9.646368162901954,0.2517638655505124,5.051810804080252,0.6519995854328969
Rishabh Pant,2026-06-05,Eden Gardens Clay,Low,105.63434596471623,10.752595386042696,-0.849530682977713,6.823853121235671,0.7017484765413928
Rishabh Pant,2026-06-05,Chepauk Black Soil,High,96.84213669524433,10.549709268082545,-0.46179919968309296,6.686052362799994,0.7036304069578118
Shreyas Iyer,2026-06-05,Eden Gardens Clay,High,97.47879553840562,11.97167624411504,-0.4278770737428841,6.791365008291409,0.8404072637138851
Shreyas Iyer,2026-06-05,Chepauk Black Soil,High,104.61436826972347,8.535046755305725,-0.44299696819715795,4.828590360901165,0.831521393978409
Shreyas Iyer,2026-06-05,Wankhede Red Soil,High,111.40421905362098,8.793708865339878,0.2596906168838192,8.593633218708773,0.8450420118140981
Shreyas Iyer,2026-06-05,Wankhede Red Soil,Low,117.74306475046191,11.32218640831482,0.1982916886699851,6.810493931174766,1.1574615594172009
Shreyas Iyer,2026-06-05,Chepauk Black Soil,Low,106.2163639367784,15.953002602802364,-0.8425879297680057,6.953950056800807,0.449777278385576
Shreyas Iyer,2026-06-05,Chepauk Black Soil,Low,109.89539597050302,12.782662518330518,0.6862265704105341,2.9977328559379943,0.5436149388393035
Shreyas Iyer,2026-06-05,Wankhede Red Soil,Low,101.87083424134893,8.20314481875732,0.128210648077728,4.776422881633566,0.6501863089406155
Shreyas Iyer,2026-06-05,Chepauk Black Soil,High,113.27147383924266,9.205729965865107,-1.0167495311589954,5.0879865400282585,0.6370075578630664
Shreyas Iyer,2026-06-05,Eden Gardens Clay,High,109.67164639791946,15.743893717383528,-0.9873938160436915,2.0959441309224003,0.587629508485433
Shreyas Iyer,2026-06-05,Wankhede Red Soil,Low,104.69248057112523,10.672695490057302,0.6824849551401508,4.050789786181706,0.6555462432938387
Shreyas Iyer,2026-06-05,Wankhede Red Soil,Low,119.75459283658006,13.053636662266094,-0.52812140414577,3.7915362657480807,0.705399779287504
Shreyas Iyer,2026-06-05,Wankhede Red Soil,Low,102.27487544072005,9.494870762456923,-0.1124085184200741,2.2932704567594033,0.926032315252002
Shreyas Iyer,2026-06-05,Wankhede Red Soil,Low,112.69582699844666,8.28872766222564,0.30960264438949214,3.4229081003726334,0.6073850357017821
Shreyas Iyer,2026-06-05,Chepauk Black Soil,Low,114.58225217591496,9.120813241164747,0.2465959824583732,6.118327266346967,0.4707219585866343
Shreyas Iyer,2026-06-05,Eden Gardens Clay,Low,114.93548078298946,8.450608394697785,0.39885710614755676,4.881881252533109,0.5691212392172975
Shreyas Iyer,2026-06-05,Eden Gardens Clay,High,100.73276019121349,14.723806967141822,0.04466116589394886,2.4247622323360423,0.8142749354927881
Shreyas Iyer,2026-06-05,Chepauk Black Soil,Low,108.577284563983,8.15865181526409,0.3974923325650973,2.1897213271786766,0.5292100027045225
Shreyas Iyer,2026-06-05,Chepauk Black Soil,High,98.09498570447954,9.39221395838193,0.9270215134899211,6.625158671981587,0.48720594205012047
Shreyas Iyer,2026-06-05,Wankhede Red Soil,Low,100.09425442617511,8.558111939825785,0.43815078739553837,4.963028228725451,1.1033537181824586
Shreyas Iyer,2026-06-05,Chepauk Black Soil,High,111.33415832316737,13.050413258668716,0.7259375624968305,6.743102343968918,0.7878102156307063
Shreyas Iyer,2026-06-05,Chepauk Black Soil,High,100.14596357325978,11.741856147723876,0.16580365181564968,3.46306799623845,0.6424660107211777
Shreyas Iyer,2026-06-05,Chepauk Black Soil,Low,103.84169134004782,10.58523434927698,0.9538182109938921,5.965523701953784,0.5497744501776644
Shreyas Iyer,2026-06-05,Wankhede Red Soil,High,101.28590113209667,9.198418161374995,0.2963121356601787,2.1256114330525295,0.702251428230671
Shreyas Iyer,2026-06-05,Wankhede Red Soil,Low,114.08146731440243,9.477286368312331,-0.7349400825768099,5.98465665699407,1.1393975449487026
Shreyas Iyer,2026-06-05,Chepauk Black Soil,High,111.06778100871826,11.577006669170919,0.698226816124546,8.715873204822511,0.8485635654445968
Shreyas Iyer,2026-06-05,Chepauk Black Soil,Low,117.68716244179609,9.626823404484131,-0.1288270028238357,5.366779435216186,0.5141683318939385
Shreyas Iyer,2026-06-05,Chepauk Black Soil,High,99.81547589880041,10.192302644802453,0.6763842702602749,5.392344486063614,0.8470721420717057
Shreyas Iyer,2026-06-05,Wankhede Red Soil,High,110.16081514912989,14.78787767278146,-0.28395142473997714,3.0200895155014975,1.060207438985452
Shreyas Iyer,2026-06-05,Chepauk Black Soil,High,103.4008137749145,15.262287570685924,0.6362776253393194,6.167425583429796,0.6454707687366296
Shreyas Iyer,2026-06-05,Wankhede Red Soil,High,101.81645859090115,9.5085910451247,0.5480735033971605,3.393068564620559,0.962641631188113
Shreyas Iyer,2026-06-05,Eden Gardens Clay,Low,113.74410345764537,9.760628069453213,-0.34719347886664953,5.66151716463606,0.7280761669139708
Shreyas Iyer,2026-06-05,Chepauk Black Soil,Low,119.46634083276103,15.375662934483818,0.35557213744760635,5.878891735038498,0.4657777675781
Shreyas Iyer,2026-06-05,Chepauk Black Soil,High,108.46445964323722,13.421507003761198,-0.31743662844569637,6.858337440532649,0.6515253467767014
Shreyas Iyer,2026-06-05,Wankhede Red Soil,Low,112.8949477821166,15.01746064133529,-0.6749851826802691,3.6797733560561166,0.843261908461778
Shreyas Iyer,2026-06-05,Wankhede Red Soil,Low,107.08777367272168,11.902928394780982,-0.7540437586739105,6.60752531128936,0.9846542261955733
Shreyas Iyer,2026-06-05,Eden Gardens Clay,Low,101.54312594507046,10.29391276849571,0.17689411347331552,1.584794896569833,0.7670553749594953
Shreyas Iyer,2026-06-05,Eden Gardens Clay,High,100.12918380326353,14.801609045248615,0.2475758263399772,7.650098928974746,0.8249397839221537
Shreyas Iyer,2026-06-05,Wankhede Red Soil,Low,111.60196324649925,13.4665038955787,-0.2978614302692266,3.457404929896324,0.6286005844474941
Shreyas Iyer,2026-06-05,Chepauk Black Soil,High,96.78798370637243,12.27745958881663,-0.1779856976243806,5.748346301598239,0.5395259610753272
Shreyas Iyer,2026-06-05,Wankhede Red Soil,Low,106.79743329746964,12.642190944446595,-0.05653512481739664,2.2459535272623277,0.6379455432313467
Shreyas Iyer,2026-06-05,Wankhede Red Soil,High,102.9365859149921,14.2238746972663,-0.033945177428537046,5.603352212098666,1.0990474234759777
Shreyas Iyer,2026-06-05,Chepauk Black Soil,High,107.69585899885746,11.839967098135348,0.005334232225697111,2.730554229513477,0.6863041985515148
Shreyas Iyer,2026-06-05,Eden Gardens Clay,High,99.60727077685351,11.69526147782203,0.581696660214627,2.521655051615344,0.9087915564258648
Mohammed Shami,2026-06-05,Chepauk Black Soil,Low,138.34222256831927,13.620588846087761,0.3888019013999673,6.382917438242849,0.7309504113582068
Mohammed Shami,2026-06-05,Chepauk Black Soil,High,141.27184638520137,12.338240700434143,-0.5649285327858949,5.399674458920026,0.9187322292862599
Mohammed Shami,2026-06-05,Chepauk Black Soil,Low,143.36571381064635,12.509849139033793,-1.2634379099941238,3.9679408138138825,1.1312733471981518
Mohammed Shami,2026-06-05,Eden Gardens Clay,Low,138.23420234742574,9.189390124012188,0.5562956086327457,4.633799244250716,1.0249444634137095
Mohammed Shami,2026-06-05,Chepauk Black Soil,Low,132.2894437041697,15.487975157530041,-0.07514016316973297,5.002606135801205,0.9759967469060854
Mohammed Shami,2026-06-05,Eden Gardens Clay,Low,143.46291382745883,13.603928385740529,0.46098602520562615,6.058283767083485,1.3305231056489504
Mohammed Shami,2026-06-05,Wankhede Red Soil,High,138.5647024334147,10.28644833405074,0.32165775221758985,3.5106095193980877,1.6341436225393522
Mohammed Shami,2026-06-05,Eden Gardens Clay,High,121.68835653265737,9.689332024692149,0.6516040125016227,6.86762503016581,1.1253673980801842
Mohammed Shami,2026-06-05,Wankhede Red Soil,Low,147.05391260663245,11.984180250237552,-0.26274711709925835,6.976052218298104,1.2316895357137394
Mohammed Shami,2026-06-05,Chepauk Black Soil,Low,139.49093566619152,10.30250766754924,0.4089269788291191,2.5328822667341324,0.8860047917625683
Mohammed Shami,2026-06-05,Eden Gardens Clay,Low,145.00858010674216,8.208744979373986,0.29791191694336217,6.003916558965153,1.0103902625923544
Mohammed Shami,2026-06-05,Eden Gardens Clay,High,133.92002361011475,8.151243457544474,-0.2370245971446343,8.457282650946677,0.8336543506568406
Mohammed Shami,2026-06-05,Eden Gardens Clay,High,137.19611644199043,15.118873372707032,-0.9653233481843193,7.9599904338498,1.2072332352216841
Mohammed Shami,2026-06-05,Chepauk Black Soil,High,141.39636357195042,11.489935057105251,1.0645048246724853,6.777192760055797,1.0403444772110997
Mohammed Shami,2026-06-05,Eden Gardens Clay,High,140.90862338484632,15.710197811384086,-0.30457483475296665,2.5532915501586695,1.4984816163017103
Mohammed Shami,2026-06-05,Wankhede Red Soil,High,132.16195340715845,12.340459354701377,-0.277044817489047,5.9321184490850625,1.6644943996447508
Mohammed Shami,2026-06-05,Wankhede Red Soil,High,132.68621446802064,14.474503150837997,0.01522741682724469,4.905273906066576,1.0996902278367493
Mohammed Shami,2026-06-05,Eden Gardens Clay,High,143.32454287573316,9.747301134894581,-0.5654234292234932,8.475043924583968,0.8111419516917602
Mohammed Shami,2026-06-05,Wankhede Red Soil,High,128.16344379721048,13.593550364278592,0.20440924268086322,8.115508856106947,1.4999592402969406
Mohammed Shami,2026-06-05,Chepauk Black Soil,High,121.10987577237972,14.50597304067534,-0.6612602465957423,4.574860308761074,0.6861105601059013
Mohammed Shami,2026-06-05,Eden Gardens Clay,High,126.29612267584838,13.685078592474849,-0.11120196268745053,4.604735128104343,1.4625727399357151
Mohammed Shami,2026-06-05,Wankhede Red Soil,Low,140.87338530448648,15.55733401859657,0.20227780837379028,3.3267623388731407,1.315467202155292
Mohammed Shami,2026-06-05,Wankhede Red Soil,High,133.0265728084368,14.530369966214103,-0.49748013971094934,2.636309698379446,1.4879885712858663
Mohammed Shami,2026-06-05,Wankhede Red Soil,Low,147.3372584607167,10.58348197525088,-0.27211056832272135,1.8301619141082992,1.0507256314089035
Mohammed Shami,2026-06-05,Wankhede Red Soil,Low,130.11541963530175,13.585347995064478,0.564806591039459,6.802176697111397,1.129450466441908
Mohammed Shami,2026-06-05,Chepauk Black Soil,Low,147.68285226072825,13.788411178017226,0.367008873989848,4.631304377637237,0.9315750308019493
Mohammed Shami,2026-06-05,Wankhede Red Soil,High,131.9185156135841,12.068426764771019,-0.7103474400084369,3.7263279912189415,1.7490112811352576
Mohammed Shami,2026-06-05,Eden Gardens Clay,High,132.2991312888559,9.937382629685327,0.20020479405214897,2.9525040817879598,1.2395206355690096
Mohammed Shami,2026-06-05,Eden Gardens Clay,Low,149.49621550021192,15.573883617972406,-0.398731349380417,5.994753293191307,1.331767324224867
Mohammed Shami,2026-06-05,Wankhede Red Soil,High,139.68523846781895,12.105867420929819,-0.20374688098030927,8.97825496856044,1.4116424424022345
Mohammed Shami,2026-06-05,Eden Gardens Clay,Low,132.6186139728007,10.12455478197471,-0.13028322437624795,4.531448582034695,1.3147549201911688
Mohammed Shami,2026-06-05,Chepauk Black Soil,High,135.43112614856915,14.789774217583787,-0.5290188585942137,6.205759653832184,0.9785853504705321
Mohammed Shami,2026-06-05,Eden Gardens Clay,High,136.73510538634588,8.477388767541383,-0.3079865969302622,8.184013590631633,1.0792831169356902
Mohammed Shami,2026-06-05,Eden Gardens Clay,Low,137.93654353251915,9.046627582837758,0.15329753808670432,4.780674524475556,1.2367781251473169
Mohammed Shami,2026-06-05,Wankhede Red Soil,Low,135.7604817569042,15.714913904190837,-0.23192641356250743,5.106892744325745,1.5883729252133822
Mohammed Shami,2026-06-05,Eden Gardens Clay,High,135.64605565503658,8.984224974964292,0.38039097475767836,7.133623924912448,0.997599451323956
Mohammed Shami,2026-06-05,Eden Gardens Clay,Low,136.27602211257528,11.197692454523029,0.4289633217032287,3.4595955106353853,0.8381688759162575
Mohammed Siraj,2026-06-05,Chepauk Black Soil,High,139.81981073952392,9.784363056783596,-0.16096176713047727,4.1720857841906405,0.9137759926612269
Mohammed Siraj,2026-06-05,Chepauk Black Soil,Low,146.23578139975558,11.964297138644763,-1.0918066728496365,2.746592831429854,1.0166798694544792
Mohammed Siraj,2026-06-05,Wankhede Red Soil,Low,146.37750682081008,12.280187594079694,-0.27092799476516466,5.5834117620652375,1.2511764944430805
Mohammed Siraj,2026-06-05,Wankhede Red Soil,Low,147.92329701010908,11.273215843894185,0.40287623130629147,5.895005248941473,1.155152939888814
Mohammed Siraj,2026-06-05,Chepauk Black Soil,High,128.81548768139194,12.860271334832756,0.5107639427040556,7.142143239643692,0.9586470227608095
Mohammed Siraj,2026-06-05,Eden Gardens Clay,High,126.71360811154776,10.67071410641923,0.6744587560869826,3.563250103155026,1.0912611612706946
Mohammed Siraj,2026-06-05,Wankhede Red Soil,High,138.7568571665254,10.158942074495146,0.6080070023759723,3.457388609438108,1.1567554562871623
Mohammed Siraj,2026-06-05,Wankhede Red Soil,High,141.95351505546307,15.617279345696005,-0.528236530860977,5.3718176280166405,1.0870417159255572
Mohammed Siraj,2026-06-05,Eden Gardens Clay,High,125.79367117468978,13.658215148138993,0.8453932698252835,3.2643442508187666,1.1168751239292394
Mohammed Siraj,2026-06-05,Chepauk Black Soil,Low,142.77512335646824,9.671641573693245,1.045204527395826,4.443569631541957,0.9943069840500895
Mohammed Siraj,2026-06-05,Wankhede Red Soil,High,141.97360250295768,10.547796492845709,-0.6639206918137719,1.784358085129479,0.997745655595988
Mohammed Siraj,2026-06-05,Eden Gardens Clay,High,129.86536786453172,12.84557237450834,0.36032630289842627,9.134520625905596,1.0262605239453244
Mohammed Siraj,2026-06-05,Wankhede Red Soil,Low,135.54879070633058,10.594269066056208,-0.4374731248527162,6.731976394119204,1.389112555386783
Mohammed Siraj,2026-06-05,Wankhede Red Soil,High,143.75447713860206,14.031560263667497,-0.3212648459325939,2.875830672071754,1.4153464951612245
Mohammed Siraj,2026-06-05,Eden Gardens Clay,High,142.95439226124364,12.68391925542893,-0.1711295142992355,3.132908707223022,1.3006750404875993
Mohammed Siraj,2026-06-05,Wankhede Red Soil,Low,149.1762371776745,14.672895012119923,0.6484782041299406,2.1039438190593844,1.0454736090432566
Mohammed Siraj,2026-06-05,Chepauk Black Soil,Low,140.29523736039647,14.187815002182173,-1.2765129510874902,3.063000754276941,0.927773083467434
Mohammed Siraj,2026-06-05,Chepauk Black Soil,High,139.07706037214817,12.968608232245934,-1.1569213228869761,4.711577400575724,0.8591248228268927
Mohammed Siraj,2026-06-05,Wankhede Red Soil,High,135.6176385557878,15.853829191382964,0.28695952985770906,4.055676139340067,1.071515030168614
Mohammed Siraj,2026-06-05,Wankhede Red Soil,High,137.85873541860505,14.415189349353085,-0.44354896218726786,3.5385067438663462,1.429562004416736
Mohammed Siraj,2026-06-05,Chepauk Black Soil,High,141.69555885201996,13.081593389811147,-0.8593868907340871,8.61012387479029,1.1431924781464236
Mohammed Siraj,2026-06-05,Wankhede Red Soil,High,129.21812027131728,14.392620950886908,-0.5481940610604472,6.781315273360994,1.7023650548749625
Mohammed Siraj,2026-06-05,Chepauk Black Soil,Low,149.37901085289445,12.35333340932537,-1.0022343147315018,6.280753199351452,0.8786042054190011
Mohammed Siraj,2026-06-05,Chepauk Black Soil,High,140.19471089174166,13.265932675773616,0.2723023238046515,4.510364372074166,1.1523167031565456
Mohammed Siraj,2026-06-05,Chepauk Black Soil,Low,142.84086136754976,10.906953541054502,-0.36336252595114754,6.813697919305954,1.1768769462173332
Mohammed Siraj,2026-06-05,Eden Gardens Clay,Low,140.0203124091883,9.318865765900723,-0.5425997819289994,2.402613361413996,1.2769014032518333
Mohammed Siraj,2026-06-05,Eden Gardens Clay,High,130.20793741810587,14.525374036894135,-0.3926065006394668,2.504450814857788,1.488579485577914
Mohammed Siraj,2026-06-05,Wankhede Red Soil,High,135.48809253777813,13.60251296629982,0.1950196995481308,2.356258314069491,1.6453191976288595
Mohammed Siraj,2026-06-05,Chepauk Black Soil,High,136.76022229754582,12.098533578861723,-0.8108720237170195,2.650885613406424,0.8224459937120738
Mohammed Siraj,2026-06-05,Wankhede Red Soil,Low,133.75130483589186,8.955458223776565,-0.579692850613322,3.6110260598511337,1.4135813156789876
Mohammed Siraj,2026-06-05,Chepauk Black Soil,Low,137.9290515556415,15.318735539236707,0.6307416113500202,6.638908311988075,1.0379013984216188
Mohammed Siraj,2026-06-05,Wankhede Red Soil,Low,142.6573019512358,13.03408581014645,0.15657279323474216,6.303070249987496,1.5800645493163206
Mohammed Siraj,2026-06-05,Eden Gardens Clay,Low,138.23435062988528,13.655193373905824,0.8344180935010588,3.0804966596973156,1.0628717416808344
Mohammed Siraj,2026-06-05,Eden Gardens Clay,Low,148.59558820725687,11.223006510460513,-0.25041124463139486,5.348374682047984,1.1351970731748142
Mohammed Siraj,2026-06-05,Chepauk Black Soil,High,127.21853889190584,11.068017002302142,0.51786723301526,6.722464511127343,1.133965286070706
Mohammed Siraj,2026-06-05,Eden Gardens Clay,Low,147.79604518587712,13.999281513136241,0.8777889233091578,3.7853492863569294,1.3947760276910985
Mohammed Siraj,2026-06-05,Chepauk Black Soil,Low,134.96060674265627,11.33742818054563,0.11954376242739839,2.528876133460514,1.267016958966635
Mohammed Siraj,2026-06-05,Wankhede Red Soil,High,127.63754656360179,12.31949314004041,0.7835948878536778,7.196872394776591,0.968090139747399
Mohammed Siraj,2026-06-05,Eden Gardens Clay,High,140.07505580003163,15.677420107838078,0.31772717159910724,7.857105724052094,1.3590922659408702
Mohammed Siraj,2026-06-05,Eden Gardens Clay,Low,137.0436753024718,15.190789009336827,-0.3653124413379176,3.2600584544836426,1.2639827499829068
Kuldeep Yadav,2026-06-05,Wankhede Red Soil,Low,88.27882293368106,13.080831530914839,-1.342184025534052,4.2904342316249515,1.0517918928139909
Kuldeep Yadav,2026-06-05,Eden Gardens Clay,High,93.9332175784285,13.234923106720537,0.3254764032455286,6.635127695575157,0.6631041272761659
Kuldeep Yadav,2026-06-05,Eden Gardens Clay,Low,89.32453220990637,12.806983801811946,-3.414862732188336,2.0239426003179686,0.6269365094790647
Kuldeep Yadav,2026-06-05,Eden Gardens Clay,High,81.50442281468918,9.935561048117414,2.4148719651229333,9.208727574681692,0.7116723873666325
Kuldeep Yadav,2026-06-05,Wankhede Red Soil,Low,99.25279815887872,13.615207176850813,1.562714931536798,4.047182467011378,0.5997447806764937
Kuldeep Yadav,2026-06-05,Eden Gardens Clay,High,86.11522683816034,8.258683064128615,1.1712977108154163,7.4693457837967125,0.7054698358396726
Kuldeep Yadav,2026-06-05,Wankhede Red Soil,High,96.86335135270309,13.343112663234784,-1.6995595014465317,4.551724248364604,0.6431981481358939
Kuldeep Yadav,2026-06-05,Eden Gardens Clay,Low,93.61550322008205,13.487967914863422,-3.035068069585927,5.793441240678685,0.744616824505578
Kuldeep Yadav,2026-06-05,Chepauk Black Soil,High,88.20564966039797,14.302799315271574,5.044205871856246,2.8714970784099147,0.5019637594581693
Kuldeep Yadav,2026-06-05,Eden Gardens Clay,High,92.39959923523955,15.654259021766586,-3.8493839786230755,5.638681326114396,0.5656336764692278
Kuldeep Yadav,2026-06-05,Eden Gardens Clay,Low,90.49556588788217,15.048734511376928,-1.5629016410949106,6.698415836781217,0.6525145657908124
Kuldeep Yadav,2026-06-05,Eden Gardens Clay,Low,99.68360422686835,11.545014795578124,-1.3822310630431547,3.426349665011891,0.8503604951835733
Kuldeep Yadav,2026-06-05,Chepauk Black Soil,High,91.71388631222331,15.414513184112451,4.874879353565431,5.865713082893361,0.46957619003723533
Kuldeep Yadav,2026-06-05,Eden Gardens Clay,Low,92.6936210607679,10.928711741658336,0.28598438164679685,3.7701370494045054,0.5356351780766107
Kuldeep Yadav,2026-06-05,Wankhede Red Soil,Low,94.00232498395488,14.12919067478523,1.7212684225015815,5.376910548458946,0.7867186827326141
Kuldeep Yadav,2026-06-05,Wankhede Red Soil,Low,89.6258131480366,12.854066559747785,0.877778597389387,3.3658936595359403,0.8237760494023992
Kuldeep Yadav,2026-06-05,Chepauk Black Soil,Low,91.00439316415527,12.095369089937066,-2.4350020619446053,3.8712827208675047,0.5951008836387083
Kuldeep Yadav,2026-06-05,Chepauk Black Soil,Low,98.1164508092719,14.065875426532585,-3.6518139867458976,1.6419681998256852,0.41880295257638955
Kuldeep Yadav,2026-06-05,Eden Gardens Clay,High,83.47827671378626,14.75966531843557,2.881242757972114,3.1391951907600597,0.7643679474210282
Kuldeep Yadav,2026-06-05,Eden Gardens Clay,High,91.58699375489381,15.423649450572835,0.8821397293850648,7.509864332690335,0.7148213204284111
Kuldeep Yadav,2026-06-05,Chepauk Black Soil,High,84.29639615578435,12.24861020887191,0.7475578507074473,3.197517824688789,0.34643741893743335
Kuldeep Yadav,2026-06-05,Wankhede Red Soil,High,84.5876296336235,15.900313516085523,-1.710127253015304,5.349274093308661,0.49155054281517013
Kuldeep Yadav,2026-06-05,Eden Gardens Clay,High,84.17375349317732,13.928684377277408,2.933827751555535,7.01693855268425,0.7009468108676418
Kuldeep Yadav,2026-06-05,Chepauk Black Soil,High,78.33766340663297,15.849977960049632,-4.131825542808208,6.458176626672482,0.7516799907166416
Kuldeep Yadav,2026-06-05,Eden Gardens Clay,High,89.87311986709041,9.006423023991902,-2.753316490541411,6.30707236357563,0.42447628924191244
Kuldeep Yadav,2026-06-05,Chepauk Black Soil,Low,91.70668549997957,9.432831328362237,4.797058200616433,5.452531454842301,0.5622564940428945
Kuldeep Yadav,2026-06-05,Wankhede Red Soil,High,84.82675989875172,14.666442471639257,1.5847389112848256,6.027822709861387,0.7232750986879871
Kuldeep Yadav,2026-06-05,Eden Gardens Clay,High,80.20593360533813,8.954851760300862,3.9865279625821968,6.2516585867558225,0.6178592165788217
Kuldeep Yadav,2026-06-05,Chepauk Black Soil,Low,91.41683388716581,13.548899438139799,5.163423500261233,6.056459384444487,0.6509897091030541
Kuldeep Yadav,2026-06-05,Chepauk Black Soil,High,83.29422525372674,9.349149846052907,1.0543872791069386,8.257396778381501,0.5042288894230968
Yuzvendra Chahal,2026-06-05,Wankhede Red Soil,High,82.44582756642937,13.500188044941197,2.5284723717483404,8.4480783476171,0.7614618060553663
Yuzvendra Chahal,2026-06-05,Chepauk Black Soil,High,90.3014599715503,9.729514867071577,-3.4861434997966585,2.650322136580743,0.3447915852521071
Yuzvendra Chahal,2026-06-05,Eden Gardens Clay,Low,80.59484385048552,8.896534913375241,2.6520815112285243,6.398281814608126,0.6103395008311409
Yuzvendra Chahal,2026-06-05,Eden Gardens Clay,High,88.98829513112285,11.286275994006449,-0.49902081913388585,3.0075604453876665,0.833878637706382
Yuzvendra Chahal,2026-06-05,Eden Gardens Clay,High,93.70929900828766,10.472984161937465,3.7317380555360717,5.870138925286896,0.5977465812761837
Yuzvendra Chahal,2026-06-05,Chepauk Black Soil,High,91.71768637623973,13.584163078405258,-2.5154825734985278,3.394911461896995,0.45580403561728805
Yuzvendra Chahal,2026-06-05,Eden Gardens Clay,Low,89.13045327720201,13.04203574190759,3.731200393791135,1.5581089911710184,0.6872141375132799
Yuzvendra Chahal,2026-06-05,Chepauk Black Soil,High,84.59787993543324,10.970006953534575,-1.3632925512691327,5.40442145956491,0.5437803657596331
Yuzvendra Chahal,2026-06-05,Chepauk Black Soil,Low,94.10472620018196,10.669010992430106,3.54279521091215,5.591052394683456,0.544444112501173
Yuzvendra Chahal,2026-06-05,Chepauk Black Soil,Low,82.4815423979045,13.776007293107462,-0.5458143261763712,4.660119724600698,0.7222106507879783
Yuzvendra Chahal,2026-06-05,Chepauk Black Soil,Low,98.66815535775459,15.202716433892583,5.057606091037926,4.484004424763338,0.4799104412842384
Yuzvendra Chahal,2026-06-05,Wankhede Red Soil,Low,81.83399970591665,13.773935004507397,-0.28876271253144026,3.4612316548177606,1.0458275551809137
Yuzvendra Chahal,2026-06-05,Chepauk Black Soil,Low,94.98393567315799,8.509108371776819,2.6927681735954656,3.3793577408664666,0.4757152032467012
Yuzvendra Chahal,2026-06-05,Eden Gardens Clay,High,84.62552662798166,15.876775237386335,3.120078431640122,4.240246173385674,0.43756761437105224
Yuzvendra Chahal,2026-06-05,Eden Gardens Clay,Low,81.49290601752786,8.775586273376188,-3.2714398706530314,4.579534829561433,0.5898842544063139
Yuzvendra Chahal,2026-06-05,Eden Gardens Clay,Low,95.69821911194373,12.199008996104405,0.948199821780265,4.441971851551248,0.7875193695304907
Yuzvendra Chahal,2026-06-05,Wankhede Red Soil,High,81.8983858271323,13.457531995169346,-1.330065762635175,6.817782819716921,0.702730021940346
Yuzvendra Chahal,2026-06-05,Wankhede Red Soil,High,88.2273164398079,8.598496089753706,-0.7299800874877698,5.889660135385546,0.8178082757198267
Yuzvendra Chahal,2026-06-05,Chepauk Black Soil,Low,84.7878847324807,12.844978164922303,4.943723411400618,2.7803107168961105,0.429984170735162
Yuzvendra Chahal,2026-06-05,Chepauk Black Soil,High,80.32761515290545,14.249088481242064,-3.366859917798614,2.2476258894074865,0.5178834798168661
Yuzvendra Chahal,2026-06-05,Chepauk Black Soil,Low,91.81662875925149,15.303405884540409,1.401210177108218,3.7948217256787977,0.7289724619533731
Yuzvendra Chahal,2026-06-05,Chepauk Black Soil,High,78.10921046214624,11.000152338966227,0.434560220468455,4.662923273463155,0.6204864413744386
Yuzvendra Chahal,2026-06-05,Eden Gardens Clay,Low,85.2271536860038,11.31776546159287,3.344723234753298,6.23714669131687,0.5235743884755699
Yuzvendra Chahal,2026-06-05,Chepauk Black Soil,High,76.66902303078366,14.47220910809753,-3.9060383454011967,7.3450037110820325,0.5859583897398059
Yuzvendra Chahal,2026-06-05,Chepauk Black Soil,High,78.18248806711112,11.576653548109196,-4.385910766020343,2.5493858037848343,0.5270345246418487
Yuzvendra Chahal,2026-06-05,Chepauk Black Soil,Low,96.24388825365472,13.133754152955781,-1.787668132931822,6.138351813914007,0.6022012759250764
Yuzvendra Chahal,2026-06-05,Eden Gardens Clay,High,89.98345052115336,13.499257421850839,-2.8843621070635503,5.215894601165416,0.5262966544096428
Yuzvendra Chahal,2026-06-05,Eden Gardens Clay,High,82.71820332190413,9.77097277975178,1.6715631347997428,4.0028764038651525,0.684824009460306
Yuzvendra Chahal,2026-06-05,Wankhede Red Soil,Low,96.10271746770312,11.209088667307846,1.943753775892256,6.3714463141305835,1.0141792790161879
Yuzvendra Chahal,2026-06-05,Eden Gardens Clay,High,88.93547600649862,15.190592482822709,0.7761256074300995,6.3738722400984384,0.8267742304119055
Yuzvendra Chahal,2026-06-05,Chepauk Black Soil,Low,91.86280582297668,12.789412258461404,-3.2436901232091917,5.5641469462965105,0.5320615705927431
Yuzvendra Chahal,2026-06-05,Chepauk Black Soil,High,87.18195716889076,14.715614126610784,3.0514586309525735,1.9259968197261867,0.3736905783105476
Yuzvendra Chahal,2026-06-05,Wankhede Red Soil,Low,93.21786728832414,10.020366297279352,-2.650181859254464,4.896462014620997,0.9691500322927495
Yuzvendra Chahal,2026-06-05,Chepauk Black Soil,High,82.54211425506412,14.307916643018372,-2.458277203626705,7.9478083245312705,0.676340503676324
Yuzvendra Chahal,2026-06-05,Chepauk Black Soil,High,80.93601347987799,15.841805623932128,0.7355050624252465,4.328843665800218,0.6299468773723066
Yuzvendra Chahal,2026-06-05,Chepauk Black Soil,Low,96.67252895816776,12.743179503837588,2.18276345650078,4.940588171750804,0.5990755969034683
Yuzvendra Chahal,2026-06-05,Eden Gardens Clay,High,85.01411920257735,14.427826011749552,3.3929546590361683,8.538115404290389,0.8699198946546689
Yuzvendra Chahal,2026-06-05,Eden Gardens Clay,Low,90.60084100130092,9.513229648320483,-3.660269308526435,3.1935759212756274,0.8632329534043142
Yuzvendra Chahal,2026-06-05,Wankhede Red Soil,Low,81.57538365088297,12.897533219822044,-0.5053586477905221,5.163778247235862,0.6846123290135399
Yuzvendra Chahal,2026-06-05,Wankhede Red Soil,High,81.48483645901919,15.84922706871749,-1.7717994639542731,8.857885905633355,0.5559407403862984
Yuzvendra Chahal,2026-06-05,Chepauk Black Soil,Low,82.12802639487641,10.80005525965317,5.143553711080711,4.869261716093895,0.6172274701085321
Yuzvendra Chahal,2026-06-05,Wankhede Red Soil,High,78.45591605399785,15.723610197286561,-2.6264533417912723,5.690614058846883,0.9492570152854003
Yuzvendra Chahal,2026-06-05,Eden Gardens Clay,High,91.65369251527663,12.13453412004736,-0.531533963318811,2.249712400617831,0.6542899653460559
Yuzvendra Chahal,2026-06-05,Eden Gardens Clay,High,92.56361318727866,12.947563934396449,2.4867518108913735,2.1787485632712715,0.8126115976639926
Axar Patel,2026-06-05,Wankhede Red Soil,Low,89.86088560638417,14.52007465807353,0.8715393326973498,1.7105741702301107,0.7849423356067312
Axar Patel,2026-06-05,Chepauk Black Soil,Low,80.08330713196453,9.886205855788601,-1.685605622729219,6.257467902370947,0.6201000590870138
Axar Patel,2026-06-05,Chepauk Black Soil,High,87.94990320985978,13.24009915419561,-0.5621058161220549,4.626754680362147,0.6865792055429311
Axar Patel,2026-06-05,Chepauk Black Soil,High,78.25732213132406,9.253506501442256,4.74319447956482,5.220375649339908,0.7071090899987271
Axar Patel,2026-06-05,Chepauk Black Soil,Low,87.96917882876393,12.238851786457118,-2.267406169276816,6.265385713204731,0.6972292129360321
Axar Patel,2026-06-05,Eden Gardens Clay,High,90.13594212020928,12.457476833967483,-0.9105333041679105,3.6524354629035845,0.6489718127780696
Axar Patel,2026-06-05,Wankhede Red Soil,High,88.16009846924037,10.411223234719829,-2.2858513055439476,2.4275692462551297,0.5918176841667413
Axar Patel,2026-06-05,Chepauk Black Soil,Low,88.10740836183535,15.526996826118001,-3.985745436112194,5.133174300415239,0.733726105907546
Axar Patel,2026-06-05,Wankhede Red Soil,High,86.4431224507562,12.933904993032384,3.091525273049929,6.579223021965348,0.596277991908251
Axar Patel,2026-06-05,Chepauk Black Soil,Low,93.35385697432879,13.831169232366014,1.8621245639696362,2.3690416067183753,0.45511279329108695
Axar Patel,2026-06-05,Eden Gardens Clay,Low,99.55670874844061,9.638755435815147,1.436018343999848,2.0326019761629235,0.6086273144289776
Axar Patel,2026-06-05,Wankhede Red Soil,High,89.42742399340838,12.648912977049452,0.4067191688693463,6.9129988549936465,0.5463583239838488
Axar Patel,2026-06-05,Eden Gardens Clay,Low,82.04155627745769,15.143418485583066,-0.19425159468816933,5.452458608635968,0.7915743171279714
Axar Patel,2026-06-05,Eden Gardens Clay,High,94.09310835521798,14.529230804937887,1.5949272505003567,8.396480430572096,0.7813166079566642
Axar Patel,2026-06-05,Chepauk Black Soil,High,81.21040212560715,14.433333551574037,-0.946970408266403,6.805839663521683,0.4395557301552254
Axar Patel,2026-06-05,Wankhede Red Soil,Low,92.85160225670005,11.589466281391738,0.4587207227633286,5.4685305670792825,1.0395152567396742
Axar Patel,2026-06-05,Eden Gardens Clay,High,82.23003513947774,15.019894079352838,-1.907429205868448,6.2340867532309225,0.785382563539998
Axar Patel,2026-06-05,Chepauk Black Soil,Low,84.56143362714356,8.316900365915314,4.072961109534533,2.8607449363892608,0.589033557970878
Axar Patel,2026-06-05,Wankhede Red Soil,High,91.45158073289053,13.704127471686768,3.0393882893790733,3.528459589770489,0.9902364201498435
Axar Patel,2026-06-05,Wankhede Red Soil,Low,92.43740386796928,10.765758214409747,-2.5420713235101995,1.7655002654336727,1.0161246392807959
Axar Patel,2026-06-05,Chepauk Black Soil,Low,95.24984200106333,9.363723649656107,2.744895833083156,6.850999573803717,0.4860890143468174
Axar Patel,2026-06-05,Wankhede Red Soil,Low,95.31265833356412,9.692244780982277,1.9736122658051976,1.715481046589956,0.8212608157038576
Axar Patel,2026-06-05,Eden Gardens Clay,High,74.87650017517119,11.842694841480515,-0.9077374710922701,3.29168461287725,0.7581783313345087
Axar Patel,2026-06-05,Chepauk Black Soil,High,79.12128688404378,13.371115281393413,-0.8246277187435447,5.335366197114892,0.5608779665239663
Axar Patel,2026-06-05,Eden Gardens Clay,High,77.16034380508148,11.632066966879599,2.5726807708233057,3.852002637827728,0.7972111291303456
Axar Patel,2026-06-05,Wankhede Red Soil,Low,89.40866311883323,9.417804770461231,-0.03318861680136607,5.637168718278676,0.9957849747261935
Axar Patel,2026-06-05,Chepauk Black Soil,High,83.43525394702873,10.248401743250142,1.0213227565693057,7.630000245987896,0.6645173535591166
Axar Patel,2026-06-05,Eden Gardens Clay,Low,93.31305811823356,11.373579285467596,3.2763897416722703,4.227857779992995,0.7163320165066638
Axar Patel,2026-06-05,Chepauk Black Soil,High,75.86731693401724,15.179967773496706,2.9975410970554024,3.204985094038422,0.6855802971187718
Axar Patel,2026-06-05,Eden Gardens Clay,Low,92.53418035129108,8.603436913246547,0.1770727459776822,3.241919635938483,0.5371225372353798
Axar Patel,2026-06-05,Wankhede Red Soil,Low,91.66155027940502,8.468473067213909,2.5544715689116964,3.348401939360542,0.8001053628831151
Suryakumar Yadav,2026-06-05,Chepauk Black Soil,Low,109.9483993291866,15.635982597301485,0.5826708122364532,4.261334208955619,0.5264585193511718
Suryakumar Yadav,2026-06-05,Wankhede Red Soil,High,97.31215197544813,10.438183444275058,-0.3971563016206721,4.960170571276431,0.6856108542264095
Suryakumar Yadav,2026-06-05,Eden Gardens Clay,Low,112.14491506888115,8.657586365182453,0.27866194453161586,1.7474249605975687,0.9643576420389675
Suryakumar Yadav,2026-06-05,Eden Gardens Clay,Low,103.11506141503416,11.399641597044951,-0.13557786324991605,1.5564883061756039,0.6837273124501952
Suryakumar Yadav,2026-06-05,Eden Gardens Clay,High,110.04445012359811,9.722061596950166,0.19696335262902065,5.245422823063258,0.8383014665856773
Suryakumar Yadav,2026-06-05,Chepauk Black Soil,Low,111.4003162691993,15.587664464977049,0.5514644534603478,2.229352938758816,0.7024618721516392
Suryakumar Yadav,2026-06-05,Chepauk Black Soil,High,107.59074505304484,12.973753879112087,-0.36345379455360544,5.364902019214844,0.5345588505553498
Suryakumar Yadav,2026-06-05,Eden Gardens Clay,Low,101.32400203915147,13.415569789924557,-0.44035768433354017,3.828847400115702,0.7273413133042262
Suryakumar Yadav,2026-06-05,Wankhede Red Soil,Low,106.95279734930281,13.489830335722736,0.1406017774098796,6.678144558536982,1.0037592728054985
Suryakumar Yadav,2026-06-05,Wankhede Red Soil,High,101.88889439312659,10.429123704560357,-0.002113546476847539,3.6964642736935596,0.6346013393204406
Suryakumar Yadav,2026-06-05,Eden Gardens Clay,High,106.34365535109438,13.841835227706369,-0.6401407498765013,4.091604717435298,0.6003097190908677
Suryakumar Yadav,2026-06-05,Chepauk Black Soil,High,113.5402273354044,11.050473977720701,0.742971184255757,2.7497942322158644,0.6628403710329949
Suryakumar Yadav,2026-06-05,Wankhede Red Soil,Low,103.50408398811204,9.951569858159395,-0.4853315322949822,2.7784121035013243,0.6389975552383713
Suryakumar Yadav,2026-06-05,Wankhede Red Soil,High,100.58783003817977,15.326523625571804,0.09734302104742838,2.3322919935037123,0.7561541807692599
Suryakumar Yadav,2026-06-05,Chepauk Black Soil,High,112.0455481209867,10.915710076183686,-1.014787755981183,3.994624577817508,0.6115137895132589
Suryakumar Yadav,2026-06-05,Eden Gardens Clay,High,97.53640514453302,12.654808946551018,-0.025479916627882737,6.880727438160009,0.747856489073775
Suryakumar Yadav,2026-06-05,Wankhede Red Soil,High,105.87273725235103,8.17566293993529,-0.3945665247690455,4.600827050086152,0.7799244861912765
Suryakumar Yadav,2026-06-05,Eden Gardens Clay,Low,113.97384586051761,10.527154326552399,0.6417021620946397,3.670430826847885,0.5104288306540568
Suryakumar Yadav,2026-06-05,Eden Gardens Clay,High,111.79573046943788,8.84386226315707,0.7977856775541718,3.839097883228672,0.8613317820380111
Suryakumar Yadav,2026-06-05,Eden Gardens Clay,Low,109.84720282562905,12.46871943210273,-0.3669732817213789,3.478225876045335,0.526512343391564
Suryakumar Yadav,2026-06-05,Wankhede Red Soil,High,99.70045457845261,15.88109890901174,-0.7287060565265021,7.051479892752215,0.866108963692313
Suryakumar Yadav,2026-06-05,Chepauk Black Soil,High,116.02360311091812,11.723391545885942,-0.30870926889732103,2.7317669375024014,0.7298150346664387
Suryakumar Yadav,2026-06-05,Wankhede Red Soil,High,112.71475658963843,9.079454573286805,0.7370078665088733,5.918512309965534,1.0710051580323547
Suryakumar Yadav,2026-06-05,Eden Gardens Clay,High,107.64579619642055,14.281627121284458,-0.4314108738087157,3.615111641059012,0.8624240829242749
Suryakumar Yadav,2026-06-05,Wankhede Red Soil,Low,113.35836024669047,10.57581325191827,-0.7085503363069923,5.247900922202389,1.1107316269630392
Suryakumar Yadav,2026-06-05,Wankhede Red Soil,High,104.03551855168996,8.580538229841448,0.22168248960376324,5.574049494657915,1.1842399218948005
Suryakumar Yadav,2026-06-05,Eden Gardens Clay,Low,115.92045634303432,14.42675534919448,-0.9117765267920981,4.125474784771915,0.8684861742069221
Suryakumar Yadav,2026-06-05,Wankhede Red Soil,Low,104.06345456417918,9.173111597279897,-0.34166368527463703,3.9208143519555025,0.8818726059981589
Suryakumar Yadav,2026-06-05,Wankhede Red Soil,Low,108.00569771823558,11.905984597354692,-0.7895400993438593,5.848110598725489,0.88716628508384
Suryakumar Yadav,2026-06-05,Chepauk Black Soil,High,103.31894940461473,14.346600559989792,0.7103043061181314,5.5247522548877654,0.7999193554615898
Suryakumar Yadav,2026-06-05,Chepauk Black Soil,Low,102.677151600931,8.644048577964405,0.4077328025783994,4.497360712583885,0.550949715022157
Suryakumar Yadav,2026-06-05,Eden Gardens Clay,High,99.98909885146969,9.974707738586247,-0.2941632642387293,5.702711842519908,0.9440825301669377
Suryakumar Yadav,2026-06-05,Eden Gardens Clay,Low,105.45390655786952,10.833179364619522,0.326448684811278,4.684015089017729,0.5593621725610292
Suryakumar Yadav,2026-06-05,Eden Gardens Clay,High,104.2916522096568,14.218943869714748,0.9385367579950197,5.244354384677058,0.7981178229905568
Suryakumar Yadav,2026-06-05,Wankhede Red Soil,High,107.15404709476415,11.707266113417072,0.5574885121739047,6.22933605602558,0.8025858937143943
Suryakumar Yadav,2026-06-05,Eden Gardens Clay,High,97.95900520528006,13.001493963683016,-0.16590744323557116,3.278020231396611,0.5200606691757068
Suryakumar Yadav,2026-06-05,Eden Gardens Clay,Low,108.34608555678446,10.299787001594998,0.37079346911249544,1.799568676521456,0.681580339246127
Suryakumar Yadav,2026-06-05,Chepauk Black Soil,High,96.85196739007968,8.754577185375004,0.5098569423714997,6.8912389659843285,0.5623388444799112
Suryakumar Yadav,2026-06-05,Chepauk Black Soil,Low,107.1802174787864,15.293489976423533,0.7180980929313424,3.402034160733841,0.7858001797917756
Suryakumar Yadav,2026-06-05,Chepauk Black Soil,Low,113.32921356261366,13.18097575200216,0.88136837648504,6.3539236559198535,0.6227749878208245
Suryakumar Yadav,2026-06-05,Chepauk Black Soil,Low,103.72227355607983,15.16011698367663,1.0449611663116358,1.9373883621031265,0.6097920624754621
Suryakumar Yadav,2026-06-05,Wankhede Red Soil,High,100.67803235994108,12.249285274832932,0.06507609353196511,3.410013826768123,0.9883962939279588
Suryakumar Yadav,2026-06-05,Wankhede Red Soil,Low,102.03583795060486,13.399927848514345,-0.7687174962545881,5.883239126550505,1.0341363864432425
Suryakumar Yadav,2026-06-05,Chepauk Black Soil,High,93.64518256391877,9.171603114754008,0.14141819410625012,2.9520397391453828,0.7785010847327526
Suryakumar Yadav,2026-06-05,Eden Gardens Clay,High,102.17069939694373,15.33247933073494,0.3445491349177745,8.712745453513227,0.99782014067002
Suryakumar Yadav,2026-06-05,Chepauk Black Soil,Low,117.64593351830804,9.608966015062897,0.022257036597771673,3.5475599620866256,0.7206080645048725
Suryakumar Yadav,2026-06-05,Chepauk Black Soil,Low,112.22040736810703,14.88545871241962,0.6818378192832417,4.314282774266934,0.5571912982312291
Suryakumar Yadav,2026-06-05,Eden Gardens Clay,Low,112.09266973287647,11.174451394806642,-0.8480064657822031,2.91811909355038,0.9781817233313033
Suryakumar Yadav,2026-06-05,Eden Gardens Clay,Low,100.92213307006163,9.935538102107866,-0.20061001575384663,6.691772729483977,0.6814575211633331
Suryakumar Yadav,2026-06-05,Eden Gardens Clay,High,97.9529115100723,14.356599205086352,-0.301638867175789,4.522520386565902,0.6623848733764938
Suryakumar Yadav,2026-06-05,Chepauk Black Soil,Low,114.53405337802748,15.269265399654344,1.2253291891070777,6.059865215647735,0.668383956403815
Suryakumar Yadav,2026-06-05,Eden Gardens Clay,High,99.4155953270241,12.893588041379198,-0.06891430320206648,3.279970398431976,0.9935693221332265
Suryakumar Yadav,2026-06-05,Chepauk Black Soil,High,110.40035490737299,8.120989895384294,0.7059178655227782,2.5027243386320217,0.4496883055759089
Suryakumar Yadav,2026-06-05,Eden Gardens Clay,Low,110.43028216343521,11.050486995000423,-0.2944572962568255,4.445432077403748,0.9179280767637974
Suryakumar Yadav,2026-06-05,Chepauk Black Soil,Low,113.83293121040782,14.699846805469551,1.1049205682582455,4.4995400045587175,0.7758374673562187
Suryakumar Yadav,2026-06-05,Wankhede Red Soil,High,99.5156881830671,13.245552272741822,-0.08459511296358802,5.598835762222809,1.1583257170325132
Suryakumar Yadav,2026-06-05,Wankhede Red Soil,High,104.1657450667713,15.142390720469912,-0.3869235489985533,4.9480251557161905,1.1723315039098634
Suryakumar Yadav,2026-06-05,Wankhede Red Soil,Low,105.18780233256041,13.359877771920313,-0.18077139418789034,3.2370205388090976,0.9972236362396206
Ishan Kishan,2026-06-05,Wankhede Red Soil,Low,118.2152576587419,8.003971644417668,0.5327990258424761,6.548988987269356,0.7486646564940629
Ishan Kishan,2026-06-05,Eden Gardens Clay,Low,119.68668244973512,9.661795750871438,-0.1590640650235169,4.68965319710307,0.778909027231985
Ishan Kishan,2026-06-05,Wankhede Red Soil,Low,110.46811384454038,15.345468819569358,0.36549221678334654,5.3597775902305145,0.6104744747578473
Ishan Kishan,2026-06-05,Chepauk Black Soil,High,106.78065599139815,9.398732917883585,0.0019434665264474794,6.967946814086152,0.7517422882418351
Ishan Kishan,2026-06-05,Wankhede Red Soil,High,112.95755820771602,15.422776291334234,0.37967076441058245,4.062269191455401,0.8388695821372071
Ishan Kishan,2026-06-05,Wankhede Red Soil,High,97.6517157417227,15.87537992419597,0.035113666075823606,4.35921324539421,0.6836482658319801
Ishan Kishan,2026-06-05,Wankhede Red Soil,High,98.11857325114356,11.733779459312895,-0.337341795392695,3.4194830822340134,1.0340877363207632
Ishan Kishan,2026-06-05,Wankhede Red Soil,Low,104.92476895240812,13.036555552210437,-0.1588583828436475,4.999017180460566,0.9539703553218124
Ishan Kishan,2026-06-05,Chepauk Black Soil,High,106.94073298975012,12.294199134796383,-0.27669513560455544,5.830342894678008,0.8098897613692757
Ishan Kishan,2026-06-05,Chepauk Black Soil,Low,105.71457658985133,8.876511319364447,0.6463561641350658,5.343058462614606,0.5218238825625212
Ishan Kishan,2026-06-05,Eden Gardens Clay,High,95.35404552096614,12.292599012899025,-0.5955981645844954,2.5024769639820486,0.9915437173247663
Ishan Kishan,2026-06-05,Chepauk Black Soil,Low,110.26090618026709,14.024905969564509,0.10960170604247875,4.4244096177346215,0.5135589298238828
Ishan Kishan,2026-06-05,Wankhede Red Soil,High,94.14014757188656,13.129204495298154,-0.13504678993497202,2.497706554535396,1.1467789284907244
Ishan Kishan,2026-06-05,Chepauk Black Soil,Low,107.92317680527066,15.417777526052493,-0.13017566228410057,2.898766472142388,0.6618042762510167
Ishan Kishan,2026-06-05,Chepauk Black Soil,Low,111.87925187664288,8.021789227737386,-0.7902417620003712,5.036082586177036,0.45038615529056825
Ishan Kishan,2026-06-05,Chepauk Black Soil,Low,119.21664327198863,11.424230153118726,-0.24082578047616132,4.459357554483334,0.6488570086282502
Ishan Kishan,2026-06-05,Chepauk Black Soil,Low,105.31602873851152,10.382755708676072,-0.46847900062461917,5.721627817656014,0.7701556663527556
Ishan Kishan,2026-06-05,Eden Gardens Clay,Low,100.42484896281039,11.315913122962218,-0.4748124929240607,5.881542744717284,0.5581966046077975
Ishan Kishan,2026-06-05,Wankhede Red Soil,Low,117.69131008509572,10.84506584002251,-0.6423093925847815,3.2790626893376555,1.074437798398365
Ishan Kishan,2026-06-05,Wankhede Red Soil,High,108.25922458909321,11.009759361548673,0.562546384530837,3.8007654163295754,0.9836235060745532
Ishan Kishan,2026-06-05,Chepauk Black Soil,High,98.58122564474496,13.506199454309634,-0.5776501805038896,2.662837317469917,0.7983495016569595
Ishan Kishan,2026-06-05,Eden Gardens Clay,Low,101.15347331719418,13.855843303244615,-0.12479630901757277,1.9454210945445607,0.8547312263957088
Ishan Kishan,2026-06-05,Wankhede Red Soil,Low,102.73715434071708,9.422914366559295,-0.6479151716113041,4.007360080058541,0.9123054235453992
Ishan Kishan,2026-06-05,Chepauk Black Soil,Low,110.3646161707642,15.682199303277063,0.5326990985377752,3.3802300887250505,0.6784682274001619
Ishan Kishan,2026-06-05,Eden Gardens Clay,Low,101.46278901985936,9.88274893190966,0.7639186631298414,2.0246752275481033,0.8527324011223871
Ishan Kishan,2026-06-05,Wankhede Red Soil,High,99.37242400974002,15.537921850121812,0.08451789359176054,4.737723030381086,1.0006185194364956
Ishan Kishan,2026-06-05,Chepauk Black Soil,High,105.51937193581847,13.559411289415927,-0.8178677742179158,6.534933040252522,0.5545492817043047
Ishan Kishan,2026-06-05,Wankhede Red Soil,Low,107.71117944275669,13.2349787824453,0.013140151923562195,2.829270739582446,1.0066596156678678
Ishan Kishan,2026-06-05,Wankhede Red Soil,High,102.65820500437059,9.28954693001209,0.5163467982582649,4.988196938236765,0.9882986905501719
Ishan Kishan,2026-06-05,Wankhede Red Soil,High,109.16611367061289,8.402086796633498,-0.7199636391819078,3.25982706248554,0.9458460644400125
Ishan Kishan,2026-06-05,Eden Gardens Clay,High,101.73663981764291,13.65944339634925,-0.6655055361909588,6.362206171507541,0.5224895575160532
Ishan Kishan,2026-06-05,Wankhede Red Soil,High,99.58717049358437,10.569795305591395,-0.06674063357317853,3.0799448453789626,0.8559241961631221
Ishan Kishan,2026-06-05,Chepauk Black Soil,Low,102.11772865909403,9.3607532457527,0.41557538090520046,5.0703310385049525,0.5342698594466793
Ishan Kishan,2026-06-05,Chepauk Black Soil,Low,103.8705455738993,11.719687902848586,0.1231268690917164,2.5552620340464802,0.6717172713561599
Ishan Kishan,2026-06-05,Chepauk Black Soil,Low,102.01257949372129,15.49306932194396,-0.9017405870222832,5.7011158981252406,0.8057088630275239
Ishan Kishan,2026-06-05,Wankhede Red Soil,Low,101.11623394448202,11.049413129872955,0.6162380485782141,4.20059286715951,1.162270794041439
Ishan Kishan,2026-06-05,Chepauk Black Soil,Low,107.38887097599351,14.680462740954136,-1.27504639297506,5.572790218305934,0.7121932519600558
Ishan Kishan,2026-06-05,Wankhede Red Soil,High,108.54925596749302,8.796713759511139,-0.3026750025465466,5.205757719340662,1.163552912394116
Ishan Kishan,2026-06-05,Eden Gardens Clay,Low,108.09480349244147,11.608650287743146,-0.3082866784289351,6.393836017824329,0.8014827880997709
Ishan Kishan,2026-06-05,Eden Gardens Clay,High,98.76995517654377,11.7824787967296,-0.15239625144243463,6.760436077159227,0.8239282126654439
Ishan Kishan,2026-06-05,Wankhede Red Soil,Low,109.0138021881064,14.061788860909507,-0.2740247005393144,5.56154696960898,0.9723534115204023
Sanju Samson,2026-06-05,Eden Gardens Clay,Low,106.70713524857376,14.043654674028453,-0.1721704072679806,6.1605688175994295,0.5960699695390921
Sanju Samson,2026-06-05,Wankhede Red Soil,High,103.23222138448278,11.650964695586191,-0.08589056475314649,7.4184814334552165,0.9201170196032441
Sanju Samson,2026-06-05,Eden Gardens Clay,Low,110.31112437750713,9.507742131389454,0.19524522496755714,3.87772327122383,0.8262493010218295
Sanju Samson,2026-06-05,Eden Gardens Clay,Low,117.62403917863291,8.924954378110622,-0.5900817897868236,1.612882194136862,0.6512815802041587
Sanju Samson,2026-06-05,Eden Gardens Clay,Low,105.56874562935597,11.233668931058068,-0.08343051561089943,4.512862334704661,0.5574693120198928
Sanju Samson,2026-06-05,Wankhede Red Soil,Low,119.40541151853523,15.340688535075586,0.318981792272645,5.59003572777581,0.9514676708428415
Sanju Samson,2026-06-05,Chepauk Black Soil,Low,115.78884142666821,8.136172331824575,0.36529255617913897,4.249132417650096,0.601538523332945
Sanju Samson,2026-06-05,Chepauk Black Soil,High,97.24832431183441,14.86462608301396,1.2747277935292343,7.775784689177158,0.7015556764824381
Sanju Samson,2026-06-05,Eden Gardens Clay,Low,109.54919480591457,8.734453384541261,0.14737675210268097,2.684145209640204,0.9948153279318025
Sanju Samson,2026-06-05,Eden Gardens Clay,High,106.99007833617037,9.304474315723606,0.6377427054807188,4.551053867734296,0.8236742075350585
Sanju Samson,2026-06-05,Wankhede Red Soil,Low,114.69772124302364,11.322932695022455,0.398313900712831,6.8104308606777435,0.8147536086093833
Sanju Samson,2026-06-05,Chepauk Black Soil,High,108.92934068147977,9.588162316598908,0.6612410101261025,7.350250260522018,0.43440806364252105
Sanju Samson,2026-06-05,Eden Gardens Clay,High,106.5234224409904,14.165249902516415,0.7410770009439169,6.916195485528682,0.9651913709295634
Sanju Samson,2026-06-05,Chepauk Black Soil,High,110.3358291344685,15.01611661120051,0.3028840450264076,2.9072915888252857,0.4535495040714963
Sanju Samson,2026-06-05,Eden Gardens Clay,High,100.24871661225421,13.974818503013397,0.5748902610028377,6.248089155489834,0.7731441787539995
Sanju Samson,2026-06-05,Eden Gardens Clay,Low,107.64147072913055,12.48573867744429,-0.3241537492842228,3.5418275528727308,0.5682224766709802
Sanju Samson,2026-06-05,Chepauk Black Soil,High,110.14705524747826,12.953293448447315,-1.119432118358492,6.021200755773039,0.6889628593946191
Sanju Samson,2026-06-05,Wankhede Red Soil,High,101.34407542560578,15.894017907952142,0.5856788196751964,4.871842814093331,0.8008187913124175
Sanju Samson,2026-06-05,Wankhede Red Soil,High,104.64268892538412,9.611034107865487,-0.11199086108216215,3.0350272681737676,0.734034217327835
Sanju Samson,2026-06-05,Wankhede Red Soil,High,113.23154481049139,12.080667793014058,-0.48063477613236416,3.312614488461691,0.7034450916935436
Sanju Samson,2026-06-05,Eden Gardens Clay,High,100.08529958469946,8.003685475931878,-0.8262010432737428,6.134079421632627,0.5233554103123399
Sanju Samson,2026-06-05,Chepauk Black Soil,Low,107.66622684727479,14.898041812757247,-0.5378968278397012,3.100706875807853,0.6619071425143
Sanju Samson,2026-06-05,Eden Gardens Clay,Low,117.90578958391905,9.653411535666699,-0.2814599951153156,5.561143237918809,0.8462920893491348
Sanju Samson,2026-06-05,Chepauk Black Soil,Low,110.94283933413287,9.531763779807717,-0.6496160273000211,6.170996226075941,0.6852310347124164
Sanju Samson,2026-06-05,Chepauk Black Soil,High,103.20882382454617,9.247937534380696,0.3681864114603692,7.550921085415753,0.8141751703280125
Sanju Samson,2026-06-05,Wankhede Red Soil,Low,116.66818292964719,11.008008456148625,0.18843460638669268,5.9282058505104684,0.8543002374061898
Sanju Samson,2026-06-05,Wankhede Red Soil,High,96.48913748290244,11.452663799373559,-0.7652255617489486,6.059219936623402,0.8052169411697819
Sanju Samson,2026-06-05,Chepauk Black Soil,High,113.65350367309176,12.629216266932406,1.0538804831007482,6.686769855277109,0.7378400060114451
Sanju Samson,2026-06-05,Chepauk Black Soil,Low,116.44706298209039,11.899943169594534,-1.100927887826459,2.8313988076953724,0.6249623963054972
Sanju Samson,2026-06-05,Chepauk Black Soil,Low,114.0543120515876,13.482712420813993,0.9194898796971362,4.825474231157842,0.47321974205523787
Sanju Samson,2026-06-05,Eden Gardens Clay,High,102.05176479971267,14.400805752563251,0.427361251658146,5.8048498114865765,0.7529808628393662
Sanju Samson,2026-06-05,Eden Gardens Clay,High,94.56562436037636,14.207037270960306,-0.4678162992001922,2.1172701710482498,0.7943642620524598
Sanju Samson,2026-06-05,Wankhede Red Soil,High,110.92846894475807,12.257144062584114,-0.34087163646193785,5.26869322046012,0.6328333799196578
Sanju Samson,2026-06-05,Wankhede Red Soil,Low,108.13321647348074,11.609212544056868,0.32999888227692725,1.8106021564515298,0.6345342137276125
Sanju Samson,2026-06-05,Eden Gardens Clay,High,111.94837543840953,10.957412369427363,-0.5290343897885896,5.012696298369352,0.7945248139490108
Sanju Samson,2026-06-05,Eden Gardens Clay,High,114.40657142088037,15.5344733050146,0.8737165450421471,2.3089029699146897,0.6896690640357044
Sanju Samson,2026-06-05,Eden Gardens Clay,High,105.81071371162402,11.322659358216724,-0.9811530752131423,2.569505349500039,0.7717812261942805
Sanju Samson,2026-06-05,Chepauk Black Soil,High,106.88315063800583,15.224390806636272,-0.3495332841551601,7.353752846036652,0.4904276127985795
Sanju Samson,2026-06-05,Eden Gardens Clay,Low,113.11863672830941,10.885808203065777,0.933278981990532,6.241132913777908,0.7279032889915853
Sanju Samson,2026-06-05,Wankhede Red Soil,High,95.46217064611837,15.304077024076479,0.15337618985816803,5.761479444165136,0.8720621910763646
Sanju Samson,2026-06-05,Chepauk Black Soil,Low,115.77629024122253,14.32181939091485,1.1970644159358044,3.435503645515851,0.4399179202665962
Sanju Samson,2026-06-05,Wankhede Red Soil,Low,111.6318057373645,14.143931534783349,-0.3452167467025893,6.101071812335997,0.8812019679181308
Sanju Samson,2026-06-05,Eden Gardens Clay,High,97.99699783918284,13.899929769554213,0.720392961263695,4.613406495128382,0.9412408056686828
Sanju Samson,2026-06-05,Eden Gardens Clay,Low,111.71838636234517,8.517845669403755,-0.4847291109834555,6.864811271605578,0.8303251629748922
Sanju Samson,2026-06-05,Chepauk Black Soil,High,98.32519435480079,8.633869719361241,-0.9038479057555616,8.982112412152231,0.7248335824592166
Sanju Samson,2026-06-05,Wankhede Red Soil,Low,103.58183658397874,11.284098277956954,0.6252685838737687,5.583418358332883,0.7929611921142202
Sanju Samson,2026-06-05,Chepauk Black Soil,High,113.07626375952798,10.285589895040104,-0.2598247969929444,7.263993197133228,0.45938363017403677
Sanju Samson,2026-06-05,Chepauk Black Soil,High,108.01328607828681,13.314128823581193,-0.11689760717218105,4.448660514515753,0.5166559134515402
Sanju Samson,2026-06-05,Chepauk Black Soil,Low,100.3913021895128,10.983600285174832,-0.6696479802171752,2.247710798229539,0.816465414267358
Sanju Samson,2026-06-05,Chepauk Black Soil,Low,113.74952216303613,13.545927512173739,-0.7772751576439638,2.1139201347851424,0.5834822878549467
Sanju Samson,2026-06-05,Eden Gardens Clay,High,95.58646707631057,8.034203215047695,0.7957082415093883,5.926454688008906,0.7008700188257322
Bhuvneshwar Kumar,2026-06-05,Chepauk Black Soil,Low,147.70263216889717,9.78819988265671,1.2416970802261358,6.874046435226994,1.0747615865181452
Bhuvneshwar Kumar,2026-06-05,Eden Gardens Clay,High,131.511688882447,13.846785407196933,0.15455049116524422,6.214920856481677,1.0390610145474095
Bhuvneshwar Kumar,2026-06-05,Wankhede Red Soil,Low,139.11921536683988,11.31150096309791,0.2599771595812806,2.55033725097944,1.3799625706978371
Bhuvneshwar Kumar,2026-06-05,Chepauk Black Soil,High,125.43816441243521,13.166035043922957,-0.23314028288410057,6.577149699966914,1.0022906085919425
Bhuvneshwar Kumar,2026-06-05,Chepauk Black Soil,Low,132.31338377068553,12.16484453368833,1.148796909162072,5.410352717150287,1.1305168021156318
Bhuvneshwar Kumar,2026-06-05,Eden Gardens Clay,Low,131.2917846373691,12.614912356597817,0.9544298781905436,4.144474279776705,0.9539899372887959
Bhuvneshwar Kumar,2026-06-05,Eden Gardens Clay,High,134.3356545641435,14.875774742818624,0.558670657309112,4.831359825882085,1.302105656174355
Bhuvneshwar Kumar,2026-06-05,Eden Gardens Clay,Low,132.6313993755336,9.215095584997329,-0.22560206807885153,4.809621375625051,1.0203755273283697
Bhuvneshwar Kumar,2026-06-05,Wankhede Red Soil,High,135.61287046777363,12.631557300557494,-0.49539947080622504,8.581627724303885,1.1861732690501003
Bhuvneshwar Kumar,2026-06-05,Chepauk Black Soil,High,132.99987152759283,9.129458547490177,0.768274743638717,6.290398608827763,0.7298443981494513
Bhuvneshwar Kumar,2026-06-05,Wankhede Red Soil,Low,143.99421918398377,8.254736212066394,0.2412526333556576,2.831950696063388,1.6691347058725192
Bhuvneshwar Kumar,2026-06-05,Eden Gardens Clay,High,132.97627648945465,14.026407912041417,-0.9390976291435191,6.01924470420336,0.834223219631976
Bhuvneshwar Kumar,2026-06-05,Chepauk Black Soil,Low,139.62438314234151,14.960046799064266,0.2786444553809593,2.652846734884598,1.1042678108666055
Bhuvneshwar Kumar,2026-06-05,Wankhede Red Soil,Low,137.62391856814835,11.399830114736421,0.04127186272225867,2.789180491686252,1.212033300097983
Bhuvneshwar Kumar,2026-06-05,Eden Gardens Clay,Low,134.2982640899426,12.005733812500782,-0.3333246361510305,6.747290325950835,1.3799561261880582
Bhuvneshwar Kumar,2026-06-05,Eden Gardens Clay,High,135.73075083283314,11.731490299255611,0.8801065637843919,2.0798050876661898,1.2900318926802745
Bhuvneshwar Kumar,2026-06-05,Wankhede Red Soil,High,128.33136661794077,13.193025678843124,0.7916748952984826,2.87809480624495,1.3392639323235158
Bhuvneshwar Kumar,2026-06-05,Wankhede Red Soil,High,131.3628893453729,12.291363785521295,0.7802966255294115,4.5109430069716625,1.0739853673543143
Bhuvneshwar Kumar,2026-06-05,Wankhede Red Soil,High,126.51639544046161,9.043838448961617,-0.6890431379238889,6.781871181339801,1.1101402972532284
Bhuvneshwar Kumar,2026-06-05,Eden Gardens Clay,High,130.12573131646673,14.490762461158443,-0.9690569890146561,9.186967121010019,0.9060132551161468
Bhuvneshwar Kumar,2026-06-05,Eden Gardens Clay,Low,133.54713797223945,12.183149200046007,0.7964576113023694,5.563180997131647,1.1506782661535926
Bhuvneshwar Kumar,2026-06-05,Chepauk Black Soil,High,126.01080217779511,8.046905855692541,-0.8369462366665618,2.5932325948850234,1.1525880594187243
Bhuvneshwar Kumar,2026-06-05,Wankhede Red Soil,High,120.88628012204796,8.909384567547999,0.21479717641988483,6.145959905542308,1.4521190846064
Bhuvneshwar Kumar,2026-06-05,Eden Gardens Clay,Low,137.21631652684349,14.24207528579521,-0.7276260857447707,2.258476690634912,1.3522947914453396
Bhuvneshwar Kumar,2026-06-05,Eden Gardens Clay,High,140.29844992032073,13.194292943179573,-0.1455877604310638,6.239187262538192,0.9643745552960051
Bhuvneshwar Kumar,2026-06-05,Chepauk Black Soil,High,131.15180346282781,12.125244004731178,-0.3883832353824365,8.156097159019993,1.0955961063967543
Bhuvneshwar Kumar,2026-06-05,Eden Gardens Clay,High,140.2581085902425,10.354634206614069,0.4001094612721934,5.824316863943758,1.4489082206843347
Bhuvneshwar Kumar,2026-06-05,Eden Gardens Clay,High,136.19604020878,8.737874750438635,-0.5465573005743352,6.486612912676785,1.4337573598690079
Bhuvneshwar Kumar,2026-06-05,Wankhede Red Soil,Low,143.9840256354211,8.28134044659788,-0.22706304526878932,5.765187917351596,1.7456809121624228
Bhuvneshwar Kumar,2026-06-05,Chepauk Black Soil,High,128.1744341502862,11.889119508388376,-1.0769573454689407,6.690190391953157,0.9869673902370238
Bhuvneshwar Kumar,2026-06-05,Wankhede Red Soil,Low,137.58249873693475,13.425114476175661,0.14530803420524344,3.512749196400353,1.7912507654184673
Bhuvneshwar Kumar,2026-06-05,Eden Gardens Clay,High,124.49302243532982,13.248498833416141,0.7853920193246553,4.1019572642063595,1.2987147627559907
Bhuvneshwar Kumar,2026-06-05,Chepauk Black Soil,High,128.74968773921202,11.628468707085176,0.9652743252966237,2.6880756903192027,0.7675788428277682
Bhuvneshwar Kumar,2026-06-05,Eden Gardens Clay,Low,146.9198241474584,10.213179824033439,-0.9432755780066604,3.7248072766883187,0.8352051625126048
Bhuvneshwar Kumar,2026-06-05,Eden Gardens Clay,High,142.02160296037493,13.565076974879073,0.660956058481148,7.046534089935699,1.0331529280601635
Bhuvneshwar Kumar,2026-06-05,Chepauk Black Soil,Low,130.7676208974827,9.938041339647047,-1.1593218704166008,6.458243901600184,1.2269395245259533
Bhuvneshwar Kumar,2026-06-05,Eden Gardens Clay,High,134.86141750535327,10.941186010660452,-0.31300552307667595,4.725439095630537,1.1667516437065326
Bhuvneshwar Kumar,2026-06-05,Wankhede Red Soil,High,125.86352617177769,12.815646855187847,-0.6183570561292806,2.5281831709518228,1.4919756150956973
Bhuvneshwar Kumar,2026-06-05,Wankhede Red Soil,Low,133.9579501793498,14.93212573251294,0.719049629248837,6.349083315375729,1.694210487408362
Bhuvneshwar Kumar,2026-06-05,Eden Gardens Clay,Low,138.54190187302007,13.29149419960956,-0.9077325092621977,4.440747837066764,0.9732364998816165
Bhuvneshwar Kumar,2026-06-05,Wankhede Red Soil,High,128.8003318242308,8.111772284552282,0.5981459943576782,6.42349918940255,1.4755090400511806
Bhuvneshwar Kumar,2026-06-05,Wankhede Red Soil,Low,138.09247615307788,10.608916215639454,-0.4660226114391883,1.582707585446614,1.0660150816776253
Bhuvneshwar Kumar,2026-06-05,Wankhede Red Soil,Low,140.48924275239165,9.571260774091588,-0.6389774401972649,2.4490055105517996,1.5942636964177093
Bhuvneshwar Kumar,2026-06-05,Eden Gardens Clay,Low,141.0668082451428,15.105183549651175,-0.0991688910466968,5.457238770962222,0.9010508020146347
Shardul Thakur,2026-06-05,Wankhede Red Soil,High,134.88094843357555,12.003612723513385,-0.41289017367677516,5.577690662621113,1.5490829064692153
Shardul Thakur,2026-06-05,Chepauk Black Soil,Low,141.79439748349432,11.741065577327602,-0.20163817665967423,4.302074308212874,1.0482671174187976
Shardul Thakur,2026-06-05,Chepauk Black Soil,High,130.4940063940463,13.042309047249699,-0.3015084470724772,7.636980723456199,1.2467526413404693
Shardul Thakur,2026-06-05,Eden Gardens Clay,High,140.38751792818368,13.708564729455006,-0.9928623501405878,2.332576818286431,1.2485245233166014
Shardul Thakur,2026-06-05,Eden Gardens Clay,High,133.8782592948722,13.682574870421337,-0.8189214939369391,5.880421337451289,1.2131318634986596
Shardul Thakur,2026-06-05,Wankhede Red Soil,High,131.76332163282632,15.935410509354362,-0.7392213739778891,7.1512825969604785,1.15508558105571
Shardul Thakur,2026-06-05,Eden Gardens Clay,Low,139.87366126154495,9.422601853878806,-0.6267618103817545,6.624695829204602,1.2072391321856728
Shardul Thakur,2026-06-05,Chepauk Black Soil,High,137.5757120990074,14.337252672846308,-0.6419876311554662,6.117575878864426,1.1004835032633697
Shardul Thakur,2026-06-05,Eden Gardens Clay,High,140.84049649564747,15.157727102443868,-0.4351943811837049,5.771671202303023,0.8050858603600142
Shardul Thakur,2026-06-05,Eden Gardens Clay,Low,133.94780891156043,15.344209428319921,0.5715386820780923,5.25559002344429,0.9922874852976438
Shardul Thakur,2026-06-05,Wankhede Red Soil,Low,132.1444254960466,12.541301617478643,-0.0967113965906707,6.85214001055534,1.2064282334371186
Shardul Thakur,2026-06-05,Chepauk Black Soil,Low,134.93191079422542,13.00785766451152,-0.175596567434117,4.937380358291229,1.0053889627003718
Shardul Thakur,2026-06-05,Chepauk Black Soil,Low,134.0371634258218,13.593205222259222,1.2379856657626092,2.561058532300579,0.9754179644033618
Shardul Thakur,2026-06-05,Chepauk Black Soil,High,132.09659873677094,13.483974132786308,-0.6581134813876909,7.091113201461935,1.0834435047613722
Shardul Thakur,2026-06-05,Chepauk Black Soil,High,129.13096977069756,11.623295193702106,-1.0714233690804307,8.837291607465605,1.0716324420706405
Shardul Thakur,2026-06-05,Eden Gardens Clay,Low,137.15172789754087,12.37463512809741,0.9844108203666664,2.6587955546551525,1.436031935945226
Shardul Thakur,2026-06-05,Chepauk Black Soil,High,130.3648512354284,14.610941496773755,0.6270691551577331,6.823624063749102,0.9155623575037124
Shardul Thakur,2026-06-05,Chepauk Black Soil,High,138.00412451061578,9.565032984815549,-0.4941296963611512,6.213617457077119,0.8366129022485673
Shardul Thakur,2026-06-05,Chepauk Black Soil,Low,147.16573364611492,9.113722699914135,-1.230673001815306,6.501061084166507,1.0198223650981921
Shardul Thakur,2026-06-05,Wankhede Red Soil,High,129.64284142861297,15.219770913721678,-0.44019832008044024,4.223433636590636,0.9800690580041689
Shardul Thakur,2026-06-05,Wankhede Red Soil,High,122.04883583164826,13.706926107364946,-0.3127733655348186,7.7926296718924615,1.3206749131030324
Shardul Thakur,2026-06-05,Chepauk Black Soil,Low,131.00048262899952,14.295907362876761,-0.6642571710768798,2.593893082317563,1.1334588713580862
Shardul Thakur,2026-06-05,Eden Gardens Clay,High,133.31216693631478,12.613015836876098,0.2844556061490433,3.9823228276377893,1.3926619966940357
Shardul Thakur,2026-06-05,Wankhede Red Soil,High,142.3290809655192,13.684571517703981,0.42523312197338703,3.8258125401479037,1.7433569438856478
Shardul Thakur,2026-06-05,Wankhede Red Soil,High,142.49325929412862,11.015091878768116,-0.6565628207192762,2.907146571288114,1.6852320133346843
Shardul Thakur,2026-06-05,Chepauk Black Soil,High,137.8711793875272,10.786733488367979,-0.5749230742823146,8.187946455565534,0.9663276367519751
Shardul Thakur,2026-06-05,Eden Gardens Clay,High,131.2313738384881,9.646236495476067,0.6741654473555474,3.0732516531761247,1.179104572380023
Shardul Thakur,2026-06-05,Chepauk Black Soil,Low,137.8240316089884,8.070817353078008,0.2073848859183989,2.5755099236244163,1.0580953333464178
Shardul Thakur,2026-06-05,Chepauk Black Soil,High,130.037219227937,12.214304008835347,-1.2433012797960787,4.100128952156821,0.7933314211738349
Shardul Thakur,2026-06-05,Eden Gardens Clay,Low,141.21515047419126,15.635936990886282,0.4233320234006146,5.6909954416546,1.0347917041077093
Shardul Thakur,2026-06-05,Chepauk Black Soil,High,135.01784646174974,12.181258950729479,-0.8066115969952632,2.4116102366216934,1.0893255919002554
Shardul Thakur,2026-06-05,Wankhede Red Soil,Low,133.4110168903243,11.539019893568316,-0.011136715400188103,2.8637939832083705,1.4463522693405118
Shardul Thakur,2026-06-05,Chepauk Black Soil,Low,148.1113097618283,9.027358155197824,0.5092112394589221,6.572374894346078,1.0974123503643964
Shardul Thakur,2026-06-05,Eden Gardens Clay,High,123.63807427429836,10.289980727462286,0.49244097989930213,1.8664004649560917,1.2428273500129945
Shardul Thakur,2026-06-05,Chepauk Black Soil,High,128.8918596934997,15.538598952759926,0.7715204348539753,2.4746293914518027,1.120289240868529
Shardul Thakur,2026-06-05,Chepauk Black Soil,Low,149.07381903469536,10.542918687664653,0.04226776256934422,6.205512339486024,1.245632113993546
Shardul Thakur,2026-06-05,Chepauk Black Soil,Low,133.03672993237805,15.663392796304343,-0.17878938680598105,5.112025390486501,0.8904585635136515
Shardul Thakur,2026-06-05,Eden Gardens Clay,High,137.05360119436247,13.73806367280034,0.4152850554013343,2.1873785905249816,0.9139212855526814
Shardul Thakur,2026-06-05,Chepauk Black Soil,High,143.76371216179612,14.144264709300513,0.21229621810237329,5.693693228055796,0.8628472173885265
Shardul Thakur,2026-06-05,Chepauk Black Soil,High,125.95198972584609,8.745828645010953,-0.8815864620209167,5.683889251213782,1.1959705536499208
Shardul Thakur,2026-06-05,Eden Gardens Clay,High,130.91785319901467,9.886200360923826,-0.18404207867910927,2.6328315847738133,0.9981670396264807
Shardul Thakur,2026-06-05,Wankhede Red Soil,Low,149.7188208881924,11.652607301220712,-0.3827736412177533,2.57853722868255,1.5197193969640934
Shardul Thakur,2026-06-05,Chepauk Black Soil,High,133.80987226811573,15.090987800113744,0.9837781503163711,2.684714354267879,1.0963640140489161
Shardul Thakur,2026-06-05,Eden Gardens Clay,High,140.90317620084807,12.829485413326445,0.9962893538793551,7.333858790246418,0.9020900193823038
Shardul Thakur,2026-06-05,Eden Gardens Clay,High,130.74501098936034,8.742257686261059,0.22757610546928753,2.7162666426714357,0.8847396649232081
Yashasvi Jaiswal,2026-06-05,Eden Gardens Clay,High,102.55568574989162,11.946116575124087,0.9890235167015153,2.4407733534370535,0.6109603150438978
Yashasvi Jaiswal,2026-06-05,Chepauk Black Soil,High,107.87142797974106,8.446459144175552,0.5888755426843819,6.125332912647664,0.5225791680022278
Yashasvi Jaiswal,2026-06-05,Chepauk Black Soil,High,103.87933550746489,13.149917077445366,0.25729361463401457,3.5256899518289506,0.8422858433583461
Yashasvi Jaiswal,2026-06-05,Wankhede Red Soil,Low,117.17947247751476,11.746595903244557,-0.18981898515135837,6.1923951152874475,0.7380742500563022
Yashasvi Jaiswal,2026-06-05,Wankhede Red Soil,Low,118.70018887222109,15.913678674413545,0.5601252977957776,4.447384586826305,0.626693798523062
Yashasvi Jaiswal,2026-06-05,Eden Gardens Clay,Low,116.5722968554778,15.19329762567926,-0.17923940904121882,3.3502188090867353,0.7021791738654579
Yashasvi Jaiswal,2026-06-05,Chepauk Black Soil,Low,119.85019835150553,11.595132254063643,-0.5708372097890142,5.337792674252363,0.6883268008656589
Yashasvi Jaiswal,2026-06-05,Wankhede Red Soil,High,96.94988623264607,14.598642043811406,0.3734100929427053,7.680108699456424,0.6728808550425655
Yashasvi Jaiswal,2026-06-05,Eden Gardens Clay,Low,116.42724022083996,13.583219479419888,-0.3400014030069729,3.031190515289074,0.8044421200126126
Yashasvi Jaiswal,2026-06-05,Wankhede Red Soil,Low,104.49342565944602,15.534257682055465,0.32388495265844863,3.04471460638353,1.0785469509079926
Yashasvi Jaiswal,2026-06-05,Chepauk Black Soil,Low,108.60098647566664,11.827661903896605,0.09459890870767555,2.0506099626195256,0.7881235741447681
Yashasvi Jaiswal,2026-06-05,Wankhede Red Soil,Low,117.4206791110682,10.823805528024215,-0.009165144778688728,5.862109666778419,0.7708778292478672
Yashasvi Jaiswal,2026-06-05,Wankhede Red Soil,Low,106.6994848800832,11.753294340186219,-0.16809341202031797,2.8369506501033244,0.8558663991023163
Yashasvi Jaiswal,2026-06-05,Wankhede Red Soil,High,110.89045468189157,8.059424792910495,-0.07636608447484772,2.75619527435906,1.0244565720136052
Yashasvi Jaiswal,2026-06-05,Wankhede Red Soil,Low,118.50160075429196,12.687651443371344,0.400002565198197,2.399291392102758,0.7833217626873746
Yashasvi Jaiswal,2026-06-05,Wankhede Red Soil,High,95.6967050067719,14.62632289432914,-0.436031284849207,7.778161889860353,1.0874871096236398
Yashasvi Jaiswal,2026-06-05,Eden Gardens Clay,High,108.05253309181259,14.583340941113384,0.1693624774251079,8.489545180797897,0.7534102807527672
Yashasvi Jaiswal,2026-06-05,Wankhede Red Soil,Low,108.78026754462978,10.289981507327948,0.46239028986077546,2.022563391048779,0.6513089454947624
Yashasvi Jaiswal,2026-06-05,Eden Gardens Clay,High,113.11416549032508,13.952975420603979,0.5101414305526772,5.608965262393437,0.8044162221366921
Yashasvi Jaiswal,2026-06-05,Wankhede Red Soil,High,103.62064691670872,8.855443300166307,0.04150160444634246,6.417630804248347,1.1023871639737206
Yashasvi Jaiswal,2026-06-05,Wankhede Red Soil,Low,103.46017393950568,15.157866043500185,-0.21952061880520157,6.831754738235509,1.0265426119646408
Yashasvi Jaiswal,2026-06-05,Wankhede Red Soil,High,101.61868147702295,8.797041097322325,0.2820510544204852,4.044215681172519,0.9641726074848064
Yashasvi Jaiswal,2026-06-05,Chepauk Black Soil,High,101.71962308694778,15.698599970935513,-0.1070475635517324,7.177211918234546,0.589438645002356
Yashasvi Jaiswal,2026-06-05,Chepauk Black Soil,Low,106.1396067444285,8.302352393144378,-0.52516524356604,6.066377608610527,0.6674908218127504
Yashasvi Jaiswal,2026-06-05,Eden Gardens Clay,High,109.77420548915568,9.311573929636955,-0.2091709549209677,4.053771165189124,0.5022960659194071
Yashasvi Jaiswal,2026-06-05,Wankhede Red Soil,High,99.11138533366854,9.715238707092382,-0.013277324494561961,1.9819431784649089,0.9601447740963888
Yashasvi Jaiswal,2026-06-05,Eden Gardens Clay,Low,115.68620276633274,8.559817449707671,0.991161093084101,6.712524078719352,0.9809622083193963
Yashasvi Jaiswal,2026-06-05,Wankhede Red Soil,Low,117.97733334251325,11.214192872119712,0.17317846147150873,6.129974577390167,0.9025032286735994
Yashasvi Jaiswal,2026-06-05,Chepauk Black Soil,Low,104.50766356137221,12.626807930644858,-0.8859115127918253,6.94966005837602,0.7297553665518657
Yashasvi Jaiswal,2026-06-05,Chepauk Black Soil,Low,102.7359941878077,8.152594346829847,1.110256101125631,2.515084845977454,0.7189871438987564
Yashasvi Jaiswal,2026-06-05,Chepauk Black Soil,Low,114.97132842131953,15.760646457025187,0.8323766403933058,4.491542094272429,0.4467619129626613
Yashasvi Jaiswal,2026-06-05,Eden Gardens Clay,Low,115.7016477277,13.952719360689443,-0.4179212342106007,3.2649909936735373,0.5826050738785019
Yashasvi Jaiswal,2026-06-05,Chepauk Black Soil,Low,116.2397634823645,11.05177408305639,-0.6504713459444906,3.7691057588696686,0.4530081091444387
Yashasvi Jaiswal,2026-06-05,Wankhede Red Soil,Low,112.05714152682823,15.355980176254302,-0.2427528878126708,5.210721659737186,1.1397363889273464
Yashasvi Jaiswal,2026-06-05,Chepauk Black Soil,Low,110.44786827930191,9.327295104991133,-1.1505876012679728,5.827115166254181,0.5923156212999702
Yashasvi Jaiswal,2026-06-05,Eden Gardens Clay,Low,111.32782825718846,11.928467464542544,0.9705690534530564,2.986449677734427,0.9901533311557278
Yashasvi Jaiswal,2026-06-05,Eden Gardens Clay,Low,112.2326689734823,9.28097996909969,0.04443251048574837,3.9878318342756907,0.5665763873375032
Yashasvi Jaiswal,2026-06-05,Eden Gardens Clay,High,97.7922352464112,9.415715619833485,-0.38564194524026574,4.756557762005251,0.7923448759610137
Rinku Singh,2026-06-05,Wankhede Red Soil,High,111.61716961107902,14.297165170909977,0.35944029911257813,2.6015186415311984,0.7617941592391139
Rinku Singh,2026-06-05,Chepauk Black Soil,High,108.5776307208361,13.637060525564927,-1.0638764962465048,7.381985663904016,0.7696313639956844
Rinku Singh,2026-06-05,Eden Gardens Clay,Low,109.63430293586367,14.602776962404498,-0.2979264385767275,6.530194114683525,0.9539286849324262
Rinku Singh,2026-06-05,Eden Gardens Clay,High,104.29384542880526,11.759613277497923,-0.0837089359655514,9.266190002694124,0.6379047366644425
Rinku Singh,2026-06-05,Wankhede Red Soil,Low,111.22689644882584,13.224641468073774,-0.22069999230714893,2.613946513857851,0.6395127138679222
Rinku Singh,2026-06-05,Eden Gardens Clay,High,109.2792007754979,14.87643537670723,-0.45497662061847866,5.261415116028951,0.9345337718920492
Rinku Singh,2026-06-05,Wankhede Red Soil,High,96.3732861195291,13.453925654286966,-0.19647092229626306,7.095316742714017,1.0375017690768347
Rinku Singh,2026-06-05,Eden Gardens Clay,High,97.34226501484395,11.05486790123508,-0.005786950634905974,4.893785707615774,0.868468356105247
Rinku Singh,2026-06-05,Wankhede Red Soil,Low,113.18584064678052,8.606176007079725,0.39481097861410874,5.794529254697975,1.0643022271166689
Rinku Singh,2026-06-05,Wankhede Red Soil,High,108.4906013673959,14.188185767968069,0.34654589669537794,6.794559383086216,0.7372762272638685
Rinku Singh,2026-06-05,Eden Gardens Clay,Low,115.3910550039832,9.892964387036749,-0.8405509422918103,6.006397658366386,0.5302280270820461
Rinku Singh,2026-06-05,Chepauk Black Soil,High,97.31755990814419,15.216411223562776,-1.1324569347410482,2.726688016765847,0.711059652345291
Rinku Singh,2026-06-05,Eden Gardens Clay,Low,105.43893460295013,10.383729942575695,-0.7660284456297715,2.7942706204866985,0.8080290386653985
Rinku Singh,2026-06-05,Eden Gardens Clay,Low,109.72317072061595,11.205081256605823,0.43240660961001876,1.907862792281623,0.6942202060422062
Rinku Singh,2026-06-05,Chepauk Black Soil,Low,109.95322334601697,9.825688600471672,0.18870621727742085,2.173345771270352,0.48955937537371824
Rinku Singh,2026-06-05,Eden Gardens Clay,Low,112.68931201792256,10.699156472679492,0.7497014044571841,4.8678100810610445,0.7674432171827019
Rinku Singh,2026-06-05,Eden Gardens Clay,Low,114.57324631612263,12.541092945822989,0.5137626266469237,5.292357338040063,0.7179211183167715
Rinku Singh,2026-06-05,Eden Gardens Clay,Low,105.46278332370855,11.348823345644796,0.7604620384095879,4.851354002126316,0.5675398239380645
Rinku Singh,2026-06-05,Wankhede Red Soil,Low,107.9990670633279,12.547132192281135,0.5208678949044717,4.389784010848262,1.0803168403308205
Rinku Singh,2026-06-05,Chepauk Black Soil,Low,100.53554950744953,11.636292783761498,0.18537770963049852,1.876190901150539,0.7400700170854604
Rinku Singh,2026-06-05,Eden Gardens Clay,Low,109.15960125862935,15.796539208768248,0.9048168183869099,5.505407683716106,0.7104500119000945
Rinku Singh,2026-06-05,Wankhede Red Soil,High,102.41764536579596,12.75249328121203,0.40792982402390887,2.388473966969819,1.1133845357509449
Rinku Singh,2026-06-05,Chepauk Black Soil,Low,116.63517757959795,15.80289470150776,-0.6645853948438832,3.673991968159253,0.7660411142124423
Rinku Singh,2026-06-05,Wankhede Red Soil,Low,117.58441427026884,10.039436260311737,-0.7905303338129569,6.789267919034095,0.661842841644442
Rinku Singh,2026-06-05,Eden Gardens Clay,High,109.69659057886068,13.173438684643113,-0.9921854982975726,3.724160033530997,0.9897483878311486
Rinku Singh,2026-06-05,Chepauk Black Soil,High,103.56140283322847,11.49243231828727,-0.3652348816979607,4.875733104753497,0.7511569052441258
Rinku Singh,2026-06-05,Chepauk Black Soil,High,104.17602480244811,10.292020972254953,0.4262615463275278,2.617550879010502,0.6744550722511566
Rinku Singh,2026-06-05,Eden Gardens Clay,Low,102.38073015820288,15.040660976081178,0.5436018724410436,6.918622032822012,0.8588772967350864
Rinku Singh,2026-06-05,Eden Gardens Clay,Low,113.52002019419771,12.434234889576956,-0.7046650951317834,2.0524604852750348,0.680714969856222
Rinku Singh,2026-06-05,Wankhede Red Soil,Low,106.20562523739578,9.67032264406333,0.06805424958567007,2.0680130044150298,0.8215108693071401
Rinku Singh,2026-06-05,Chepauk Black Soil,High,94.91773596485704,9.989485572616921,0.08464236473213538,2.869007439560145,0.475012213790066
Rinku Singh,2026-06-05,Chepauk Black Soil,Low,108.85174852597791,15.267871629576081,-0.42156509754579413,5.19339890001587,0.5015138831602085
Rinku Singh,2026-06-05,Eden Gardens Clay,High,97.61095108028822,15.977824109929426,-0.9520769420404391,7.511528998301283,0.7159069980329764
Rinku Singh,2026-06-05,Wankhede Red Soil,High,102.72257347671426,12.582808925514705,-0.17215168717259868,6.067330481836366,1.089303048907114
Rinku Singh,2026-06-05,Chepauk Black Soil,High,105.72010578146407,10.315578810944068,1.0953947093933885,7.754524252201308,0.5521858985778808
Rinku Singh,2026-06-05,Wankhede Red Soil,High,95.94899272173157,8.835900733839722,0.5388645783405668,5.633643515994391,0.7743870602734647
Rinku Singh,2026-06-05,Wankhede Red Soil,High,95.19579622686462,12.030187931777835,0.03642362814560975,8.637410408562348,0.7962451509344338
Rinku Singh,2026-06-05,Chepauk Black Soil,High,113.13986270442112,11.801966139783243,-0.5112403466184048,4.613992778136851,0.7130842519630787
Rinku Singh,2026-06-05,Eden Gardens Clay,High,99.90414969902622,8.570183776340565,0.9589164565310557,2.146639567140415,0.6539416508602189
Tilak Varma,2026-06-05,Eden Gardens Clay,High,101.19255311316196,12.511353401537374,0.9967355293989755,4.473558857835852,0.5949917559572981
Tilak Varma,2026-06-05,Wankhede Red Soil,Low,111.9259484237109,15.970622748424566,-0.3532872218365151,3.293829408058655,0.7497055399976855
Tilak Varma,2026-06-05,Eden Gardens Clay,High,106.11998826329555,11.253974176981329,-0.8762067299645333,5.450071386326133,0.5217303825358081
Tilak Varma,2026-06-05,Wankhede Red Soil,Low,118.32848384099805,10.800584997478019,-0.1258067478080193,5.195983381923859,0.9209012945641006
Tilak Varma,2026-06-05,Chepauk Black Soil,High,105.90403977802852,8.857788267287246,-1.271966501767812,5.579182700930101,0.5709708600717163
Tilak Varma,2026-06-05,Chepauk Black Soil,High,110.29638079125343,15.68473991729578,-0.6668711724948554,6.524081712275845,0.8485738852213103
Tilak Varma,2026-06-05,Chepauk Black Soil,High,100.05791805929024,15.260616837956285,0.5047085221321201,2.0943565684722785,0.7775953089735999
Tilak Varma,2026-06-05,Eden Gardens Clay,Low,104.74736855134856,10.141074917741717,-0.17110685460622754,3.6522628753357624,0.8601602652657461
Tilak Varma,2026-06-05,Wankhede Red Soil,Low,108.31863810187329,8.900291751987243,-0.3283384662870539,3.0533553303658425,0.7660405422521114
Tilak Varma,2026-06-05,Chepauk Black Soil,Low,106.75018671826955,14.617551799959207,-0.27142471941789004,4.416309586981216,0.5200937430272702
Tilak Varma,2026-06-05,Chepauk Black Soil,High,101.07929735148724,14.426283365177017,-0.8584959404066417,5.4535511644072345,0.787404864950038
Tilak Varma,2026-06-05,Wankhede Red Soil,Low,114.13145922053909,8.358188542747502,0.55608381247265,1.6462211829626954,0.6903399698848257
Tilak Varma,2026-06-05,Eden Gardens Clay,High,97.8302516742724,11.569360554201188,-0.9667850794372659,5.624464192054104,0.7574415407550303
Tilak Varma,2026-06-05,Eden Gardens Clay,High,97.26800280988876,14.125151630103577,0.30884294222750874,7.6670281546651475,0.8053413840052459
Tilak Varma,2026-06-05,Chepauk Black Soil,Low,114.46117565134575,11.425573027155147,-0.5389236290083109,3.4360568812137586,0.47130155331012685
Tilak Varma,2026-06-05,Eden Gardens Clay,Low,104.67498028295982,14.746855092799214,-0.5493436499615645,1.8976470108048287,0.9763067482944587
Tilak Varma,2026-06-05,Wankhede Red Soil,Low,103.45107622233778,8.666143712572465,0.7814915942124876,5.12693071096091,0.696020368675234
Tilak Varma,2026-06-05,Wankhede Red Soil,High,106.71038621616081,9.829170592167776,0.2224288652977327,6.054475569878058,0.7441986718430591
Tilak Varma,2026-06-05,Wankhede Red Soil,High,108.64929437047795,10.328829153845568,0.16584951118941194,4.880993848175522,0.8129000263507066
Tilak Varma,2026-06-05,Wankhede Red Soil,Low,111.14851965284757,14.650434327555113,-0.3126833145165897,6.341283795402351,0.6824082659405424
Tilak Varma,2026-06-05,Eden Gardens Clay,Low,101.18950687084319,14.694172041689438,0.34055536573300227,4.293304348123756,0.8943808748975504
Tilak Varma,2026-06-05,Chepauk Black Soil,Low,112.03614921910501,10.754370623700803,0.14958005755044748,2.32930787131799,0.8318667426515921
Tilak Varma,2026-06-05,Eden Gardens Clay,High,99.96879519966892,9.1405254711229,-0.9859295626195317,4.693846458311963,0.6016197988154837
Tilak Varma,2026-06-05,Chepauk Black Soil,Low,119.38843384355106,9.76674007399351,0.4959236362693551,5.076459568349767,0.8155073495781137
Tilak Varma,2026-06-05,Wankhede Red Soil,Low,102.52055528128045,12.940437126645834,0.18382174674673557,6.996829104456337,1.0129567907302734
Tilak Varma,2026-06-05,Wankhede Red Soil,Low,105.366593735599,15.03490204425594,-0.5894996816246154,5.828613067984269,1.1418697524163899
Tilak Varma,2026-06-05,Wankhede Red Soil,High,98.57639249015006,9.576151379120864,0.16404128334524215,3.8150388006912066,0.8709186219660566
Tilak Varma,2026-06-05,Wankhede Red Soil,Low,100.43545890353228,8.632387765003564,-0.7450652547165467,6.847244048744154,0.606629700236309
Tilak Varma,2026-06-05,Chepauk Black Soil,High,103.11304966853848,13.156939277834283,1.2502017624845938,7.232814699797283,0.6995880282085573
Tilak Varma,2026-06-05,Eden Gardens Clay,High,110.17615137789183,13.644155261611786,0.8797628205206127,5.031663468475604,0.8359451784209669
Tilak Varma,2026-06-05,Wankhede Red Soil,Low,111.87370683624957,11.459789866511066,0.24661675432547236,3.836086012957349,0.7037989930726802
Tilak Varma,2026-06-05,Chepauk Black Soil,Low,103.92804468172388,14.398619458404745,0.43264421687833593,1.9575935537916225,0.45077307769872776
Tilak Varma,2026-06-05,Wankhede Red Soil,High,99.87678471550501,11.862636021952905,-0.6426380502721791,2.300518075446952,0.7010165128461758
Tilak Varma,2026-06-05,Eden Gardens Clay,High,107.81494306709989,10.73448934764889,-0.6502751922875738,3.270204963433757,0.9924889205390681
Tilak Varma,2026-06-05,Wankhede Red Soil,High,115.3184518134367,14.978039424671646,0.5272175429167737,6.579413555333432,0.6287050461044577
Tilak Varma,2026-06-05,Eden Gardens Clay,Low,102.9488365757229,10.771667819948977,-0.6691107240628453,6.665245182504429,0.7624217527479362
Ruturaj Gaikwad,2026-06-05,Chepauk Black Soil,High,109.23285654283512,11.071975875577039,0.9842838956271008,3.3647838902448246,0.46131795914965673
Ruturaj Gaikwad,2026-06-05,Wankhede Red Soil,High,97.8638975067343,8.710250697605382,-0.22422963032300558,4.781988636689286,0.6108084356061625
Ruturaj Gaikwad,2026-06-05,Chepauk Black Soil,Low,110.08218288441049,15.416379632957264,0.5450120036605852,3.525950600235028,0.45677874787216605
Ruturaj Gaikwad,2026-06-05,Chepauk Black Soil,High,112.00888838515085,8.24738158972842,-0.13535307198979182,6.3265855774116515,0.45008325109042013
Ruturaj Gaikwad,2026-06-05,Eden Gardens Clay,High,100.29154203179844,9.916910015021791,-0.008121077180810676,8.109246224049272,0.5036700554602829
Ruturaj Gaikwad,2026-06-05,Wankhede Red Soil,High,103.53304699261192,15.963112440752942,0.44212211818620695,5.817415838738948,0.7097593939940002
Ruturaj Gaikwad,2026-06-05,Eden Gardens Clay,High,110.8579189886218,8.367006731329543,-0.7187449336539236,4.676275479085426,0.8759777336461029
Ruturaj Gaikwad,2026-06-05,Eden Gardens Clay,High,107.26727181977644,9.820473427909686,-0.5455989560263181,3.514833823237119,0.6201496003917953
Ruturaj Gaikwad,2026-06-05,Eden Gardens Clay,Low,106.07456291368852,12.283949543234822,-0.8089801185685461,5.445858353848905,0.5099873442945602
Ruturaj Gaikwad,2026-06-05,Chepauk Black Soil,Low,110.85800825953079,14.382203825947514,0.4364241267449434,6.641614263112457,0.677542705395049
Ruturaj Gaikwad,2026-06-05,Wankhede Red Soil,High,102.67583999758813,11.434993137002369,-0.290464967979001,8.90098594156907,0.8885489540142698
Ruturaj Gaikwad,2026-06-05,Chepauk Black Soil,High,105.7195026906831,8.027689296574366,-1.2979307236820963,4.981307380964561,0.4933730236345197
Ruturaj Gaikwad,2026-06-05,Chepauk Black Soil,High,94.76195879999825,10.876394334652822,-0.6558731490112591,2.9904163591118684,0.48529641626944103
Ruturaj Gaikwad,2026-06-05,Eden Gardens Clay,High,97.45398519274863,12.892588012249933,0.37901116497908105,8.652425350689544,0.9116024600419773
Ruturaj Gaikwad,2026-06-05,Chepauk Black Soil,Low,100.46686424474521,13.63680348486115,0.03041240290716074,6.9300036447459625,0.6633154873353023
Ruturaj Gaikwad,2026-06-05,Wankhede Red Soil,Low,104.2343042310003,12.2104043247401,-0.04616753701465193,4.424873396986288,0.8841089179693822
Ruturaj Gaikwad,2026-06-05,Wankhede Red Soil,High,116.80816772035853,10.094924215361093,0.27050796300712304,2.1557292380203403,0.9281626455386858
Ruturaj Gaikwad,2026-06-05,Chepauk Black Soil,High,101.99834273221674,10.357228164755782,0.414211458848792,4.462921324609805,0.6744039217255644
Ruturaj Gaikwad,2026-06-05,Chepauk Black Soil,Low,118.80583334823147,14.026630186511252,1.0576913927038447,6.320789822305258,0.6330203922195028
Ruturaj Gaikwad,2026-06-05,Eden Gardens Clay,High,100.27567526573814,11.272684460376741,0.1914732183454113,6.334909366015347,0.5503898525771069
Ruturaj Gaikwad,2026-06-05,Wankhede Red Soil,Low,112.19412202680819,9.344555588219887,-0.23832229448191866,1.7865130613248896,0.6949304900922564
Ruturaj Gaikwad,2026-06-05,Wankhede Red Soil,Low,107.79990690472647,13.258205508044156,-0.024935414234095357,3.6429832532422144,0.9197096546191625
Ruturaj Gaikwad,2026-06-05,Wankhede Red Soil,Low,103.5977075449557,12.620314956607928,-0.6308040419090404,6.711578556400067,0.7925534129222674
Ruturaj Gaikwad,2026-06-05,Chepauk Black Soil,High,109.83109302175896,11.33885409115226,-0.6717691773043476,6.612910002136804,0.8318467941693255
Ruturaj Gaikwad,2026-06-05,Wankhede Red Soil,High,103.00587469077733,14.849470053221225,0.43413280926370457,7.769908736055146,0.9984731652193743
Ruturaj Gaikwad,2026-06-05,Chepauk Black Soil,Low,116.71841271029709,8.460071747280855,-0.5915084046536799,3.1935044836553086,0.5567954270379594
Ruturaj Gaikwad,2026-06-05,Chepauk Black Soil,High,109.56282275248351,14.523329124793193,1.0579798868552257,8.73508959231499,0.8338977897059896
Ruturaj Gaikwad,2026-06-05,Eden Gardens Clay,Low,113.53806773673116,8.461695291746329,-0.21106103571601076,1.8319393453558113,0.8310258904302252
Ruturaj Gaikwad,2026-06-05,Eden Gardens Clay,Low,108.85156678986166,13.339097253653659,-0.10697660466315928,4.407694743589194,0.6523738586719712
Ruturaj Gaikwad,2026-06-05,Eden Gardens Clay,High,107.1692583057128,15.443451337142612,-0.1944018833076533,5.130487549469275,0.936934467358755
Ruturaj Gaikwad,2026-06-05,Wankhede Red Soil,High,96.80276901265661,13.577754739069114,0.787244717311939,4.554980062445098,0.7196790359697722
Ruturaj Gaikwad,2026-06-05,Chepauk Black Soil,High,116.4676109252708,10.045920932823009,-0.16368353661326845,5.116376351971408,0.6062079531800939
Ruturaj Gaikwad,2026-06-05,Eden Gardens Clay,Low,113.49579234167321,12.379469133357944,0.09503228015285403,5.353627248556084,0.9765650433217269
Ruturaj Gaikwad,2026-06-05,Wankhede Red Soil,High,106.33974717599435,15.871856505927141,-0.33297011867522563,5.551625479799816,1.054353775411742
Ruturaj Gaikwad,2026-06-05,Eden Gardens Clay,Low,104.20176891425848,12.550723198394511,0.12824456330007394,1.519648022991177,0.5684850961340756
Ruturaj Gaikwad,2026-06-05,Wankhede Red Soil,Low,115.59378272200385,15.557105047407664,-0.12021204759994486,3.3657931402979244,0.9253610151659211
Ruturaj Gaikwad,2026-06-05,Chepauk Black Soil,High,99.53976687042002,11.090732254138626,0.01675631649220857,3.500012384231197,0.6693698660947682
Ruturaj Gaikwad,2026-06-05,Eden Gardens Clay,High,94.31516514365548,10.096303998444945,0.3461478942686653,6.336431473815212,0.9164349151965909
Ruturaj Gaikwad,2026-06-05,Eden Gardens Clay,High,107.98258112929769,12.475354890639165,-0.900374448180336,8.299230112085706,0.9623975572291593
Ruturaj Gaikwad,2026-06-05,Wankhede Red Soil,High,97.42713500689591,11.378335060320875,-0.7666991266417013,2.649964389180558,0.9253315987668105
Ruturaj Gaikwad,2026-06-05,Wankhede Red Soil,High,103.1486007282281,8.320801125906439,0.03038854068035164,5.257201403345687,0.9737058456110086
Ruturaj Gaikwad,2026-06-05,Wankhede Red Soil,Low,105.9133666790429,11.30669422321745,-0.6940834897211516,3.6986612762992275,0.7601799689382941
Ruturaj Gaikwad,2026-06-05,Eden Gardens Clay,High,109.77438473973885,14.95802405591698,-0.1386672643653457,8.072806263716286,0.8169637983029701
Ruturaj Gaikwad,2026-06-05,Wankhede Red Soil,Low,101.52475322665612,12.612776634581,0.45586320285805737,3.565245003364139,1.1704198700242479
Ruturaj Gaikwad,2026-06-05,Chepauk Black Soil,Low,110.98160273283008,10.177027074015065,0.288469387744855,4.648303712245346,0.7700144822192695
Ruturaj Gaikwad,2026-06-05,Chepauk Black Soil,High,105.06741162652854,11.559382871737306,1.0165400636015753,8.284175173279909,0.584283972042311
Ruturaj Gaikwad,2026-06-05,Eden Gardens Clay,High,100.63971267847504,10.835805492927555,-0.24907092151977595,6.956371661353211,0.9164142725001174
Ruturaj Gaikwad,2026-06-05,Chepauk Black Soil,Low,102.12215090357111,10.56002260833689,-0.1765067486541397,2.9167012496611067,0.6736711986175198
Ruturaj Gaikwad,2026-06-05,Wankhede Red Soil,High,98.71411761238103,15.087109924364963,0.5226932709685415,7.469001627766226,1.1496249259248588
Ruturaj Gaikwad,2026-06-05,Eden Gardens Clay,High,101.25946433039542,8.747398764244728,-0.5522015114010472,3.40433640772243,0.8329304541454591
Ruturaj Gaikwad,2026-06-05,Eden Gardens Clay,High,113.03425547816921,14.483700207973058,0.07486247400738044,6.48778050852041,0.8102533970025149
Arshdeep Singh,2026-06-05,Chepauk Black Soil,Low,138.75242033071288,12.366219053439899,0.3791652966252376,3.590587841706043,0.8247287579412697
Arshdeep Singh,2026-06-05,Chepauk Black Soil,Low,137.5052320452815,8.622223107607589,0.16949086645605888,2.0024396416371815,0.6835737456230215
Arshdeep Singh,2026-06-05,Wankhede Red Soil,High,135.3054695663409,12.575117842240102,-0.07173511762475684,6.968590106907983,1.7448318219853658
Arshdeep Singh,2026-06-05,Eden Gardens Clay,High,140.05352601001405,15.893808975569861,-0.19076086619517985,2.365757004180884,1.1715685539695733
Arshdeep Singh,2026-06-05,Wankhede Red Soil,Low,135.4555529980967,9.418109089152999,0.25142678578038336,3.611826399604119,1.3367273131989605
Arshdeep Singh,2026-06-05,Eden Gardens Clay,Low,138.96266252025492,8.269294951478242,-0.9271292225154921,3.869558234870078,0.9771214361370848
Arshdeep Singh,2026-06-05,Chepauk Black Soil,Low,149.5015543626831,14.81655489294544,1.105125707059481,1.722724626475224,1.232037924457048
Arshdeep Singh,2026-06-05,Wankhede Red Soil,High,128.80241495176546,10.17255619259707,-0.2031375451492842,7.887295374379056,1.1139524653049169
Arshdeep Singh,2026-06-05,Chepauk Black Soil,High,141.77223673801194,13.856068220880019,-0.9738752790320137,4.821125116515453,0.9561400457639584
Arshdeep Singh,2026-06-05,Chepauk Black Soil,Low,142.41908329525322,14.828492778367593,-1.2580917380084162,5.191353864072013,0.8737813253885347
Arshdeep Singh,2026-06-05,Eden Gardens Clay,Low,134.06479545949458,10.184474586330396,0.01296960880139908,2.9233479298792027,1.2450161690416597
Arshdeep Singh,2026-06-05,Eden Gardens Clay,High,131.15494992719647,10.590539244977595,-0.0935717932513227,3.1795649655079816,1.4071368645973727
Arshdeep Singh,2026-06-05,Wankhede Red Soil,High,137.56135715938873,15.5840708497208,0.488008690945121,2.9855805354746314,1.3688280794159697
Arshdeep Singh,2026-06-05,Eden Gardens Clay,Low,130.02734877805068,15.566160769419719,0.1331182088316385,5.584405290523187,0.9012690293453554
Arshdeep Singh,2026-06-05,Chepauk Black Soil,High,139.49798104589078,8.989619862531363,-1.094387357193771,6.384252823832163,1.1193213718938166
Arshdeep Singh,2026-06-05,Chepauk Black Soil,Low,148.54431185623844,12.096239027589949,0.11901821096902569,3.6821171645109176,0.709239854331555
Arshdeep Singh,2026-06-05,Wankhede Red Soil,High,138.84293719256965,8.003039414100169,-0.5725747166609402,7.987850227481472,1.659102411223011
Arshdeep Singh,2026-06-05,Eden Gardens Clay,Low,134.13510707140313,12.521448029956105,0.8829991228514906,2.597736516235379,1.430028281260634
Arshdeep Singh,2026-06-05,Wankhede Red Soil,High,125.70436699633413,9.525782541206738,-0.006843150765867102,4.8523967976896545,1.215504182073092
Arshdeep Singh,2026-06-05,Wankhede Red Soil,High,130.65178536950202,13.3070255916941,0.47766680335738293,8.553090136759764,1.1037699511557262
Arshdeep Singh,2026-06-05,Eden Gardens Clay,Low,134.55340668961415,8.857136226195749,-0.6522776495678657,1.579979118894006,1.294743794986853
Arshdeep Singh,2026-06-05,Chepauk Black Soil,Low,141.85345978802013,12.263367456102648,-0.03413240878371258,3.847227221437747,0.8129717267548214
Arshdeep Singh,2026-06-05,Wankhede Red Soil,Low,134.42892394574451,14.445712483701747,0.47703993872879363,3.1497162943906822,1.7180464869991807
Arshdeep Singh,2026-06-05,Eden Gardens Clay,Low,143.11601662939998,11.718792634943688,0.664890676689996,3.1227327231823736,0.9285767558385223
Arshdeep Singh,2026-06-05,Wankhede Red Soil,High,132.82872248947038,13.869828761449735,-0.14223728217374987,5.841254310007699,1.1586944769337901
Arshdeep Singh,2026-06-05,Eden Gardens Clay,High,135.87690312428646,10.863936633162094,0.14841209974559866,2.433024590916422,1.2402029651220041
Arshdeep Singh,2026-06-05,Chepauk Black Soil,High,138.89584653077497,13.959300019526092,1.2312447126975299,4.4550168299873825,0.7383732705088258
Arshdeep Singh,2026-06-05,Chepauk Black Soil,High,133.2511339683074,10.432869395946813,1.1454798942421733,4.628455634210415,0.7842702695541496
Arshdeep Singh,2026-06-05,Wankhede Red Soil,High,121.49975066184774,11.701104530232774,0.06492198995568188,3.4077308170215743,1.6458093895285175
Arshdeep Singh,2026-06-05,Chepauk Black Soil,Low,146.92268397095833,12.519226728052388,-0.22466492810492394,5.02242107997988,0.9475876620597758
Arshdeep Singh,2026-06-05,Eden Gardens Clay,Low,145.02659526457316,8.408566681423565,0.3809840149680821,5.300665151306649,1.346146565004586
Arshdeep Singh,2026-06-05,Wankhede Red Soil,High,133.77005490402072,14.638994819310966,0.04283085245787497,5.814578672942809,1.601770163943549
Arshdeep Singh,2026-06-05,Chepauk Black Soil,Low,130.0569654447385,9.703562307692447,0.38891091934187594,3.178497082076794,0.9523855228459857
Arshdeep Singh,2026-06-05,Wankhede Red Soil,Low,149.39530321120066,14.570244160169338,-0.6912217319945047,3.581644217519163,1.7757206483465189
Arshdeep Singh,2026-06-05,Eden Gardens Clay,Low,138.93774227823798,9.34698013445815,0.1275699206088261,6.0746991487094375,0.8224802038911442
Arshdeep Singh,2026-06-05,Chepauk Black Soil,High,134.6749797482076,8.715114222728646,0.9442178355960822,9.333670633090628,0.835062390696143
Arshdeep Singh,2026-06-05,Chepauk Black Soil,Low,131.14196947681577,12.171450660499211,0.4626534644312278,1.7202164712396548,0.7267858615471431
Arshdeep Singh,2026-06-05,Eden Gardens Clay,High,135.62532618450982,8.314577937122003,-0.6666524188922021,7.970368127568109,1.2332359740258898
Arshdeep Singh,2026-06-05,Eden Gardens Clay,Low,139.65471976723038,8.477501051017969,0.33172892173995705,5.843334642912052,0.9365783889928174
Arshdeep Singh,2026-06-05,Wankhede Red Soil,High,141.70936596207883,11.993282154590702,-0.2929857305163237,9.0989987617226,1.4743482227912248
Arshdeep Singh,2026-06-05,Chepauk Black Soil,Low,134.34124822436732,12.656672218473247,-1.003965143872402,5.563625806718229,0.6808012177062415
Arshdeep Singh,2026-06-05,Chepauk Black Soil,Low,132.670663956915,12.68354460534784,0.039867975593545206,5.610744534886763,0.8251521044708784
Arshdeep Singh,2026-06-05,Eden Gardens Clay,Low,131.56713890817,9.916059274041904,-0.6927742768509566,5.809575459819243,1.2618045964521265
Arshdeep Singh,2026-06-05,Chepauk Black Soil,Low,135.03225813164713,8.169337707385274,0.1391733199976853,6.502769113070756,0.8315544400135605
Arshdeep Singh,2026-06-05,Eden Gardens Clay,Low,145.1960227045348,12.716046688163889,-0.37960940363255435,2.8174568393960286,1.4014693387230213
Arshdeep Singh,2026-06-05,Wankhede Red Soil,Low,144.42215909863592,9.693605294395695,0.45885005655871147,4.514865079411528,1.4343380400696875
Arshdeep Singh,2026-06-05,Wankhede Red Soil,High,131.23112378358277,14.831410733524647,-0.582056458208586,2.8584102094144828,1.1367037246891765
Arshdeep Singh,2026-06-05,Chepauk Black Soil,High,129.90598552921776,14.305608153293825,-0.5677868485927544,3.688962472404024,1.1532307286307553
Arshdeep Singh,2026-06-05,Eden Gardens Clay,High,130.4910991166927,15.96514011794213,-0.14319226334538548,3.6148421531968906,1.1389499691389584
Arshdeep Singh,2026-06-05,Eden Gardens Clay,High,126.81830862220862,13.156883467143276,-0.4501733320434307,6.882323750237366,1.2456563995942864
Arshdeep Singh,2026-06-05,Wankhede Red Soil,Low,130.32185303641788,8.162756748496157,-0.38825060581657667,6.89977932158083,1.343850689205725
Arshdeep Singh,2026-06-05,Eden Gardens Clay,High,132.92039475061804,13.296106152877218,-0.9637224548483367,5.042334579306616,1.4202342327697637
Arshdeep Singh,2026-06-05,Eden Gardens Clay,High,142.23049474154752,9.69732575759204,0.42656171365279727,8.297794695680567,1.4078942639014183
Arshdeep Singh,2026-06-05,Chepauk Black Soil,Low,137.68232532886333,8.76191730902659,0.7054632400045331,2.507160225705603,1.0313993328408684
Arshdeep Singh,2026-06-05,Eden Gardens Clay,High,140.58673079169446,11.983575484193572,-0.3295061830310395,2.732945541454009,1.1749939972691466
Arshdeep Singh,2026-06-05,Wankhede Red Soil,High,136.50938929727528,14.285230012430059,-0.7296490036753046,3.712260904709438,1.0697476489282205
Umran Malik,2026-06-05,Eden Gardens Clay,High,130.88647572778288,9.509266426023796,-0.5168958589246344,7.6722078558733555,0.8383740409614565
Umran Malik,2026-06-05,Chepauk Black Soil,Low,140.42547457436385,9.80616530223601,-1.2731333780811207,3.1613587408919956,0.7237593574398481
Umran Malik,2026-06-05,Chepauk Black Soil,Low,133.6290258561488,10.049617882753628,0.810479141647274,6.109521494342646,1.030776124324131
Umran Malik,2026-06-05,Chepauk Black Soil,High,126.58221976333934,10.989706539368214,-0.33810240173471745,6.076207793150012,0.762515465528893
Umran Malik,2026-06-05,Wankhede Red Soil,High,144.96178394787373,14.164174835187717,-0.5848374966847137,7.178212082947481,1.6717508372524774
Umran Malik,2026-06-05,Chepauk Black Soil,High,130.88682941827693,13.971019747036044,1.1715279979756215,8.618980216055888,0.8988310064972254
Umran Malik,2026-06-05,Eden Gardens Clay,Low,141.49869828592773,15.199362100002617,-0.39702366883116946,3.2390595907691857,1.008426815781732
Umran Malik,2026-06-05,Wankhede Red Soil,Low,139.84202521923743,13.478370527582857,0.27126999787856615,5.354441383831833,1.178663282936754
Umran Malik,2026-06-05,Eden Gardens Clay,High,123.63285950343447,11.054152477099347,-0.5143440654905094,4.794487215824483,1.1825358129694348
Umran Malik,2026-06-05,Eden Gardens Clay,High,131.0747521611219,14.211193984322776,-0.06360835102170093,7.25203651144652,1.1694150145685136
Umran Malik,2026-06-05,Chepauk Black Soil,High,138.0072525105633,14.961524469135506,-1.1403739002569593,6.233357419349455,0.7895321615690348
Umran Malik,2026-06-05,Eden Gardens Clay,Low,136.5893256082742,9.946159022323126,-0.6505828930492301,3.6789590229941065,1.0040758548831756
Umran Malik,2026-06-05,Eden Gardens Clay,Low,137.77889024889254,12.537116836173567,0.016580406585630536,2.873704853118665,1.0004630621299517
Umran Malik,2026-06-05,Eden Gardens Clay,High,131.77293450475906,12.499304757365916,0.22365465803400775,7.603072906076442,1.0583357624371355
Umran Malik,2026-06-05,Eden Gardens Clay,High,142.30481737429807,9.603735535813845,0.13686221794449294,2.0084634837434154,1.4491212027441118
Umran Malik,2026-06-05,Chepauk Black Soil,High,132.25177655925577,10.244086144338738,-1.0472524154101919,5.241028723751164,0.9106269586250998
Umran Malik,2026-06-05,Wankhede Red Soil,Low,134.09204420431985,8.100963022528346,-0.579597230526983,3.9857429305000074,1.436366385452147
Umran Malik,2026-06-05,Chepauk Black Soil,High,131.70905092528992,14.690021427700543,-1.1160405033469645,3.9688348646174916,0.9435072042819266
Umran Malik,2026-06-05,Chepauk Black Soil,High,134.93112540387384,9.595081066745632,-0.005663981604623314,5.414056435311736,1.1690356201268581
Umran Malik,2026-06-05,Eden Gardens Clay,Low,139.68782121338725,14.97140735710388,-0.8236721039353148,4.13964544547617,1.1351694972771451
Umran Malik,2026-06-05,Wankhede Red Soil,Low,149.4189108074068,8.695084789749162,-0.15797322140654446,6.192247994725495,1.7620865786027382
Umran Malik,2026-06-05,Chepauk Black Soil,Low,143.52981448148736,9.326015307250866,-1.170273813768762,2.4874294246726,1.1350977517510543
Umran Malik,2026-06-05,Wankhede Red Soil,High,136.87537901840776,8.523448003441532,-0.27626912394356146,2.2652070399263744,1.2081720905374944
Umran Malik,2026-06-05,Chepauk Black Soil,High,137.9164976909507,12.767691505101103,-1.174903630520263,5.960642476284841,1.0825662945876104
Umran Malik,2026-06-05,Wankhede Red Soil,Low,142.1944230085282,13.124647637199308,0.7720598908104265,4.015704991906876,1.5774065780260564
Umran Malik,2026-06-05,Chepauk Black Soil,Low,148.8414235575367,11.385318478156895,-0.6924519615082253,6.88985036487488,0.8924184552087518
Umran Malik,2026-06-05,Chepauk Black Soil,Low,138.06444551685803,12.550910408257774,-0.30720273197610887,1.9740877083468567,0.8722612737127656
Umran Malik,2026-06-05,Eden Gardens Clay,High,133.68515229705656,12.097972561238139,-0.3226445769057349,7.29535209839542,0.8414774003757652
Umran Malik,2026-06-05,Chepauk Black Soil,Low,144.71301976278545,8.95149776375564,0.399582579177628,6.505334438379688,0.8269502583522502
Umran Malik,2026-06-05,Wankhede Red Soil,High,128.1331321137841,11.092708877156106,-0.605875173546224,4.849959745540037,1.7286597275723767
Umran Malik,2026-06-05,Eden Gardens Clay,Low,132.28284144591242,9.731594712871052,0.003219174718351203,5.0278251230835505,1.2969880954539246
Umran Malik,2026-06-05,Chepauk Black Soil,High,128.5440612003799,11.751000377116977,0.3375321323794357,7.105169859446118,1.1064052416136005
Umran Malik,2026-06-05,Chepauk Black Soil,Low,130.77653857713858,11.684497170480343,0.20204975560219635,5.995483650831323,0.8911368774947797
Umran Malik,2026-06-05,Chepauk Black Soil,Low,144.18856248630135,11.246310540692129,0.2688508576581778,6.8655497819263696,1.1523464009276918
Umran Malik,2026-06-05,Chepauk Black Soil,Low,134.25064397124459,11.814459947481172,-0.2354324634724546,2.491592870724803,1.1340215983444464
Umran Malik,2026-06-05,Wankhede Red Soil,Low,148.4909518005538,12.775343978220445,0.6980372474298412,5.121215647475028,1.2992216386336486
Umran Malik,2026-06-05,Wankhede Red Soil,High,128.65061869152825,14.550028187261065,-0.2400512776555239,6.604679168484248,0.9645234082656036
Umran Malik,2026-06-05,Wankhede Red Soil,Low,140.9066542235076,14.073847305717983,0.7494540598139446,2.430788559342621,1.3024245343947263
Umran Malik,2026-06-05,Chepauk Black Soil,Low,142.2416168454144,15.565357416594889,-0.47820889447420545,1.7168374737481686,1.2559041663822954
Umran Malik,2026-06-05,Eden Gardens Clay,Low,144.59390186702834,11.649697806765937,0.8873232160583748,3.9970731468072036,1.145791545747484
Umran Malik,2026-06-05,Wankhede Red Soil,Low,133.38370312356955,12.176894686976372,-0.7054813731823792,4.668654095751098,1.722285250762869
Umran Malik,2026-06-05,Chepauk Black Soil,High,129.31556184097002,9.444723445906941,-1.0733979870604802,3.7260312458554306,0.8389144703549333
Umran Malik,2026-06-05,Wankhede Red Soil,Low,141.20878257991268,14.317323309317892,-0.09050292034751682,1.6587087720074967,1.5280317532353898
Umran Malik,2026-06-05,Chepauk Black Soil,High,134.18530919034967,13.838541936854995,-0.27363742889612996,7.78105273288599,1.0644547862080032
Umran Malik,2026-06-05,Wankhede Red Soil,Low,141.2602914467457,13.310068784674344,0.007040204453274868,4.509092811699884,1.075665521850955
Umran Malik,2026-06-05,Wankhede Red Soil,High,136.97412064589813,12.205132059650644,-0.5312840887912504,8.49524665385726,1.018999503615255
Umran Malik,2026-06-05,Wankhede Red Soil,High,128.54900330646285,14.597291828469862,-0.01987894954444336,8.137103187330021,1.0479546967942983
Umran Malik,2026-06-05,Chepauk Black Soil,Low,139.62360870653262,12.527136689349426,-0.8451704492981923,5.728192957748394,1.2320441366749169
Umran Malik,2026-06-05,Wankhede Red Soil,Low,134.66769044237833,13.632463605138465,-0.2617728069548793,3.607271970425902,1.1384849458165751
Umran Malik,2026-06-05,Eden Gardens Clay,Low,145.22900732464296,8.730453776209345,-0.3203417663636903,4.414337679534577,0.8435727105309362
Umran Malik,2026-06-05,Wankhede Red Soil,High,132.2661053751664,13.47362643679035,0.5253283110361279,5.808452993231666,1.2238129587806115
Umran Malik,2026-06-05,Chepauk Black Soil,Low,145.86573609857612,14.899329393784713,0.031586639950260474,6.098793397350957,1.2060139208591152
Umran Malik,2026-06-05,Eden Gardens Clay,Low,146.17914351397735,12.96537981456163,0.2382035658106223,1.6369612534772506,1.158579919667914
Umran Malik,2026-06-05,Wankhede Red Soil,Low,131.95743343300072,10.279335084588425,0.4469208435769348,6.453995372040181,1.7936824347952671
Umran Malik,2026-06-05,Chepauk Black Soil,Low,136.36180136859954,15.898373556941708,-0.25544428895552107,6.169000012280389,1.206017516410608
Ravi Bishnoi,2026-06-05,Wankhede Red Soil,Low,98.11137001684565,15.256111539503685,-1.6566692178557005,3.6157703108293737,0.993549430839854
Ravi Bishnoi,2026-06-05,Eden Gardens Clay,High,75.98845426953895,15.063522876777366,-3.2584855646398516,7.3981271021162325,0.49634310050181135
Ravi Bishnoi,2026-06-05,Wankhede Red Soil,High,86.80238238672166,15.322308586643922,-2.5117361860305842,3.6677158314347853,0.9982800891278047
Ravi Bishnoi,2026-06-05,Eden Gardens Clay,High,88.53329312343236,13.490696823675085,-0.14221657828347123,7.664702611123373,0.7467141304929951
Ravi Bishnoi,2026-06-05,Wankhede Red Soil,High,86.0807724769308,14.946969208323768,1.5220003844975538,5.021662770507536,0.5184919366057312
Ravi Bishnoi,2026-06-05,Eden Gardens Clay,Low,96.86311177994747,11.254263643741247,-3.9545993618138127,6.580048404866868,0.47581486392963523
Ravi Bishnoi,2026-06-05,Chepauk Black Soil,Low,84.89362083772858,14.35320335324814,4.975928768963099,2.8725337834517886,0.7620171200140359
Ravi Bishnoi,2026-06-05,Wankhede Red Soil,Low,80.02467025638916,14.169680333804777,-2.0581473414837155,4.167718350233428,0.6241488806627785
Ravi Bishnoi,2026-06-05,Eden Gardens Clay,Low,99.44181812103065,14.403889932111094,-0.8433129411212388,4.9758839326987,0.7813521890766858
Ravi Bishnoi,2026-06-05,Wankhede Red Soil,Low,81.69515554385636,8.195815598658026,-2.1953044657174106,2.8829511169032584,1.0092470323822411
Ravi Bishnoi,2026-06-05,Chepauk Black Soil,Low,86.4124159976354,14.764016846406339,3.792011594183127,5.798537904419191,0.5451160637681224
Ravi Bishnoi,2026-06-05,Chepauk Black Soil,High,77.5887143639006,8.433666370020813,-1.7252336735033635,5.564010926412942,0.7468019514104587
Ravi Bishnoi,2026-06-05,Chepauk Black Soil,High,90.75455357083713,13.397474482236426,2.3165286510959993,3.577354006969925,0.6379508306676728
Ravi Bishnoi,2026-06-05,Eden Gardens Clay,High,81.87254940508221,8.919781559189254,2.743748993078378,6.554475870649948,0.5215706860478926
Ravi Bishnoi,2026-06-05,Chepauk Black Soil,Low,81.82731928054498,14.136926845675397,-0.9743957214130334,5.404044095761844,0.712965861052837
Ravi Bishnoi,2026-06-05,Wankhede Red Soil,High,90.39740941991461,15.222424452107237,1.3465071337875536,4.875763659539611,0.9577074628936285
Ravi Bishnoi,2026-06-05,Chepauk Black Soil,Low,88.28647274410002,11.758328552687672,0.9013493206602933,2.453377257885424,0.6415793412303176
Ravi Bishnoi,2026-06-05,Chepauk Black Soil,Low,81.11840841438075,9.492213677904079,-1.4745759835433558,5.121622835605944,0.6531498945934492
Ravi Bishnoi,2026-06-05,Chepauk Black Soil,High,92.46357342870428,9.35746436795064,-4.8055227445973685,4.737440006024371,0.5864860606525922
Ravi Bishnoi,2026-06-05,Wankhede Red Soil,High,86.23549796073829,14.340531313231327,0.9311506990396993,2.276762520542916,0.7017027067886731
Ravi Bishnoi,2026-06-05,Wankhede Red Soil,Low,87.97990574422079,10.458528680272174,-0.30742104361208933,2.1041186269129777,1.071608342010209
Ravi Bishnoi,2026-06-05,Eden Gardens Clay,Low,94.34692224284392,9.182236684930828,1.0910825593888358,3.5930913100239157,0.5394447949770482
Ravi Bishnoi,2026-06-05,Eden Gardens Clay,Low,92.24633278016887,14.863471842091633,-2.3402177894156333,2.481459721307372,0.8781184869123911
Ravi Bishnoi,2026-06-05,Wankhede Red Soil,Low,94.91088462215585,12.146718911467605,2.612903111327148,2.774465653049747,0.5738365443222464
Ravi Bishnoi,2026-06-05,Eden Gardens Clay,High,89.99461188129143,8.409671484963987,-0.7929487858709079,6.764465297006151,0.5347375789309436
Ravi Bishnoi,2026-06-05,Eden Gardens Clay,High,93.54386033980865,9.85936285996203,-2.29958143756288,7.493841122247316,0.5131026876717915
Ravi Bishnoi,2026-06-05,Chepauk Black Soil,Low,89.66213185301417,8.726412776067377,2.119353453686664,1.6091847864646827,0.35657054249070147
Ravi Bishnoi,2026-06-05,Eden Gardens Clay,Low,84.89371145926488,12.375228325782158,2.361117756373675,4.402606669981404,0.8906945122681904
Ravi Bishnoi,2026-06-05,Eden Gardens Clay,Low,86.90044140154963,13.355252006200915,2.0343911786792317,4.270495540028049,0.7620346984919424
Ravi Bishnoi,2026-06-05,Wankhede Red Soil,High,91.11598838489842,9.180064721709567,-2.7725913515967266,5.300474819395198,0.6406567721917661
Ravi Bishnoi,2026-06-05,Eden Gardens Clay,High,80.45431380213307,10.550883580635722,-3.5173117143035526,4.981832296495927,0.6292245727092858
Ravi Bishnoi,2026-06-05,Eden Gardens Clay,High,93.8402086489145,10.737954749651326,-2.8253769039198797,5.977288044173355,0.5002310928865665
Ravi Bishnoi,2026-06-05,Wankhede Red Soil,Low,92.73301530969601,12.064999604456004,2.699565797143054,2.81778136382661,1.0618679149155736
Ravi Bishnoi,2026-06-05,Wankhede Red Soil,Low,92.19131902602996,15.714692415503656,2.572224484875738,5.508103140689002,0.5548394945356513
Ravi Bishnoi,2026-06-05,Chepauk Black Soil,Low,91.53356275876268,15.805718078247033,2.884521658775706,6.4321533034100575,0.6454682882198258
Washington Sundar,2026-06-05,Chepauk Black Soil,High,82.89877677233515,12.581258116916374,4.553591280032287,4.260656699288416,0.5711573651822149
Washington Sundar,2026-06-05,Chepauk Black Soil,Low,83.00795916136269,14.992907419109695,0.213333789925065,4.976038829397288,0.711278770496823
Washington Sundar,2026-06-05,Chepauk Black Soil,Low,84.3670530017753,14.617741225112827,1.3371770599354482,3.6563422154028915,0.6495936980385179
Washington Sundar,2026-06-05,Chepauk Black Soil,Low,80.96724758020603,11.143992321245332,0.3440574043761255,6.572182362039914,0.6551258075221958
Washington Sundar,2026-06-05,Wankhede Red Soil,High,79.6501860929997,15.523670313014978,-0.8847840230195999,8.240135219886243,0.7248025471263072
Washington Sundar,2026-06-05,Wankhede Red Soil,Low,82.04475716948008,8.64037231308538,2.1804508905658033,1.6692124579010312,0.8515741257795346
Washington Sundar,2026-06-05,Wankhede Red Soil,Low,81.58335093312415,13.51774731675205,0.020586129798896735,4.1685150299754055,0.51150578575533
Washington Sundar,2026-06-05,Wankhede Red Soil,Low,83.77023471442284,14.001646622464254,0.16952541496507081,6.142126298219919,1.0444335041434019
Washington Sundar,2026-06-05,Wankhede Red Soil,High,87.54948464907858,9.144401373879965,-1.086982173750745,2.8203527070285257,1.0165754841941939
Washington Sundar,2026-06-05,Wankhede Red Soil,Low,86.01534056223113,14.242546800709551,1.6528193751529336,1.676614086226784,0.630640536403993
Washington Sundar,2026-06-05,Chepauk Black Soil,Low,91.41483050545664,14.915466266487172,-1.3863984936850817,3.9258638791344356,0.5223399839234916
Washington Sundar,2026-06-05,Wankhede Red Soil,High,86.46601779182014,15.783225219707628,-3.0791654694368713,7.125762640082208,0.7274266589189037
Washington Sundar,2026-06-05,Eden Gardens Clay,High,94.26002520130199,13.949416764082859,-2.4255295914327872,6.954716151518136,0.6224035780735568
Washington Sundar,2026-06-05,Eden Gardens Clay,High,93.61057067856123,11.768375622822855,-1.7670977236834107,6.23255841099204,0.6993987294270276
Washington Sundar,2026-06-05,Chepauk Black Soil,Low,96.6771592089741,12.643726763452147,-1.1568171535844767,6.908198228066743,0.5775566276715409
Washington Sundar,2026-06-05,Eden Gardens Clay,High,95.31274246676207,15.950949742662933,0.2690741282957463,7.428268649464914,0.7203130727954842
Washington Sundar,2026-06-05,Wankhede Red Soil,Low,89.48380561973886,11.334166581564041,1.3444543476281354,4.799809732330809,1.0632517440135667
Washington Sundar,2026-06-05,Wankhede Red Soil,Low,90.28395829832756,15.060021675138707,-1.2236709495111064,2.3583336446077316,1.0494495032271816
Washington Sundar,2026-06-05,Chepauk Black Soil,Low,94.1427217804258,9.905313973646345,-2.388436838421235,1.7542805802360064,0.6766125478185078
Washington Sundar,2026-06-05,Wankhede Red Soil,High,93.88239273730022,10.459039659759814,-0.9645377852954724,7.239680166778542,0.6002000256194638
Washington Sundar,2026-06-05,Eden Gardens Clay,High,90.73199106327426,11.22638734225367,-0.9387064930486808,3.782887856760203,0.5952934393611605
Washington Sundar,2026-06-05,Eden Gardens Clay,High,84.74335482897553,14.221713521746796,-3.7714237443351353,6.694413613667016,0.6520340287997017
Washington Sundar,2026-06-05,Wankhede Red Soil,High,83.13152166390013,10.515879672870732,2.1712194209443263,2.855779920750197,0.7967336503411531
Washington Sundar,2026-06-05,Chepauk Black Soil,High,90.40095246184737,15.789716221046621,2.009000700966172,4.296254962123811,0.7413096337044875
Washington Sundar,2026-06-05,Wankhede Red Soil,High,90.9437670782991,8.36045316449161,-0.37315430816474304,4.53925301943805,0.9698994183675538
Washington Sundar,2026-06-05,Chepauk Black Soil,High,81.48683393556111,12.892299590765099,4.312567462609902,6.939980217727584,0.47022820347859784
Washington Sundar,2026-06-05,Chepauk Black Soil,High,74.07798842635728,14.663622252774964,-4.582581805086764,7.234066926434925,0.7242169000468275
Washington Sundar,2026-06-05,Chepauk Black Soil,Low,86.49776329457416,10.606604605437408,-3.1780759108574137,4.044943896571667,0.37808912196352157
Washington Sundar,2026-06-05,Eden Gardens Clay,High,92.03275300527764,15.264273859464602,-3.3248982089027175,4.5079481862682504,0.6033371326595163
Washington Sundar,2026-06-05,Chepauk Black Soil,Low,88.7496044507198,13.787095136616678,-3.427873994316943,2.1002458466932223,0.590836854201427
Washington Sundar,2026-06-05,Wankhede Red Soil,Low,97.61899389547912,9.84818401859004,1.3331879839375553,6.9977231331969865,1.0277019731437658
Washington Sundar,2026-06-05,Wankhede Red Soil,High,94.08280099685638,8.001588147825881,2.3854675961738865,3.3580526146562666,0.6320801113487552
Washington Sundar,2026-06-05,Eden Gardens Clay,Low,89.01878795490924,11.274855523052771,-0.6545545576469367,5.5090175012041,0.6666600907443598
Washington Sundar,2026-06-05,Chepauk Black Soil,Low,83.76853723268025,9.346551281182753,-0.3219382399969919,3.408508068430822,0.7578243218836795
Washington Sundar,2026-06-05,Chepauk Black Soil,High,78.70838070009502,13.066703448379696,-3.649129160871437,3.5225085679461987,0.6738748865531276
Washington Sundar,2026-06-05,Wankhede Red Soil,Low,94.33283822572774,12.962688315278246,0.5117004412852844,4.041310074960151,1.0197975991734083
Washington Sundar,2026-06-05,Eden Gardens Clay,High,83.88005310575625,11.029062850701438,-1.5202668835693611,6.725079168610962,0.5133569302423764
Washington Sundar,2026-06-05,Chepauk Black Soil,High,79.88515314061179,10.58687239656198,-5.035524978258035,6.497317335319131,0.45624995015020453
Washington Sundar,2026-06-05,Wankhede Red Soil,High,91.24207514492224,11.746114870548173,-1.5229210262602202,5.431248346652409,0.603432999703491
Washington Sundar,2026-06-05,Eden Gardens Clay,Low,89.50841392285173,10.002180524591369,-3.7002948168438525,3.4934136143207777,0.8702384220211465
Washington Sundar,2026-06-05,Wankhede Red Soil,High,88.3207079197857,11.449681483718916,-3.113443307434154,3.1062912968049883,1.0193867651780377
Washington Sundar,2026-06-05,Eden Gardens Clay,High,79.75403110304426,14.173332412810911,-0.44062614620852525,6.053461153835045,0.6826240423631221
Washington Sundar,2026-06-05,Wankhede Red Soil,Low,99.77859741816519,9.691218781155339,-0.8178635841867333,5.960493250615864,0.5037903181041863
Washington Sundar,2026-06-05,Wankhede Red Soil,Low,93.14783007618101,14.535571211516322,-0.04559385188348131,4.9982961417212355,0.6659089024903188
Deepak Chahar,2026-06-05,Eden Gardens Clay,Low,143.96720016760023,9.12349334264815,-0.017711307742092952,3.2315228844593613,1.1434710694277683
Deepak Chahar,2026-06-05,Chepauk Black Soil,Low,141.8202923099907,15.067346474408026,0.8357953490044341,2.972620901266905,1.2469663655027174
Deepak Chahar,2026-06-05,Chepauk Black Soil,High,135.70457518667973,12.994841808743576,0.1653997955415063,2.641763301243017,1.0342793736555218
Deepak Chahar,2026-06-05,Wankhede Red Soil,High,128.78433845515045,12.37599361682766,0.15623061498069096,7.452364862494655,1.6421973142498412
Deepak Chahar,2026-06-05,Chepauk Black Soil,Low,133.19470228962496,11.26642296448148,0.004040229711226684,3.356581759207251,0.7999024743270003
Deepak Chahar,2026-06-05,Eden Gardens Clay,High,131.20824776147694,10.925786457360068,-0.6705604886304095,3.4359803331404235,1.2306251889955155
Deepak Chahar,2026-06-05,Eden Gardens Clay,High,136.89036289459608,11.249198294458816,-0.46638906397701296,5.596016981328879,1.3910646412757082
Deepak Chahar,2026-06-05,Chepauk Black Soil,Low,137.12848073611408,9.295892487722003,-0.9239790416796331,6.787268252855168,1.151928390225339
Deepak Chahar,2026-06-05,Wankhede Red Soil,Low,132.36519018202435,9.527129546265979,-0.7585221943773721,2.2212317344887316,1.3530100598818027
Deepak Chahar,2026-06-05,Eden Gardens Clay,Low,141.72616302129543,13.304132815925332,0.5401815486226238,3.8852330695601704,0.8491620441939198
Deepak Chahar,2026-06-05,Eden Gardens Clay,High,128.08277619404086,15.954259663362734,0.13722552693166312,4.094924662426208,0.811697046017983
Deepak Chahar,2026-06-05,Chepauk Black Soil,Low,148.8000093741993,15.126308432581226,1.0140758620930164,2.200537955188009,1.0512630058448325
Deepak Chahar,2026-06-05,Wankhede Red Soil,High,131.6333628562362,13.040630524091974,0.47448453757634895,7.619783982413293,1.6763898981568766
Deepak Chahar,2026-06-05,Chepauk Black Soil,High,132.29387542576424,10.802428843959166,0.22869352641590737,8.391195591283223,1.2580899835361088
Deepak Chahar,2026-06-05,Chepauk Black Soil,Low,131.30063527494266,15.913700910136058,1.2866910957644322,1.667323017740096,1.2686394713037783
Deepak Chahar,2026-06-05,Wankhede Red Soil,Low,134.297696202688,15.743498901498679,0.5322528864487609,6.907821796854567,1.2117327034849903
Deepak Chahar,2026-06-05,Chepauk Black Soil,High,138.75730330426242,12.555264843054044,0.10680287120521872,4.391073251625881,0.9557575542444122
Deepak Chahar,2026-06-05,Chepauk Black Soil,Low,132.22556215959563,10.835118886418309,0.24863504250750287,5.9268148525678965,1.1826745751438903
Deepak Chahar,2026-06-05,Eden Gardens Clay,High,130.33363094573787,12.670836215369423,-0.03255268661132771,6.087428732687051,1.3085665601470424
Deepak Chahar,2026-06-05,Wankhede Red Soil,High,125.6962179213929,15.604276031687863,0.2629516253132213,8.468713247207468,1.177553240165431
Deepak Chahar,2026-06-05,Wankhede Red Soil,High,128.15332801029967,10.304556605368031,0.7836414063858442,7.356030237886675,1.004049216038727
Deepak Chahar,2026-06-05,Wankhede Red Soil,Low,141.38978819163702,10.223791435600393,-0.5356234432217957,2.548294772630442,1.308653672523925
Deepak Chahar,2026-06-05,Eden Gardens Clay,High,122.01416545015773,14.605063573131854,0.317741265404073,2.1498226491239634,1.3003695508353825
Deepak Chahar,2026-06-05,Eden Gardens Clay,High,135.9358932076435,12.502597812284833,-0.729257838645885,6.233705146387927,0.8860711721581549
Deepak Chahar,2026-06-05,Wankhede Red Soil,Low,140.01386262953355,15.609364656541503,0.4050407198520091,5.047106987501861,1.0349909140753837
Deepak Chahar,2026-06-05,Wankhede Red Soil,High,129.3132899240323,9.459129964482976,0.7700943648744549,7.2520115669659555,1.6148471151170798
Deepak Chahar,2026-06-05,Wankhede Red Soil,Low,132.64729178026502,10.058233939523777,-0.6706697980397666,3.656612397262404,1.3985537004994921
Deepak Chahar,2026-06-05,Chepauk Black Soil,Low,148.99973644415968,10.57333215747076,-1.1279505954203812,6.975075567542882,1.1340817043370213
Deepak Chahar,2026-06-05,Eden Gardens Clay,High,139.50919570894305,8.600259284399918,0.20122446997550902,6.735851353974483,0.9283913027174758
Deepak Chahar,2026-06-05,Chepauk Black Soil,High,138.81339175427044,13.893672550485174,-0.6344466292009883,4.293036538607706,1.166840739278494
Deepak Chahar,2026-06-05,Wankhede Red Soil,High,129.4868006850549,10.69178961016208,-0.4179413377539426,7.557869879102495,1.4749176791065335
Deepak Chahar,2026-06-05,Wankhede Red Soil,Low,135.4369976122817,15.10564644406165,0.3366439617526867,4.274936397627183,1.0506114770953292
Deepak Chahar,2026-06-05,Chepauk Black Soil,Low,144.95456717506985,11.211133111856263,-0.4469656588757932,3.871522895451352,0.9158861259243775
Deepak Chahar,2026-06-05,Eden Gardens Clay,Low,149.82290844896,15.651813135730546,0.41432153014152595,6.612490423939258,1.1249945127202705
Deepak Chahar,2026-06-05,Eden Gardens Clay,High,135.1251954004472,14.059117902310142,-0.3257202656998299,8.918635874449423,1.4608331813407402
Deepak Chahar,2026-06-05,Wankhede Red Soil,High,135.13145603362835,8.933267712996354,0.14459632083960905,4.45501328101221,1.0825547010039736
Deepak Chahar,2026-06-05,Eden Gardens Clay,Low,140.10382982412506,15.857878662676377,0.3991781554821987,3.931591002119482,1.3278680751941678
Deepak Chahar,2026-06-05,Chepauk Black Soil,High,135.52414843747727,9.489933832607917,0.25887586298539794,7.0878028394311166,1.1431509442138468
Deepak Chahar,2026-06-05,Chepauk Black Soil,Low,140.82409637577203,10.050856555165982,0.07866298092047934,1.8697894983209542,0.7938607266202636
Deepak Chahar,2026-06-05,Eden Gardens Clay,Low,149.66072918611786,12.044081076252422,-0.10291792979195491,5.083987123044331,1.3105967255934599
Deepak Chahar,2026-06-05,Chepauk Black Soil,High,139.3754939729294,14.727644965239374,1.216490145932415,6.263411457089268,1.218354214467479
Deepak Chahar,2026-06-05,Wankhede Red Soil,High,131.98098047990968,11.216732110972739,-0.5203890928240685,4.592925748471808,1.0326924224211282
Deepak Chahar,2026-06-05,Chepauk Black Soil,High,136.43793558348162,8.586950003860771,-1.1685323635853642,4.701701238254687,0.8268337443432564
Deepak Chahar,2026-06-05,Chepauk Black Soil,High,132.0402805363779,9.653972483000617,-0.45701862335867527,3.0758892177658046,1.0315642490832089
Deepak Chahar,2026-06-05,Wankhede Red Soil,High,138.79243406623246,11.271849691150852,-0.12647733326265112,3.0128517306114317,0.9894564077489716
Deepak Chahar,2026-06-05,Eden Gardens Clay,High,121.73044498648918,10.401969281578832,-0.8920261510726866,5.269601414971089,0.987371299626048
Deepak Chahar,2026-06-05,Chepauk Black Soil,High,134.18732817628913,13.07407241588286,-0.9201407352803651,4.597139833124241,1.0912772950214353
Deepak Chahar,2026-06-05,Eden Gardens Clay,Low,138.36585707623723,11.328236463828297,-0.6330299059182916,4.955278623739254,0.8529591612757454
Deepak Chahar,2026-06-05,Chepauk Black Soil,High,135.7965796153865,10.411528928851414,0.11335481753588875,4.359676220049501,1.1015367921288246
Deepak Chahar,2026-06-05,Eden Gardens Clay,High,141.72994095226343,10.63422239622103,-0.6117819104176803,5.814844667192799,1.4336601082421376
Deepak Chahar,2026-06-05,Chepauk Black Soil,Low,136.53284321844896,12.284127857375974,-0.7703277673385471,5.64127507980922,1.2620037593274633
Deepak Chahar,2026-06-05,Chepauk Black Soil,Low,148.98104546988665,10.348626522539035,0.8022187659121517,5.704293321664356,0.9925706879002775
Deepak Chahar,2026-06-05,Eden Gardens Clay,Low,143.91161545786994,8.12170469170543,0.031578980869324536,5.8326764205664885,1.2404947640174189
Deepak Chahar,2026-06-05,Wankhede Red Soil,Low,142.92774730050897,12.102933073858775,-0.6492846367359241,5.670751718036767,0.9684616737139641
Ishant Sharma,2026-06-05,Chepauk Black Soil,High,131.36927795587587,9.75030134350036,-0.5897891088195601,8.751012229003996,0.9351511219823418
Ishant Sharma,2026-06-05,Eden Gardens Clay,Low,145.01943190487688,11.787881628310787,-0.5517041116699062,2.2671941381945766,0.940352022711109
Ishant Sharma,2026-06-05,Chepauk Black Soil,Low,144.7562390389908,8.43585537545276,0.6166842711680264,5.9959723380172365,1.0013275235263168
Ishant Sharma,2026-06-05,Wankhede Red Soil,High,135.50623373348327,8.025983503512784,-0.050003542050761324,5.949257803285664,1.7551925799775423
Ishant Sharma,2026-06-05,Wankhede Red Soil,Low,135.71392748316256,9.111948504339313,0.17418856357579868,2.141550962933644,1.480705679587188
Ishant Sharma,2026-06-05,Chepauk Black Soil,High,130.66769347346292,15.998232655284141,0.5862729994492225,5.108189646774494,1.0317766287377934
Ishant Sharma,2026-06-05,Wankhede Red Soil,Low,146.95630507065,11.036495232714238,-0.6537929365519329,3.7405766808581586,1.7793262856283163
Ishant Sharma,2026-06-05,Wankhede Red Soil,High,131.06171547955066,9.134003538713891,-0.12164177191230063,6.329028822591081,1.2480326694967647
Ishant Sharma,2026-06-05,Wankhede Red Soil,Low,131.73069618943902,10.245959080173584,-0.4509029452680666,2.7084131771266025,1.4079215826206815
Ishant Sharma,2026-06-05,Wankhede Red Soil,Low,137.32484791866756,13.275024985526745,-0.5861612186863964,6.7766653800946255,1.4658072473979815
Ishant Sharma,2026-06-05,Wankhede Red Soil,High,122.83330902370085,13.52754181759288,-0.17222155586655552,3.6494969998059843,1.634692626852721
Ishant Sharma,2026-06-05,Eden Gardens Clay,Low,145.6888099482389,14.701752110837187,0.23055737633325646,4.579775686785192,0.8289178154426212
Ishant Sharma,2026-06-05,Eden Gardens Clay,Low,140.28415150502977,12.780735768353658,-0.6129905211133337,3.1860685980244137,0.9338680482878331
Ishant Sharma,2026-06-05,Chepauk Black Soil,High,131.16763836614848,11.632505455289731,0.6685497330263092,6.112652914841685,0.787508068156279
Ishant Sharma,2026-06-05,Chepauk Black Soil,High,134.29511757021396,15.848525609123103,0.5083367123846919,5.199904647563743,1.200284211124378
Ishant Sharma,2026-06-05,Wankhede Red Soil,High,128.27823128060606,8.91588637409455,0.7265151263771377,4.475198336231559,1.600499878072566
Ishant Sharma,2026-06-05,Chepauk Black Soil,High,138.27465247246667,9.3629536378297,-0.35440340480520466,5.098176945180321,1.045932609259807
Ishant Sharma,2026-06-05,Wankhede Red Soil,High,131.29958086168918,8.657701647243433,-0.6284764459781841,7.980986374147384,1.7975141322437642
Ishant Sharma,2026-06-05,Wankhede Red Soil,Low,145.0483403228061,14.032849405005264,0.535014217788557,4.9678018758807125,1.639945636723109
Ishant Sharma,2026-06-05,Chepauk Black Soil,High,124.14641938382509,10.632259618516823,-0.03512796558175237,8.449439767779534,1.1018961162530871
Ishant Sharma,2026-06-05,Chepauk Black Soil,High,134.95625098992778,8.059225232308087,-0.5755904555629314,5.797049486307191,1.049340725663215
Ishant Sharma,2026-06-05,Eden Gardens Clay,High,129.3576727159241,13.068419106251058,0.6327806550562058,4.889029511356038,1.0981499648613307
Ishant Sharma,2026-06-05,Eden Gardens Clay,Low,137.67771918920081,10.309850666053261,0.45729678040278454,4.120533125468243,1.4061909266170112
Ishant Sharma,2026-06-05,Wankhede Red Soil,Low,139.77646611884347,14.276491877663272,0.3387104124423857,2.83918174832876,1.0325607172924158
Ishant Sharma,2026-06-05,Eden Gardens Clay,Low,134.676729671316,11.002535378948185,0.8376787263486183,3.252627686083156,0.9372208284911338
Ishant Sharma,2026-06-05,Eden Gardens Clay,Low,131.68616328072034,13.230348671361693,-0.6738998389111983,3.5137028682808564,1.3954459466095779
Ishant Sharma,2026-06-05,Wankhede Red Soil,Low,142.13204683810912,11.778262218771738,-0.05110633174345054,5.920947489391275,1.751684993031
Ishant Sharma,2026-06-05,Chepauk Black Soil,Low,131.52228375780243,13.140326842903665,0.8368305987023528,4.212086335304205,0.9698064783017012
Ishant Sharma,2026-06-05,Wankhede Red Soil,Low,147.46799219091858,10.392139503471109,-0.0383884286535757,2.0679600786852963,1.6483321595079026
Ishant Sharma,2026-06-05,Wankhede Red Soil,Low,130.26232436235944,11.316259959064816,-0.14341292774835443,6.642617518457095,1.0126469131222298
Ishant Sharma,2026-06-05,Eden Gardens Clay,High,136.70605754798888,11.40537888045192,-0.4925433755579589,5.0681746553507825,1.486385334275902
Ishant Sharma,2026-06-05,Eden Gardens Clay,Low,140.7042901193803,9.267312567039584,-0.6532612867685839,5.855279008512285,1.316659782877308
Ishant Sharma,2026-06-05,Chepauk Black Soil,High,128.46409033376108,12.14999512824227,0.9821391787265397,3.373074333099832,1.2715337981500698
Ishant Sharma,2026-06-05,Chepauk Black Soil,Low,137.21529009919502,9.361489893696685,-0.04822531893371014,5.386992774274951,0.9739590469500792
Ishant Sharma,2026-06-05,Eden Gardens Clay,High,127.44979910030612,13.703292653517394,0.33012236546511087,3.400555232369725,0.9864249386234654
Ishant Sharma,2026-06-05,Chepauk Black Soil,High,124.40936193242388,9.616407024533393,0.6764948026070844,8.045398625270412,0.9208307140413561
Ishant Sharma,2026-06-05,Wankhede Red Soil,Low,147.9289586014699,13.223263959530492,0.018593489633549433,5.210092805682958,1.01389822949801
Ishant Sharma,2026-06-05,Eden Gardens Clay,High,140.34378282250063,8.09459275260291,0.6932979484215573,7.397926241286815,0.8185058401716419
Ishant Sharma,2026-06-05,Wankhede Red Soil,High,130.1392445318718,9.81176198113683,-0.6573089337354144,3.525465486490737,1.7896246169186916
Ishant Sharma,2026-06-05,Eden Gardens Clay,High,127.52612217690233,10.318766005598206,0.5632798778952977,5.286620994174341,0.9816514333570542
Ishant Sharma,2026-06-05,Eden Gardens Clay,High,139.50227384742598,9.479546424622265,0.18937780072684363,6.356426716745913,0.9454228042936603
Ishant Sharma,2026-06-05,Wankhede Red Soil,High,139.0970259080003,11.642031245489438,0.48427533197136285,7.3005263431988885,1.4769294985337382
Ishant Sharma,2026-06-05,Chepauk Black Soil,Low,149.44117620865254,11.94175118621435,0.9097882201783141,3.421754351159449,1.2382350375653859
Ishant Sharma,2026-06-05,Wankhede Red Soil,Low,147.43259150817042,9.685207188478566,-0.7788457596856498,4.0125967839159005,1.215788017611683
Ishant Sharma,2026-06-05,Chepauk Black Soil,Low,148.3401062373907,15.517200814877107,1.0411180426590516,5.997317348387916,1.1653145342894593
Ishant Sharma,2026-06-05,Wankhede Red Soil,High,135.2432139250471,11.676115298209483,0.1715772921393974,5.394700643377753,0.9849471277995259
Ishant Sharma,2026-06-05,Wankhede Red Soil,High,135.66907042410193,15.785103515152372,0.7766550224776932,6.829434925572922,1.309049214359589
Ishant Sharma,2026-06-05,Eden Gardens Clay,Low,134.36997182003685,10.512036499885987,-0.6595692916256057,2.760154875671403,1.4737117855746684
Ishant Sharma,2026-06-05,Wankhede Red Soil,High,134.4750123283639,13.596469477229537,0.4315579163736333,5.214411775513882,1.7690169395779871
Ishant Sharma,2026-06-05,Eden Gardens Clay,High,138.20704921667794,8.789679220734476,-0.6765436891133714,8.328898141499335,1.269668508538172
Ishant Sharma,2026-06-05,Eden Gardens Clay,Low,132.5039434839357,8.67061368868119,0.7895128287074777,5.5670321869920425,1.2326862234230442
Ishant Sharma,2026-06-05,Wankhede Red Soil,High,140.65810257312415,13.807419222962745,-0.5188427630370344,2.700056219623955,0.9897138403081653
Ishant Sharma,2026-06-05,Wankhede Red Soil,Low,130.9671390272185,11.566400365039096,0.254168194237071,3.0542882638476687,1.2991376101424832
Ishant Sharma,2026-06-05,Eden Gardens Clay,High,135.5813299487249,10.80267195299472,0.6667211979015499,4.128539951907676,1.1874069275229138
Ishant Sharma,2026-06-05,Wankhede Red Soil,Low,141.6532650715233,10.14937081968758,0.4181963176165612,1.6861197108291006,1.682038164306927
Ishant Sharma,2026-06-05,Eden Gardens Clay,Low,148.26617154284722,8.691514864789086,-0.20321070012707754,2.412391354585775,0.9395207582947009
Ishant Sharma,2026-06-05,Eden Gardens Clay,Low,135.92150388541668,11.950292271837434,0.41399780842928835,3.969645061375714,0.8443712334713991
Umesh Yadav,2026-06-05,Chepauk Black Soil,Low,135.01676951684237,10.930385919071526,0.7563395529013104,2.482614591206118,1.2397263547484811
Umesh Yadav,2026-06-05,Chepauk Black Soil,Low,136.44545191637465,10.043360856915598,-1.0129233346412223,2.8728045525989185,1.1491296686467625
Umesh Yadav,2026-06-05,Chepauk Black Soil,High,135.0888093383846,15.435456783154692,0.17579591497024263,7.280177735990021,1.0811552005529035
Umesh Yadav,2026-06-05,Eden Gardens Clay,Low,134.4452856565815,11.430088471068387,-0.34682567653329643,6.235418410541827,1.34182255621012
Umesh Yadav,2026-06-05,Eden Gardens Clay,Low,140.09675291545352,12.145542637137236,0.531388701230894,4.630482160131834,1.3681162657716885
Umesh Yadav,2026-06-05,Chepauk Black Soil,Low,144.24276382661625,8.29539894453411,0.8750349116384927,6.828472340792233,1.057462344891834
Umesh Yadav,2026-06-05,Chepauk Black Soil,Low,140.9463719183988,14.588186350416134,-1.0279472348575576,4.004283445706882,1.2128908271029357
Umesh Yadav,2026-06-05,Eden Gardens Clay,Low,148.6639979972313,10.767643799751536,-0.6425536556521987,5.71054665799941,1.1650344288787677
Umesh Yadav,2026-06-05,Wankhede Red Soil,High,122.81225628862607,12.668829006098774,-0.19283161114278988,6.234534638797098,1.2419503690112144
Umesh Yadav,2026-06-05,Wankhede Red Soil,High,134.9786387368005,8.71441483304887,0.3039760564239098,6.627451628348005,1.3600292570921542
Umesh Yadav,2026-06-05,Wankhede Red Soil,Low,130.2067718296753,15.10425165222371,0.08713046473355633,6.210207911942019,1.7535448928404211
Umesh Yadav,2026-06-05,Eden Gardens Clay,Low,134.53179986230325,9.671181766900713,-0.8609441228508303,3.0329989638820782,1.2193830195662299
Umesh Yadav,2026-06-05,Chepauk Black Soil,Low,132.3932908075524,8.082199562231098,-1.0130864862427782,4.578304443214589,0.9202975530061895
Umesh Yadav,2026-06-05,Wankhede Red Soil,High,144.6405462538033,15.32743628645376,0.23398692800515147,5.659411860513612,1.1607987037405079
Umesh Yadav,2026-06-05,Eden Gardens Clay,Low,136.89248160262406,8.8550838213833,-0.8862452433868195,1.8827950495548929,0.9633636143012564
Umesh Yadav,2026-06-05,Eden Gardens Clay,High,127.97386107822331,10.682753804439521,0.23682620070227967,4.890795841864199,0.944009530723269
Umesh Yadav,2026-06-05,Eden Gardens Clay,Low,134.8900586710701,10.750993569587793,0.9824374197316377,4.417848917761187,0.9476159723449237
Umesh Yadav,2026-06-05,Eden Gardens Clay,Low,148.74148805945757,8.208663010460306,-0.21889112323550974,3.2776024443936977,0.8222508130030612
Umesh Yadav,2026-06-05,Wankhede Red Soil,Low,143.78317312935494,11.34058849379953,-0.37535108027095615,4.729565564444977,1.0304870150805407
Umesh Yadav,2026-06-05,Eden Gardens Clay,Low,135.76848487055037,15.951647803555769,-0.39309481018305537,5.028416741915351,1.3480310949648637
Umesh Yadav,2026-06-05,Chepauk Black Soil,High,135.98462175658693,13.815296752645118,-1.1981456100832832,7.019623108406992,0.9044313020783441
Umesh Yadav,2026-06-05,Wankhede Red Soil,Low,137.86386947872523,8.123150739540128,0.10037350530993905,4.37474590877998,1.6636484704699035
Umesh Yadav,2026-06-05,Eden Gardens Clay,High,140.531387780749,14.749648912850773,-0.6444775849178772,7.249613148202404,1.2318059707725333
Umesh Yadav,2026-06-05,Eden Gardens Clay,High,127.28959341135324,9.158462737728282,-0.21233338274073787,5.194712107826513,0.9099593778261791
Umesh Yadav,2026-06-05,Wankhede Red Soil,Low,143.87313736697453,9.950328853757318,0.4042434768881382,2.9651092896071045,1.0599683268890694
Umesh Yadav,2026-06-05,Eden Gardens Clay,Low,145.5445832286758,9.927088617616768,0.3635033079465746,2.559134209842738,1.0346694749278669
Umesh Yadav,2026-06-05,Wankhede Red Soil,High,130.45036590504674,8.260141796019138,-0.6779644456796805,2.9219925405551344,1.382496098372044
Umesh Yadav,2026-06-05,Eden Gardens Clay,High,142.67406469476467,13.665164724978895,-0.9432539135117581,2.9149431609119607,0.8030745225541371
Umesh Yadav,2026-06-05,Wankhede Red Soil,High,134.714408580869,10.975193447026522,-0.5210898539954355,5.963062547078624,1.797817220259137
Umesh Yadav,2026-06-05,Eden Gardens Clay,High,136.21613811238052,11.534011114418508,0.7788088321386488,7.385938518999584,1.0980412395820411
Umesh Yadav,2026-06-05,Eden Gardens Clay,Low,138.20263744547722,13.209107402708428,-0.09946372819354243,3.0136423867298703,0.8259680294715316
Umesh Yadav,2026-06-05,Eden Gardens Clay,High,137.84841631150533,12.193008844373908,0.9481124279280926,7.801416636681576,0.9202599765120005
Umesh Yadav,2026-06-05,Eden Gardens Clay,High,137.8788809399074,14.1760853284718,-0.8499667696634852,8.28465090466795,1.0878755986014115
Umesh Yadav,2026-06-05,Chepauk Black Soil,Low,132.34004416044857,10.284107992951405,1.1074740487926218,6.067871348810064,0.9585751004753519
Umesh Yadav,2026-06-05,Wankhede Red Soil,High,128.8232145350616,9.627580025422748,0.7565046439920544,6.2840771686171495,1.2197739379672643
Umesh Yadav,2026-06-05,Eden Gardens Clay,High,139.1649429309696,14.788768023753502,0.7609973096452194,4.3672165651450285,1.1221802617831278
Umesh Yadav,2026-06-05,Wankhede Red Soil,High,123.49738193484015,14.849061234955801,-0.655005187466175,8.460216626917527,1.0086989830644855
Umesh Yadav,2026-06-05,Wankhede Red Soil,High,134.35373347760606,14.199478661943544,-0.08595665375219141,8.192737785529385,1.475549971850166
Umesh Yadav,2026-06-05,Eden Gardens Clay,Low,140.66524722222385,10.189915602277164,-0.5396753350751153,2.7898147716150787,0.9840870483699824
Umesh Yadav,2026-06-05,Chepauk Black Soil,Low,130.69146247685273,10.38894653224553,-1.2009081992869404,5.249206352659195,1.2008813344040548
Umesh Yadav,2026-06-05,Eden Gardens Clay,Low,134.67226138237604,8.787659113810793,-0.40761659017408247,3.6261268141970504,1.1176010524713726
Umesh Yadav,2026-06-05,Chepauk Black Soil,Low,136.00457823117404,13.396891760052345,0.3954114915120223,2.3711938812812763,0.8725408207591285
Umesh Yadav,2026-06-05,Chepauk Black Soil,Low,149.05263604499166,8.108996325328159,-0.6392101155560622,1.8998825743641752,1.1347242303823026
Umesh Yadav,2026-06-05,Chepauk Black Soil,Low,132.36259189973518,15.618957539438952,1.065574312239799,3.3142457944734693,0.6813496516116485
Umesh Yadav,2026-06-05,Chepauk Black Soil,Low,142.80569417944878,12.276731157403425,-0.4928322188465162,4.857228040595503,1.2049770354184575
Umesh Yadav,2026-06-05,Eden Gardens Clay,Low,141.8425896312011,14.765877061890652,0.8674325040739752,5.603343083982996,1.101770642554959
Umesh Yadav,2026-06-05,Chepauk Black Soil,High,140.6875179514854,10.4342593927793,-0.43374666483044105,2.0106087258545733,1.011330195768911
Umesh Yadav,2026-06-05,Chepauk Black Soil,High,128.18507432916977,8.570911752716217,-0.5715748982260801,3.6940374371706253,1.1830333788729934
Umesh Yadav,2026-06-05,Eden Gardens Clay,Low,133.4126451508542,8.638734633285704,0.9096484188710687,6.278379709408193,1.370877432545838
Varun Chakravarthy,2026-06-05,Eden Gardens Clay,High,88.55851201301842,14.832361654385888,-2.250401888056828,8.040685476807594,0.5692256396785291
Varun Chakravarthy,2026-06-05,Chepauk Black Soil,Low,91.88081993457473,10.99749568611756,1.4528876322287632,5.478798912789291,0.37073527840102455
Varun Chakravarthy,2026-06-05,Eden Gardens Clay,High,93.82364216258549,13.937858385160617,2.3955275684376973,7.238978023311974,0.45351249996732823
Varun Chakravarthy,2026-06-05,Wankhede Red Soil,Low,99.38556147269085,11.934657999895396,-0.4406067995326026,2.545516649919594,0.5672794791414191
Varun Chakravarthy,2026-06-05,Eden Gardens Clay,Low,81.57045609282132,13.583994566962218,2.766330617869621,4.124559576565762,0.5345388612277422
Varun Chakravarthy,2026-06-05,Eden Gardens Clay,Low,84.82715640790757,8.378427183080667,2.036211964107186,4.007898298614441,0.6501269383409932
Varun Chakravarthy,2026-06-05,Chepauk Black Soil,High,93.25436507155072,15.516181672904708,-1.955547211296983,6.173497913607022,0.6420300153918911
Varun Chakravarthy,2026-06-05,Eden Gardens Clay,High,93.13684343283155,12.392273485215718,-3.036411862797168,9.100014049650705,0.5049738353371542
Varun Chakravarthy,2026-06-05,Eden Gardens Clay,High,77.99122830332354,12.5455836967304,-2.897273108251185,4.141731257272445,0.6108515440522213
Varun Chakravarthy,2026-06-05,Chepauk Black Soil,Low,85.82364163434356,9.392796785675868,-3.6299179928601513,2.5000552832783134,0.6807251845417546
Varun Chakravarthy,2026-06-05,Eden Gardens Clay,Low,87.3381503024151,9.13132561682821,2.394735516816608,4.913249745408148,0.8538225372086922
Varun Chakravarthy,2026-06-05,Eden Gardens Clay,Low,91.91494101058565,9.217564984068463,-0.5400542117040823,6.484573565402694,0.4715405664703189
Varun Chakravarthy,2026-06-05,Eden Gardens Clay,High,81.86570347815432,13.935457478976698,-0.8133574071491454,3.7556770395521255,0.8150852575117653
Varun Chakravarthy,2026-06-05,Eden Gardens Clay,Low,95.81601747506312,10.435681936067333,-2.285705307137264,2.763286872538054,0.6185312492424634
Varun Chakravarthy,2026-06-05,Wankhede Red Soil,Low,90.7244220474281,14.971556576137505,-1.7984784735594297,5.4300617347753946,1.0540213624418293
Varun Chakravarthy,2026-06-05,Eden Gardens Clay,Low,87.62964213243683,14.914078679019969,2.9465786255751,6.456319569347526,0.6053069894261871
Varun Chakravarthy,2026-06-05,Wankhede Red Soil,Low,90.49944171756492,14.598900233694224,2.954998726347899,5.567870064692068,0.6591195311037839
Varun Chakravarthy,2026-06-05,Eden Gardens Clay,High,95.4629725449131,8.617530524395331,-1.8346570381929057,2.5079774618517123,0.6425019640643985
Varun Chakravarthy,2026-06-05,Eden Gardens Clay,High,78.8932871806595,8.196248571291227,-1.2041070592713048,2.87618384789662,0.595272969647465
Varun Chakravarthy,2026-06-05,Wankhede Red Soil,High,92.33859747580271,15.5765699845904,-0.39998786828603133,7.159037466614974,0.49426315917473845
Varun Chakravarthy,2026-06-05,Wankhede Red Soil,High,90.65637953426958,10.725728139771848,1.7659785189166024,7.283441633814616,0.7916931615130159
Varun Chakravarthy,2026-06-05,Chepauk Black Soil,High,88.87210152664781,11.802245709447662,-4.663017238115961,5.859079146017338,0.6367079206793813
Varun Chakravarthy,2026-06-05,Chepauk Black Soil,Low,90.61547704800559,10.665169443277179,-2.4438713897590016,2.3484887606656413,0.5814851680397518
Varun Chakravarthy,2026-06-05,Wankhede Red Soil,High,94.56887591279212,12.49683499293274,2.9412842360483475,2.3626954562651505,1.0058127991369485
Varun Chakravarthy,2026-06-05,Wankhede Red Soil,High,95.34867476769662,10.744695580360222,-0.7264491373428101,6.376394189475525,0.6036483972325093
Varun Chakravarthy,2026-06-05,Chepauk Black Soil,High,79.41111020328204,13.530852500246784,3.983109735400323,7.21893037670621,0.34137710569742424
Varun Chakravarthy,2026-06-05,Wankhede Red Soil,Low,88.20141232987449,14.37046607151976,3.013588680241521,6.6405603128048645,0.8155357833342537
Varun Chakravarthy,2026-06-05,Eden Gardens Clay,Low,86.83205152658513,13.3882009370321,-1.0921290988946772,2.335632039363163,0.7389996003446787
Varun Chakravarthy,2026-06-05,Wankhede Red Soil,Low,83.88320493865677,11.478834991988943,-0.896343679137511,3.629642169331638,0.7804226662920402
Varun Chakravarthy,2026-06-05,Chepauk Black Soil,Low,85.35916421302694,10.292484458567422,2.724761841397508,5.195424069208498,0.5826440067592661
Varun Chakravarthy,2026-06-05,Wankhede Red Soil,High,85.55368968931427,13.073895184934822,-0.12724106984189093,4.594485475109988,1.0621710905410462
Varun Chakravarthy,2026-06-05,Eden Gardens Clay,High,92.30265087627231,15.48523847077292,-1.160200663532347,2.1899999349178954,0.48413346980759775
Varun Chakravarthy,2026-06-05,Wankhede Red Soil,High,83.45057563416553,11.450501129364316,-2.997218468736854,3.4639715498648247,0.8021428813537573
Varun Chakravarthy,2026-06-05,Eden Gardens Clay,Low,80.92478883438794,8.495475534072163,0.5550006579100497,4.582157428054898,0.5273631599130032
Venkatesh Iyer,2026-06-05,Eden Gardens Clay,High,126.80467652408247,12.037013296639104,-0.09917423035674688,2.8101902953476614,1.24113500961016
Venkatesh Iyer,2026-06-05,Chepauk Black Soil,High,137.78223110848091,14.766425369475726,-0.5995584157562378,5.7766587040414334,0.9719368669065631
Venkatesh Iyer,2026-06-05,Chepauk Black Soil,High,121.42846029337367,12.818508340125408,0.9156372102581924,5.739173529934115,0.8615415416293364
Venkatesh Iyer,2026-06-05,Wankhede Red Soil,Low,140.04572340100287,14.658129989281456,-0.31950021677687296,2.5699945427997184,1.4947149377383087
Venkatesh Iyer,2026-06-05,Wankhede Red Soil,Low,131.80966140825433,9.242639473122527,-0.11127795142006712,6.759763578948951,1.7848734796906973
Venkatesh Iyer,2026-06-05,Wankhede Red Soil,Low,134.51458537555575,11.814466560260241,0.1851096800369293,4.429766805121378,1.5830003982699756
Venkatesh Iyer,2026-06-05,Chepauk Black Soil,Low,130.2428334380896,8.132895819818607,-0.8394505608188418,3.354086659482462,0.9007321130952345
Venkatesh Iyer,2026-06-05,Wankhede Red Soil,Low,148.1104970328551,11.867658027213572,0.5637845227457934,6.644563308708868,0.9872049261038078
Venkatesh Iyer,2026-06-05,Chepauk Black Soil,Low,130.98505221897886,8.333125546714367,0.49195216489448224,4.753607821259699,0.7695806572807509
Venkatesh Iyer,2026-06-05,Chepauk Black Soil,High,129.9602245218782,11.995138657874474,-0.05981542958321733,3.0425424286122564,0.9737607906309796
Venkatesh Iyer,2026-06-05,Chepauk Black Soil,High,124.63364739864677,13.167321070562645,1.2070678834281074,1.980374704015329,1.1467101848203185
Venkatesh Iyer,2026-06-05,Chepauk Black Soil,Low,131.3781679088238,9.035451595644883,-0.5559958574345727,1.629535837954061,1.2522435191187982
Venkatesh Iyer,2026-06-05,Chepauk Black Soil,Low,134.04136037764883,15.439776948740663,-1.2223546650298496,5.897787093407072,1.064187888527238
Venkatesh Iyer,2026-06-05,Eden Gardens Clay,High,143.85713049313281,13.376455823942807,-0.43371246511225303,9.22953841234581,0.9022483604956715
Venkatesh Iyer,2026-06-05,Wankhede Red Soil,Low,141.40496717493386,8.66753420987834,-0.750292314790233,2.0911732346832848,1.7132219617611824
Venkatesh Iyer,2026-06-05,Chepauk Black Soil,Low,133.40323359117156,15.1460073545535,-0.8675792965958731,1.6900383294571317,1.0050616843795124
Venkatesh Iyer,2026-06-05,Wankhede Red Soil,High,139.5249305666045,15.375074284874719,0.1223620364924555,5.696722233338348,1.7855036412738146
Venkatesh Iyer,2026-06-05,Chepauk Black Soil,High,127.85392807147572,10.046987909173517,-0.49978698317337156,3.4715298218312127,1.2122223081260137
Venkatesh Iyer,2026-06-05,Chepauk Black Soil,Low,143.35106497125207,8.463988063032954,0.8619982208711315,3.8738393861968596,0.6924028243678211
Venkatesh Iyer,2026-06-05,Wankhede Red Soil,Low,136.895760832026,14.700626036165183,0.47570346884870035,1.930728040616185,1.2972773935747237
Venkatesh Iyer,2026-06-05,Eden Gardens Clay,High,140.78566706740705,10.9982805772346,0.25202940224611026,2.197248596498711,1.2262258817638496
Venkatesh Iyer,2026-06-05,Chepauk Black Soil,Low,146.50322651248,14.088970397272542,1.1217114026837567,4.647982191594947,1.0096944026164965
Venkatesh Iyer,2026-06-05,Chepauk Black Soil,High,133.32584233531486,13.005539845402458,0.6647270143932348,2.1023607396345,0.7417784060359276
Venkatesh Iyer,2026-06-05,Eden Gardens Clay,High,132.77072072140402,13.251953314568459,-0.06431395826391095,8.468311773601002,1.2151699881905476
Venkatesh Iyer,2026-06-05,Wankhede Red Soil,High,127.05652680637961,10.497102584175757,-0.10745086822077693,4.620441780313342,1.3632664220058344
Venkatesh Iyer,2026-06-05,Wankhede Red Soil,High,136.72924032575352,10.700078788595063,-0.19120237373319215,2.4931172190299162,1.518221998786902
Venkatesh Iyer,2026-06-05,Chepauk Black Soil,High,133.90107176527403,10.770653197433445,-1.2750401725678147,7.985308055684363,1.2588633437847294
Venkatesh Iyer,2026-06-05,Wankhede Red Soil,Low,132.09873626033146,14.81218644078802,-0.0579456213700885,3.820688044689382,1.2177882818119046
Venkatesh Iyer,2026-06-05,Eden Gardens Clay,Low,143.3712107252845,14.658116582611934,0.6277008742791321,4.282274412409296,1.3670851386567793
Venkatesh Iyer,2026-06-05,Eden Gardens Clay,High,123.6057830739997,8.694742774521243,0.8479401467370391,4.106208144353502,0.9858251268005538
Venkatesh Iyer,2026-06-05,Wankhede Red Soil,High,126.0060879568479,12.046222704936154,-0.2118355661059219,6.821997056760229,1.2552478310055208
Venkatesh Iyer,2026-06-05,Wankhede Red Soil,Low,141.7368448932598,13.99107718622686,0.6301781652044443,3.2380185834180635,1.4515386767833305
Prithvi Shaw,2026-06-05,Chepauk Black Soil,High,115.7572336659791,10.852408496765538,-0.8494859339505972,8.709180869442658,0.7729616177151372
Prithvi Shaw,2026-06-05,Chepauk Black Soil,Low,111.12224022136985,14.550656891839001,-0.45083249200245207,6.1449909157703635,0.5195651295520028
Prithvi Shaw,2026-06-05,Chepauk Black Soil,Low,106.91146411096793,15.10240091647702,0.7855656692344903,5.512471742711525,0.47388377156346956
Prithvi Shaw,2026-06-05,Eden Gardens Clay,Low,101.17839764797885,12.03123770678273,0.12960788300829762,6.869855775801067,0.6071606234123419
Prithvi Shaw,2026-06-05,Chepauk Black Soil,High,112.73670742084353,14.24899916996852,-0.9669094621559947,4.3981870305135935,0.6142428213355787
Prithvi Shaw,2026-06-05,Eden Gardens Clay,High,113.63900748237208,12.285355252235632,-0.15998081407858278,7.15613126639927,0.7747216795239745
Prithvi Shaw,2026-06-05,Chepauk Black Soil,High,106.39021499980043,14.033877818163823,-1.0999078308821744,3.785412925206458,0.6336015569883645
Prithvi Shaw,2026-06-05,Chepauk Black Soil,Low,110.69678543519657,12.271337148331323,0.805038491497971,1.6233053325540212,0.5197112552397256
Prithvi Shaw,2026-06-05,Eden Gardens Clay,High,106.82905453086732,15.24289817273652,0.47012458882858943,4.729498124230059,0.8929758022863067
Prithvi Shaw,2026-06-05,Chepauk Black Soil,Low,111.99440450110592,13.639869191080514,0.24789723418487367,4.219759463851962,0.8429368011108899
Prithvi Shaw,2026-06-05,Eden Gardens Clay,Low,112.78707486863502,13.032084206929511,0.6163851359677903,5.548580378752546,0.964219083425129
Prithvi Shaw,2026-06-05,Chepauk Black Soil,Low,112.78390267101807,13.755895977742497,-0.17286345806987055,4.406840407093091,0.502104997925576
Prithvi Shaw,2026-06-05,Chepauk Black Soil,High,113.66198893497419,15.733567143208074,0.534146061532911,5.545525487675648,0.5075609945503691
Prithvi Shaw,2026-06-05,Chepauk Black Soil,High,97.88000852578762,12.209465647050402,-0.109483761175313,2.309927624002892,0.5255120666378912
Prithvi Shaw,2026-06-05,Chepauk Black Soil,High,94.7124369513169,10.816975135336515,-0.7273747597987725,3.2213512787774756,0.6056706054460497
Prithvi Shaw,2026-06-05,Wankhede Red Soil,Low,100.89062373568147,15.48387760463967,-0.4610886836139916,5.136184583546402,0.727666254205595
Prithvi Shaw,2026-06-05,Wankhede Red Soil,Low,119.4735492891678,9.098307072728513,0.09115907400383155,2.9975111733625406,1.0692693274182647
Prithvi Shaw,2026-06-05,Wankhede Red Soil,Low,112.59509457905119,9.139991741473633,-0.00980460140205839,4.960483297530541,1.115213865585826
Prithvi Shaw,2026-06-05,Chepauk Black Soil,High,96.0588464908449,11.601177509021783,-1.2787308499086572,2.8337366515366593,0.7201017439678953
Prithvi Shaw,2026-06-05,Chepauk Black Soil,High,99.45482099639474,14.341600879870638,0.7896692296715452,7.14033499265592,0.4342534287700529
Prithvi Shaw,2026-06-05,Eden Gardens Clay,Low,114.23115464714117,10.944080474090581,0.8798983867963128,5.251413003677406,0.6689530068537743
Prithvi Shaw,2026-06-05,Wankhede Red Soil,High,110.63791499965039,12.544778179940641,0.48530807155780364,7.617505493373796,0.8739420237272717
Prithvi Shaw,2026-06-05,Chepauk Black Soil,High,95.57749532755035,10.244437645175385,0.75512560805462,3.508372579181045,0.6667629522796498
Prithvi Shaw,2026-06-05,Eden Gardens Clay,High,100.61660602761131,12.210110949432508,-0.02814016955931109,2.8961940138595046,0.7062206253001894
Prithvi Shaw,2026-06-05,Chepauk Black Soil,High,106.28815913388922,8.728174542603185,0.2580841184845225,4.186590040968924,0.6904976856438455
Prithvi Shaw,2026-06-05,Eden Gardens Clay,Low,118.50170842676857,14.649560487403663,-0.8422341245752016,5.345650957238949,0.5665759042233162
Prithvi Shaw,2026-06-05,Wankhede Red Soil,Low,100.50505675385516,13.35465993066386,0.09950877372510335,4.176503933378484,0.6107364855192837
Prithvi Shaw,2026-06-05,Chepauk Black Soil,High,108.99014387477003,15.817075293136435,1.042361039760363,4.435135148176364,0.5247826720234282
Prithvi Shaw,2026-06-05,Chepauk Black Soil,High,95.2409703623208,15.425076314497284,-0.33416943298517676,8.142884835522056,0.6942275447822519
Prithvi Shaw,2026-06-05,Chepauk Black Soil,Low,107.56312415612149,10.043911929264311,0.6461813071935165,6.621664893318762,0.7052270018214157
Dinesh Karthik,2026-06-05,Eden Gardens Clay,Low,116.04116708695382,9.61590298198804,-0.13629442521590862,2.034771072020775,0.668232288560201
Dinesh Karthik,2026-06-05,Wankhede Red Soil,Low,118.63951567345848,12.035254250659108,0.019092210778219078,6.968782332972897,1.046390775237631
Dinesh Karthik,2026-06-05,Wankhede Red Soil,High,99.14385942882748,9.028266630304099,-0.6460783521404626,3.7502084485226117,0.9008332284779416
Dinesh Karthik,2026-06-05,Wankhede Red Soil,Low,116.09999987955943,14.809068633816615,0.7754838864687811,4.211532283548774,0.6924740710780993
Dinesh Karthik,2026-06-05,Chepauk Black Soil,Low,101.28562711194508,8.604952021477395,-0.2731364231188469,3.4475924284743558,0.5859356782389593
Dinesh Karthik,2026-06-05,Chepauk Black Soil,Low,108.22297283501373,9.75047469976163,0.4708364178830236,6.68503551731814,0.593264234024995
Dinesh Karthik,2026-06-05,Wankhede Red Soil,Low,103.89012822526001,13.776104739873773,0.443387437427044,4.066259108490124,0.8448497428549542
Dinesh Karthik,2026-06-05,Wankhede Red Soil,Low,119.84734414424743,8.83210456723136,0.5317151111437687,1.5625518979792665,1.0899736427277622
Dinesh Karthik,2026-06-05,Wankhede Red Soil,Low,109.89025990642594,13.04563476416368,-0.1566850984708964,4.53305233148946,0.7203187121841405
Dinesh Karthik,2026-06-05,Wankhede Red Soil,Low,117.78884698892533,10.405324995349723,0.16995403318592217,5.019206630631744,1.071223750462885
Dinesh Karthik,2026-06-05,Chepauk Black Soil,High,107.90261837587369,15.50908930952875,1.0767490928581644,5.661131729704623,0.5056143136896241
Dinesh Karthik,2026-06-05,Eden Gardens Clay,High,110.60236741030367,10.330599788031641,0.4512133001421075,5.223428174490488,0.8739687113271309
Dinesh Karthik,2026-06-05,Wankhede Red Soil,Low,110.60779720394555,8.514887740622669,0.13212039664207023,6.061822076793955,0.68327655130236
Dinesh Karthik,2026-06-05,Chepauk Black Soil,High,110.98908675521115,8.895190102050787,1.2689440781520802,5.185850152729793,0.7612249572276563
Dinesh Karthik,2026-06-05,Wankhede Red Soil,High,102.02566661742209,15.93210134101912,0.06930363443571785,2.2639517409346848,0.7727095646573625
Dinesh Karthik,2026-06-05,Eden Gardens Clay,High,112.36879809940942,9.707601103440005,-0.6482101478855331,5.28193679263056,0.9221768744806156
Dinesh Karthik,2026-06-05,Eden Gardens Clay,Low,119.49831298928817,11.312312644285221,-0.9629801003502951,2.8360709137847833,0.5067391743253264
Dinesh Karthik,2026-06-05,Chepauk Black Soil,High,107.0361186679795,13.198527490534705,-0.9615697547925064,4.562187215321168,0.6628013226157946
Dinesh Karthik,2026-06-05,Eden Gardens Clay,Low,100.09819236227989,12.358953909393227,0.9283415188500932,1.8116130923285034,0.6362584751008216
Dinesh Karthik,2026-06-05,Eden Gardens Clay,Low,100.58224381980521,13.474674696841117,-0.3090241365339217,4.995692403095283,0.6195954474415575
Dinesh Karthik,2026-06-05,Chepauk Black Soil,Low,113.30332018015312,12.332115425863982,-0.23842396398986318,4.500371746462708,0.5015272779977331
Dinesh Karthik,2026-06-05,Eden Gardens Clay,High,102.71579908094037,13.46350820879164,-0.40641419366702447,3.26147984742107,0.8946420238749042
Dinesh Karthik,2026-06-05,Eden Gardens Clay,High,98.80060256009958,13.242410924686961,0.559012514279893,7.072422736534864,0.6677876261608933
Dinesh Karthik,2026-06-05,Wankhede Red Soil,High,94.91429550212537,12.377682952248984,0.11330929310794904,6.189594580914986,1.0198981120731618
Dinesh Karthik,2026-06-05,Chepauk Black Soil,Low,107.2473157712098,10.519920693767313,0.9125602823380414,2.8208748044228624,0.4318544257620625
Dinesh Karthik,2026-06-05,Eden Gardens Clay,High,114.37931196638164,11.548080637487992,0.4588363894394001,4.92764804848854,0.6391629438682849
Dinesh Karthik,2026-06-05,Chepauk Black Soil,Low,101.01670308552667,11.858175084005559,0.3490629114701021,2.25674450578739,0.6734224761503618
Dinesh Karthik,2026-06-05,Eden Gardens Clay,High,109.12496158301049,9.306436553097917,-0.1175644874425581,7.395007898393007,0.6460249349847403
Dinesh Karthik,2026-06-05,Chepauk Black Soil,Low,103.45388849417279,8.473491288381767,0.07773874864681421,6.644412901388684,0.8291963025116738
Dinesh Karthik,2026-06-05,Wankhede Red Soil,High,105.64983117283296,10.551783546069176,0.058361442892413434,2.467787163890023,0.8981012543155399
Dinesh Karthik,2026-06-05,Wankhede Red Soil,Low,116.4063179043748,8.95327674180199,0.6562275952794568,5.3146278225470205,1.1456422456914528
Dinesh Karthik,2026-06-05,Chepauk Black Soil,Low,118.83549705178129,15.926039923087837,0.5841074012407705,6.107068782363205,0.43948740664769553
Dinesh Karthik,2026-06-05,Chepauk Black Soil,Low,118.41137948570437,15.362620708096923,-0.35088839054235427,1.688811822484078,0.5543457320863125
Dinesh Karthik,2026-06-05,Wankhede Red Soil,Low,110.31411428864355,8.124596540794036,-0.7817036462985544,5.027799581669191,0.6560461235977064
Dinesh Karthik,2026-06-05,Wankhede Red Soil,Low,114.73537939454492,12.372897839801528,-0.5441275558612324,1.8686308406262486,0.6214225602893761
Dinesh Karthik,2026-06-05,Wankhede Red Soil,High,98.3897983770894,12.961400963320454,-0.5740293079956722,8.017766329175524,0.9555490966963394
Dinesh Karthik,2026-06-05,Chepauk Black Soil,Low,102.93539817537022,14.36129347316636,-1.038877798082611,2.136716983308478,0.5928019519712285
Dinesh Karthik,2026-06-05,Chepauk Black Soil,High,109.65380797568385,13.828296319955502,1.1687467244395415,4.000432989229128,0.6977706022912356
Dinesh Karthik,2026-06-05,Wankhede Red Soil,High,110.11531032705145,11.737236188608456,-0.5162584575339672,7.074804213705663,1.037127832707585
Dinesh Karthik,2026-06-05,Chepauk Black Soil,Low,116.56065210593438,13.299098326922902,0.17133563189781006,5.7548365667119175,0.6627097662552213
Dinesh Karthik,2026-06-05,Wankhede Red Soil,Low,117.67024787294724,8.05059647467059,0.1366731640916452,4.934528277251138,1.074991040012908
Dinesh Karthik,2026-06-05,Wankhede Red Soil,High,102.42935410624594,8.215906330785835,-0.27069898423527833,5.544118173550365,0.9799140503702427
Dinesh Karthik,2026-06-05,Chepauk Black Soil,High,100.02183781196726,10.839909159016138,-0.2974792659662422,8.489102419677009,0.7529875107951017
Dinesh Karthik,2026-06-05,Eden Gardens Clay,High,101.69724183446161,11.751472216091702,-0.8341972975089393,2.6526489711835834,0.5125406220241379
Dinesh Karthik,2026-06-05,Chepauk Black Soil,Low,102.79961851256279,8.509527223213135,0.03906338588632774,5.041843477732236,0.5762756161561996
Dinesh Karthik,2026-06-05,Eden Gardens Clay,High,111.74308556924544,15.992825775128107,-0.19259153376792626,4.240474496748921,0.6261625530703857
Shikhar Dhawan,2026-06-05,Eden Gardens Clay,Low,100.47004252044125,15.269977694152452,-0.5244819524694453,3.058809232665234,0.5596887780713833
Shikhar Dhawan,2026-06-05,Chepauk Black Soil,Low,109.5220309623507,12.535304320361814,-0.8486142025574941,6.794837015985782,0.826481907059265
Shikhar Dhawan,2026-06-05,Chepauk Black Soil,Low,100.8661395039252,10.436276524388983,-0.37869881401199545,6.626111819733113,0.6945823645881846
Shikhar Dhawan,2026-06-05,Eden Gardens Clay,Low,101.115532629647,10.706899146521412,-0.15193117964397618,4.32740494619622,0.721828008807518
Shikhar Dhawan,2026-06-05,Eden Gardens Clay,Low,113.35273212544332,15.911261393461043,-0.7369420060837466,2.2512922570992524,0.516431364123384
Shikhar Dhawan,2026-06-05,Chepauk Black Soil,High,99.2335163099577,12.749384325154177,0.13883556075275427,5.163086682357095,0.7189067269180386
Shikhar Dhawan,2026-06-05,Eden Gardens Clay,High,108.82105950722436,11.832607606806441,0.7330734008588673,4.7534689658544815,0.7551972887346636
Shikhar Dhawan,2026-06-05,Wankhede Red Soil,High,111.4165816341418,11.835994822756362,0.3398798264432726,4.55035738696069,0.8344649834326089
Shikhar Dhawan,2026-06-05,Eden Gardens Clay,High,110.08301768089426,8.66791227981458,0.21115176307576422,2.8353970505094286,0.6696138258075833
Shikhar Dhawan,2026-06-05,Eden Gardens Clay,Low,118.17609441564689,15.379483662600173,-0.7097491918316445,3.3290005091819492,0.7383408442346381
Shikhar Dhawan,2026-06-05,Wankhede Red Soil,High,107.78437989570641,11.985339276394388,-0.45830605939550095,4.583574515328473,0.8575967434650299
Shikhar Dhawan,2026-06-05,Wankhede Red Soil,Low,113.47465970156566,8.80001883162737,-0.37207471509268175,2.895003956302337,0.6963401031371803
Shikhar Dhawan,2026-06-05,Eden Gardens Clay,Low,105.78144901995663,12.544698912702223,0.7460187875576552,1.9298452957755667,0.7144274714115029
Shikhar Dhawan,2026-06-05,Wankhede Red Soil,Low,116.33869251966411,9.142311071302231,-0.25159545670280464,2.290167128305564,1.0974775715201355
Shikhar Dhawan,2026-06-05,Wankhede Red Soil,Low,112.20603612730865,8.123124116110624,-0.29181960354708975,4.215247129332802,0.8516560004664542
Shikhar Dhawan,2026-06-05,Chepauk Black Soil,Low,119.8248590307239,9.063966347790673,1.2346233493331624,2.128752009938009,0.5649562877658001
Shikhar Dhawan,2026-06-05,Chepauk Black Soil,Low,112.60607320277346,15.435069189545587,-0.6013506728771667,3.1187279787397717,0.7583627703405668
Shikhar Dhawan,2026-06-05,Wankhede Red Soil,High,104.36421771659964,10.619611505138735,-0.592330205800654,4.684019797223194,0.627008067527479
Shikhar Dhawan,2026-06-05,Wankhede Red Soil,High,98.63953881164488,9.448489420350665,0.3368613437440832,2.318004104541609,1.0543088924230426
Shikhar Dhawan,2026-06-05,Eden Gardens Clay,Low,105.78919856152055,11.600371757467059,-0.35634938153568974,3.3952271363289315,0.7899368332810516
Shikhar Dhawan,2026-06-05,Eden Gardens Clay,Low,118.03810694634672,11.610931911379136,0.6554215603367282,5.30470806944666,0.5620112432202772
Shikhar Dhawan,2026-06-05,Eden Gardens Clay,Low,116.63752816268513,13.391979600406263,0.6383180362034171,5.2336914190050985,0.9500754317272224
Shikhar Dhawan,2026-06-05,Eden Gardens Clay,Low,101.82686211158732,13.865710660172901,-0.7215504441261271,2.457643616419026,0.8852825225594889
Shikhar Dhawan,2026-06-05,Chepauk Black Soil,High,97.62419355008849,15.496092064582164,-1.1140544326704145,3.499547631005661,0.5838629109869963
Shikhar Dhawan,2026-06-05,Wankhede Red Soil,Low,109.3723378403756,12.21717876175769,-0.6206668872362233,2.767250411919389,0.6296528981505315
Shikhar Dhawan,2026-06-05,Chepauk Black Soil,Low,104.15688992459313,14.483861406314212,-1.198496041561723,2.2055755983144576,0.6206517332463077
Shikhar Dhawan,2026-06-05,Chepauk Black Soil,High,101.67680561365314,10.826680069007844,-0.3489961263162851,4.963658069295267,0.46445180973210354
Shikhar Dhawan,2026-06-05,Chepauk Black Soil,High,109.37197921380215,14.983574149828193,-1.0863619304325165,5.569987449330669,0.44378674254808154
Shikhar Dhawan,2026-06-05,Eden Gardens Clay,Low,117.04345704838326,8.634345215368672,0.5698105452358486,5.165249337822188,0.6906738266421617
Shikhar Dhawan,2026-06-05,Eden Gardens Clay,Low,115.21128991141983,12.44329762868134,-0.20991629382779053,2.0952616841364646,0.8649144628417158
Shikhar Dhawan,2026-06-05,Eden Gardens Clay,Low,103.9106160390949,11.002254597414066,0.615610411924524,5.89026273822816,0.8180958676980155
Shikhar Dhawan,2026-06-05,Wankhede Red Soil,High,107.9770244932891,10.217955071358231,0.40314487403572613,2.2101793184444185,0.9968853783497802
Shikhar Dhawan,2026-06-05,Chepauk Black Soil,High,97.72584279170724,12.148653629708697,-0.058766610326476836,3.153913287902935,0.764572533765164
Shikhar Dhawan,2026-06-05,Eden Gardens Clay,High,99.37218458367329,10.657286017609692,-0.26683962990713295,5.919881311842591,0.7381497967181219
Shikhar Dhawan,2026-06-05,Eden Gardens Clay,Low,112.75297255146053,13.297058964253681,0.9693320739940972,5.424969903456859,0.7870030864643812
Shikhar Dhawan,2026-06-05,Chepauk Black Soil,Low,102.59961403449518,14.76103311767465,-0.12668830480954849,2.50531631296448,0.6252378932806425
Shikhar Dhawan,2026-06-05,Wankhede Red Soil,Low,107.8033517682948,9.778967485150893,0.5053433018776428,3.348118523231139,0.9028742593041724
Shikhar Dhawan,2026-06-05,Chepauk Black Soil,High,102.06864113397364,11.645399449706884,-0.6774960804670601,2.356146299389031,0.6063267806460811
Shikhar Dhawan,2026-06-05,Chepauk Black Soil,Low,114.1251914427652,15.261662611783535,0.46542655388539017,1.9489416241614115,0.4564574115478211
Shikhar Dhawan,2026-06-05,Eden Gardens Clay,High,114.41681199776977,9.682486766511499,-0.7307888593039447,7.458378355204427,0.6448317126537351
Shikhar Dhawan,2026-06-05,Chepauk Black Soil,Low,105.75393453127023,15.492973152375276,-0.9948960403038467,2.052602666046413,0.5673846300342142
Shikhar Dhawan,2026-06-05,Eden Gardens Clay,High,104.36770521244404,13.904568844865208,-0.6695250465928482,3.952340233015138,0.8849989708439167
Shikhar Dhawan,2026-06-05,Chepauk Black Soil,Low,103.30443302600813,10.635322023471868,-0.007975573420276617,3.2969222945439975,0.7720368544898061
Shikhar Dhawan,2026-06-05,Chepauk Black Soil,Low,100.40848753332622,10.72164487433974,-0.5843328097381175,4.577429835207919,0.43267772894122347
Shikhar Dhawan,2026-06-05,Chepauk Black Soil,Low,102.73657341166502,14.002134123263772,-0.8575383772599885,6.326434998006893,0.4336872262758059
Shikhar Dhawan,2026-06-05,Chepauk Black Soil,Low,106.29375847335638,12.063249359954021,-1.129745410377818,3.5198859108674507,0.5056442794021971
Shikhar Dhawan,2026-06-05,Wankhede Red Soil,Low,116.94750620295986,8.627730226136379,-0.62608547291296,1.94232391137681,0.7896844104317615
Rahul Tripathi,2026-06-05,Wankhede Red Soil,High,95.72806677502895,8.945810854196168,0.04635314941894056,3.1068972751985044,0.7695752381177318
Rahul Tripathi,2026-06-05,Eden Gardens Clay,High,102.80663181984308,8.822736184550278,-0.5474902580489844,3.421837603082057,0.7954758506060629
Rahul Tripathi,2026-06-05,Chepauk Black Soil,Low,110.31884186780977,11.690378940464598,0.21652924313471233,1.7585045800640708,0.762191581717803
Rahul Tripathi,2026-06-05,Chepauk Black Soil,Low,112.30608198979898,10.862525385068182,0.5932560793886432,6.907794025143428,0.4987282413874951
Rahul Tripathi,2026-06-05,Chepauk Black Soil,High,96.98416059383459,12.519876094322322,-0.3306258896422065,7.532278841132327,0.8336123353070615
Rahul Tripathi,2026-06-05,Chepauk Black Soil,High,107.24467303439951,14.694712111301769,0.8028576485743296,2.6686351725605477,0.7314320657945842
Rahul Tripathi,2026-06-05,Chepauk Black Soil,Low,100.12072614226058,8.630566128111695,-0.6252440989743403,4.6992446597479045,0.6683345273996449
Rahul Tripathi,2026-06-05,Eden Gardens Clay,High,101.44401419984116,12.15138221085467,0.29321676401681307,6.46469553771477,0.7874759553289632
Rahul Tripathi,2026-06-05,Eden Gardens Clay,Low,119.32267279808295,8.535231930279977,0.7621777604788671,6.811069322081071,0.5263083010146211
Rahul Tripathi,2026-06-05,Wankhede Red Soil,Low,111.61583450195951,9.83877556160963,-0.5419842696057086,4.820142536424436,0.7087282163035831
Rahul Tripathi,2026-06-05,Chepauk Black Soil,High,102.6840617512117,14.759383423585312,0.5601311118391047,2.6795915134643784,0.6964017764558688
Rahul Tripathi,2026-06-05,Eden Gardens Clay,High,108.35572283853922,15.972656705107932,-0.17645509414022342,4.433745953760541,0.7667147950463814
Rahul Tripathi,2026-06-05,Eden Gardens Clay,Low,100.22572429653881,15.557163955987626,-0.27830558492447,6.143135792171307,0.6756107130000439
Rahul Tripathi,2026-06-05,Wankhede Red Soil,High,107.56176568237912,9.82274984599988,-0.6900264146049997,2.05729304894287,0.6577863852492689
Rahul Tripathi,2026-06-05,Eden Gardens Clay,High,107.65202259091924,11.363877871955612,-0.950669708686408,8.433989581050318,0.8505287538202144
Rahul Tripathi,2026-06-05,Chepauk Black Soil,High,109.67004348915007,13.82720983124528,-0.9129466646091076,3.7723205188289435,0.5846086434123506
Rahul Tripathi,2026-06-05,Wankhede Red Soil,High,98.7265699861367,13.734261221598743,0.3776190414890206,8.19054119942262,0.8601005428322687
Rahul Tripathi,2026-06-05,Eden Gardens Clay,Low,106.87041564928198,8.19747552650157,-0.28416087544056623,3.75164977034246,0.7738899915170336
Rahul Tripathi,2026-06-05,Eden Gardens Clay,High,114.95463098111959,15.13207083192509,-0.4457702879052352,3.820668889744068,0.6598500473601403
Rahul Tripathi,2026-06-05,Wankhede Red Soil,High,96.85914910645073,9.69059122750944,-0.6126352638703708,6.8077965548063375,0.9584218615240268
Rahul Tripathi,2026-06-05,Eden Gardens Clay,High,104.31703085350128,15.547336314081193,-0.6336721517058874,7.816764177293375,0.8616659260945845
Rahul Tripathi,2026-06-05,Chepauk Black Soil,High,100.73853573785291,14.961833882121812,1.2841880528875826,2.4114658549096437,0.7663452261309981
Rahul Tripathi,2026-06-05,Wankhede Red Soil,Low,102.25829768408776,13.471226891493275,-0.7126897418220142,3.8308956071834874,1.0042194869109475
Rahul Tripathi,2026-06-05,Eden Gardens Clay,High,99.36492786173338,11.009847527666327,0.6329331688922337,5.6680391862448,0.6027613666227709
Rahul Tripathi,2026-06-05,Wankhede Red Soil,Low,103.94846145972112,8.291655622684292,-0.40701579823804973,2.0233537439367626,0.9030731958520889
Rahul Tripathi,2026-06-05,Chepauk Black Soil,High,106.76163868031581,10.441005713602735,-0.21488827348266953,2.4448250394624313,0.7898208939588736
Rahul Tripathi,2026-06-05,Eden Gardens Clay,Low,103.3614340130744,9.282801049773735,-0.06886343970726427,5.917255733544322,0.6262536312806655
Rahul Tripathi,2026-06-05,Chepauk Black Soil,High,101.12355066835626,8.17746877853306,-0.6605395004820661,5.253219210167832,0.5805808489788881
Rahul Tripathi,2026-06-05,Wankhede Red Soil,High,98.24042433225333,8.420597056294616,0.5002484023521548,2.8335938202170463,0.7249971548686884
Rahul Tripathi,2026-06-05,Chepauk Black Soil,High,105.1974628383717,11.996616429396019,-0.22900210137741325,8.059802978194702,0.6416056270799536
Rahul Tripathi,2026-06-05,Chepauk Black Soil,High,102.96185061927582,10.45862253105456,0.4548276127386414,5.68053174501023,0.4662571007528781
Rahul Tripathi,2026-06-05,Wankhede Red Soil,Low,115.84193574315292,11.32741604780576,-0.5365770539335497,5.909133909177288,1.0485635276899974
Rahul Tripathi,2026-06-05,Wankhede Red Soil,Low,105.86362954310984,11.309504084718196,0.5229317077006643,3.011351933424817,1.1520828021228398
Shivam Dube,2026-06-05,Wankhede Red Soil,High,139.4257225949159,15.730903945959357,-0.6224353861119148,7.959353341595978,1.3083454640240957
Shivam Dube,2026-06-05,Wankhede Red Soil,High,141.68901755222336,11.314009471949653,0.24971546144907963,8.321166402707487,1.0668284134851194
Shivam Dube,2026-06-05,Chepauk Black Soil,Low,131.97214096633135,8.696841538915027,-0.5642890403447858,3.207866347207358,0.6866561934364558
Shivam Dube,2026-06-05,Eden Gardens Clay,High,126.94506567896123,11.072612018156619,0.9525916296662629,4.60756359409577,0.8344270248310455
Shivam Dube,2026-06-05,Wankhede Red Soil,High,130.3375357246118,15.426038777849893,0.3958129061546005,6.078269920996349,1.3943901788228998
Shivam Dube,2026-06-05,Eden Gardens Clay,Low,135.26984940495856,15.897657570648184,-0.4595503561752994,6.600599326883498,1.4266900723505402
Shivam Dube,2026-06-05,Eden Gardens Clay,High,132.33003050806576,10.606700701268203,0.6285169387063976,3.4522463331603626,1.2415722406974383
Shivam Dube,2026-06-05,Eden Gardens Clay,High,122.09580434616518,8.660748512313452,0.29219593603856486,5.387034093861794,1.2536379338046255
Shivam Dube,2026-06-05,Eden Gardens Clay,High,136.2490004220072,8.508606259546355,0.5005886350704605,5.15875227157768,1.2132119089106137
Shivam Dube,2026-06-05,Wankhede Red Soil,High,136.21028049557148,8.354072577260872,-0.19007479894709522,2.0781092440291675,0.9632978752939174
Shivam Dube,2026-06-05,Eden Gardens Clay,Low,146.88599311608147,13.97578117559945,-0.655759338044039,5.071091510594948,1.0397776677750752
Shivam Dube,2026-06-05,Chepauk Black Soil,Low,132.96282438632392,12.913174516683977,0.3252500474961077,5.237352428696889,1.1174303244653452
Shivam Dube,2026-06-05,Wankhede Red Soil,Low,136.08703365642523,10.675993461601728,0.11377718655328053,4.716377167130194,1.528072310472226
Shivam Dube,2026-06-05,Wankhede Red Soil,Low,147.33318471554,12.953671123609034,-0.019112866080314286,1.7901496524666416,1.4766968481887124
Shivam Dube,2026-06-05,Eden Gardens Clay,High,138.7685921253989,10.62054296474927,0.23515643973057898,4.271127617199395,1.3542473417744063
Shivam Dube,2026-06-05,Chepauk Black Soil,High,130.40843537165048,8.478930447800039,-0.379561848522747,5.411800015277077,0.748703839424981
Shivam Dube,2026-06-05,Chepauk Black Soil,Low,139.85004407739987,11.499327637393126,0.32740690716717596,1.6930947209550353,0.7180414753206958
Shivam Dube,2026-06-05,Wankhede Red Soil,Low,130.75672066450937,8.031205987990832,0.2127168961862978,6.400689763238772,1.642303174402349
Shivam Dube,2026-06-05,Eden Gardens Clay,High,136.06381493772648,13.847337720648657,0.9541749523183747,9.0885039952519,0.8530888433694632
Shivam Dube,2026-06-05,Chepauk Black Soil,High,135.22509010611378,13.50328615926285,1.0841469866339466,2.214406016468854,1.2669578836857116
Shivam Dube,2026-06-05,Wankhede Red Soil,Low,142.08578835203693,8.27125439905501,0.32491966973162684,2.891502907260914,1.447995895888002
Shivam Dube,2026-06-05,Eden Gardens Clay,High,129.59417404575254,11.1651066538946,-0.34977432190371394,2.8624300590573237,1.2157815300008936
Shivam Dube,2026-06-05,Wankhede Red Soil,Low,136.54055303685138,11.79931417657943,0.4113335764148735,4.320994620510893,1.7979930171809355
Shivam Dube,2026-06-05,Chepauk Black Soil,High,121.74157378238064,10.439485388399618,1.0108487968646747,6.162421028492416,0.9137729322518118
Shivam Dube,2026-06-05,Chepauk Black Soil,Low,139.58630028824808,8.931407473285976,-0.8588751905838803,5.5426722758539455,0.8097269492614192
Shivam Dube,2026-06-05,Eden Gardens Clay,High,129.0260835598267,8.400770717707518,0.21534535144215927,5.851172350619144,1.2667399218072437
Shivam Dube,2026-06-05,Wankhede Red Soil,Low,135.05310414995697,14.592608648972345,-0.45166773155539297,1.8275410637421785,1.644376598795946
Shivam Dube,2026-06-05,Eden Gardens Clay,High,130.33946207884816,13.213513969048119,-0.861132484635448,7.723483614945765,1.1753896531666626
Shivam Dube,2026-06-05,Chepauk Black Soil,High,130.33294343399098,14.427946685965367,0.46360988691466226,7.200779834299588,1.0166771321844361
Shivam Dube,2026-06-05,Wankhede Red Soil,High,136.5718818315939,15.166634135171606,0.2707955539203441,8.671731926531402,1.6425293085031991
Shivam Dube,2026-06-05,Chepauk Black Soil,Low,143.3517409761899,11.301024025071346,-0.8970056653525341,5.368251623165463,1.172552081529457
Shivam Dube,2026-06-05,Chepauk Black Soil,High,131.39598704349729,15.338847462550763,0.2792076440013109,8.401192237213152,1.027133327788139
Shivam Dube,2026-06-05,Eden Gardens Clay,Low,146.266395008501,15.64161589169058,0.30376698581609185,2.1386804032586344,0.8834690339687563
Shivam Dube,2026-06-05,Wankhede Red Soil,Low,148.48146256526735,10.465863816755498,0.49296927943477126,3.4822842224889476,1.5486437224511929
Shivam Dube,2026-06-05,Wankhede Red Soil,High,120.93470208668228,12.741837779499374,0.5812464545515837,2.9544035496889407,1.451805572999509
Shivam Dube,2026-06-05,Chepauk Black Soil,High,132.17769374691167,14.354771660305346,-1.1135698132227767,8.841592970405582,1.0842941496555187
Shivam Dube,2026-06-05,Wankhede Red Soil,High,140.85608127048545,13.624135312758959,0.21192572421643235,4.648688354852784,1.1790430443141895
Shivam Dube,2026-06-05,Chepauk Black Soil,Low,134.97900383937844,13.154406961267018,-0.7531751295543848,2.785937536281023,1.218033709571605
Shivam Dube,2026-06-05,Eden Gardens Clay,High,124.46422602839272,13.609863338864521,0.4795192459213875,3.8260168734977995,1.4579909656117467
Shivam Dube,2026-06-05,Wankhede Red Soil,Low,138.70640356159578,9.289657915657823,0.45623576262512755,3.1320537914051405,1.0538862391193502
Shivam Dube,2026-06-05,Eden Gardens Clay,Low,136.60410468759184,15.129988890459067,0.6368109669978637,5.139246874315042,1.0763197323385518
Shivam Dube,2026-06-05,Wankhede Red Soil,Low,136.90146280430824,11.25463747167932,0.44327147522947874,1.5110641343832814,1.2729664144383799
Shivam Dube,2026-06-05,Chepauk Black Soil,Low,139.18720442848132,14.72496276863065,-0.035691842899749915,5.176192443431679,1.0195933164518731
David Warner,2026-06-05,Eden Gardens Clay,High,107.07170227041956,9.34103447152351,-0.5077321554539425,5.220520733538937,0.5697273057495145
David Warner,2026-06-05,Chepauk Black Soil,Low,102.62979322473153,13.712111446275713,0.439988083791217,2.3026958992375457,0.508178457877596
David Warner,2026-06-05,Eden Gardens Clay,Low,106.7702286165522,11.243507543463318,0.6328687423206247,3.7163666850837984,0.9094254039464167
David Warner,2026-06-05,Chepauk Black Soil,Low,118.8161655710673,9.788984598136992,1.284254372069137,3.934762712479286,0.62694544681174
David Warner,2026-06-05,Wankhede Red Soil,High,106.12483029559384,15.745495328566808,-0.27945788525906734,2.6538490276301605,0.9096105839021276
David Warner,2026-06-05,Eden Gardens Clay,High,109.95536661820654,15.160774999614306,-0.45628429383978886,6.82843504037006,0.605372360367954
David Warner,2026-06-05,Wankhede Red Soil,High,112.25970272848112,9.953458363899562,0.42361810329109545,7.703479844497201,0.8695297571902556
David Warner,2026-06-05,Eden Gardens Clay,High,113.84374888640846,11.062534186553545,-0.11527639012694335,6.01095740712512,0.5769418316745868
David Warner,2026-06-05,Wankhede Red Soil,Low,108.85178223057477,15.135906145195982,0.7338294046786509,4.712954041952239,0.7395776271533879
David Warner,2026-06-05,Eden Gardens Clay,Low,107.71522305989137,13.510261581194154,-0.8456481835924459,5.935452313589959,0.8548535309198096
David Warner,2026-06-05,Wankhede Red Soil,High,108.25618656640088,13.330987613549441,-0.18629820136829736,7.447646641084056,1.1779232252225083
David Warner,2026-06-05,Chepauk Black Soil,Low,107.34478123488097,15.394502750727176,-1.0381842683644396,5.483942629104931,0.6225810125770668
David Warner,2026-06-05,Chepauk Black Soil,Low,112.95023030243343,9.767344297318862,-0.47761179447669316,2.028449601570576,0.7925613734711999
David Warner,2026-06-05,Eden Gardens Clay,Low,113.49804395236544,8.337317664959738,0.8658818233978058,1.8622366507233161,0.7192661848902513
David Warner,2026-06-05,Chepauk Black Soil,High,104.59847226054684,13.48227931872026,0.2535229047606487,6.0084118756034375,0.6435469885039866
David Warner,2026-06-05,Eden Gardens Clay,Low,119.00474825359052,9.565640905472012,0.37198711996529554,6.358240770772825,0.6199367744801327
David Warner,2026-06-05,Wankhede Red Soil,Low,109.1190278294599,11.855723558432391,0.6842737052623957,4.648677186366529,0.6635832462056211
David Warner,2026-06-05,Wankhede Red Soil,Low,108.3519247036613,15.504442342988533,0.7398674799381082,5.559367770999394,0.9595072320372791
David Warner,2026-06-05,Wankhede Red Soil,Low,103.56907851430877,8.650763024975578,0.3776758722660736,5.817455357931572,0.8217746939484957
David Warner,2026-06-05,Chepauk Black Soil,High,106.96110492467304,12.504087036816795,-1.0225580622826105,3.849453880960026,0.49461552295985173
David Warner,2026-06-05,Wankhede Red Soil,Low,105.98681561639465,10.928092090795126,-0.40923544351744445,2.889627244185398,1.0540846487173867
David Warner,2026-06-05,Chepauk Black Soil,Low,108.67757208768765,15.21923870605426,0.09923468262204353,4.423723299074354,0.6305494989732089
David Warner,2026-06-05,Wankhede Red Soil,High,107.05202804773432,10.07953825433183,0.4146437659948212,3.9645859208994922,1.051009683450309
David Warner,2026-06-05,Wankhede Red Soil,Low,103.25929869402425,12.017588013023074,0.7623022858491503,5.020220366307249,1.1181727375327635
David Warner,2026-06-05,Wankhede Red Soil,Low,117.04382180520545,13.54083728616082,-0.7773256298146951,4.147296459850824,0.7348082718373024
David Warner,2026-06-05,Chepauk Black Soil,High,97.3161352501227,11.196596597423632,1.0481746479448109,4.676613100144257,0.4576221241088612
David Warner,2026-06-05,Chepauk Black Soil,Low,108.814858507972,10.66531357777445,-0.14075986914896152,1.5073086503003623,0.7249391793477453
David Warner,2026-06-05,Wankhede Red Soil,Low,106.77886593171795,14.738435200369494,-0.41202923050080237,1.7360609801366933,1.1090605936258786
David Warner,2026-06-05,Eden Gardens Clay,Low,116.46440498447296,13.075238638796858,0.7708048323216035,1.978821793566167,0.9784373385798658
David Warner,2026-06-05,Eden Gardens Clay,High,111.66522768175521,13.691902175623827,0.10971762551544884,4.36948134229107,0.8040990936604349
David Warner,2026-06-05,Eden Gardens Clay,Low,110.31062244602283,9.026082857599185,-0.45238623065302686,2.413332475082024,0.647393485268231
David Warner,2026-06-05,Eden Gardens Clay,High,101.1152964054949,13.737580440935295,0.25015180000918114,7.762175377757744,0.5643361443272866
David Warner,2026-06-05,Eden Gardens Clay,High,114.96085203114441,10.08064535238541,-0.3290081060408392,3.96892457309165,0.8349119959544182
David Warner,2026-06-05,Eden Gardens Clay,Low,119.7433824843977,14.077130139901673,0.5881680894005736,2.5105168160047615,0.6540553090441915
David Warner,2026-06-05,Wankhede Red Soil,High,107.85368557205233,15.827533880232803,0.7226086971507789,6.962429419111803,0.8245929979798988
David Warner,2026-06-05,Wankhede Red Soil,Low,119.9183119943893,12.670900917558303,-0.32752419991724296,2.977701960140106,0.7779615561686202
David Warner,2026-06-05,Eden Gardens Clay,High,110.04893124160589,13.8612180297585,0.3545052237892401,7.3434569161135945,0.5315973122312936
David Warner,2026-06-05,Wankhede Red Soil,High,98.85347382675957,12.89616549982673,-0.7737741336428711,4.15242276971956,1.187445856030709
David Warner,2026-06-05,Eden Gardens Clay,High,114.10736124599049,10.042666715518578,0.19273410352556897,7.389994555264185,0.7769934694578504
David Warner,2026-06-05,Wankhede Red Soil,Low,116.98184251326109,12.107074202807812,0.48606717941704825,6.860878873657672,1.1874144717816075
David Warner,2026-06-05,Wankhede Red Soil,High,96.19104744494086,12.633493066965002,-0.6609811853980401,5.172497085021767,1.0065992801882593
David Warner,2026-06-05,Chepauk Black Soil,High,101.12734259566759,12.803201052055513,0.05389052181552239,7.907226651890398,0.7856407972342802
David Warner,2026-06-05,Wankhede Red Soil,Low,117.8225904121317,8.331495108688113,0.42879682833564525,5.866479881572391,1.175846223837106
David Warner,2026-06-05,Eden Gardens Clay,High,95.9780111794728,8.096988509324554,-0.4943925017707307,7.7024695706436175,0.6523201684354277
Jos Buttler,2026-06-05,Chepauk Black Soil,High,107.87742376174552,9.138284392475361,0.15274455284467586,6.664240016581634,0.5736873341363816
Jos Buttler,2026-06-05,Wankhede Red Soil,Low,115.02825932608218,10.050263023943275,0.5122331359962541,6.423505379141458,0.9754776334204731
Jos Buttler,2026-06-05,Wankhede Red Soil,Low,104.06588105834464,15.79597121361886,-0.503201596818997,3.9953348990576214,0.6558983299154606
Jos Buttler,2026-06-05,Eden Gardens Clay,High,109.43121099896477,9.210140407577704,-0.047805017696340046,6.308826732642262,0.6186054303106019
Jos Buttler,2026-06-05,Eden Gardens Clay,Low,104.4740664916065,15.983845309119587,-0.22639296047683177,4.237895432535779,0.6894157739720526
Jos Buttler,2026-06-05,Eden Gardens Clay,Low,102.88159637358623,11.042975710883367,0.1549103663279665,6.402194247987358,0.7042706007863933
Jos Buttler,2026-06-05,Wankhede Red Soil,High,108.2164475337142,9.05507716934692,-0.3070007624476736,5.083076023930696,0.8272858099264309
Jos Buttler,2026-06-05,Wankhede Red Soil,High,111.48231152141395,9.313102768142862,0.7615847511298054,7.195749968867762,0.7834082160183428
Jos Buttler,2026-06-05,Wankhede Red Soil,Low,100.12498367778,8.155163062131226,0.24693323267252262,3.9794339071144775,0.6869376144003969
Jos Buttler,2026-06-05,Chepauk Black Soil,High,115.73482488240194,9.294142640688348,-0.5909990703905971,5.573636508294521,0.7025348600602493
Jos Buttler,2026-06-05,Wankhede Red Soil,Low,113.42495253360136,13.195398845113631,-0.17347193081170006,2.648535902688745,0.6667130962328962
Jos Buttler,2026-06-05,Eden Gardens Clay,High,97.43061148603196,12.53975300173744,0.7869355307432564,8.68853567760479,0.5466963050368215
Jos Buttler,2026-06-05,Chepauk Black Soil,Low,113.78775653835388,11.369246385983814,-0.8895621209524258,6.780352086423866,0.7334204348598583
Jos Buttler,2026-06-05,Wankhede Red Soil,Low,100.51335287727716,13.375467819143864,-0.6232777299416123,4.364926819943815,0.7347414237379045
Jos Buttler,2026-06-05,Chepauk Black Soil,High,103.97301655341955,8.323273276991225,1.1088551523973094,9.114115432273676,0.5327982051875176
Jos Buttler,2026-06-05,Eden Gardens Clay,Low,118.45580510534533,14.017020124395644,-0.8864598744093986,2.461888462758499,0.9353279442981823
Jos Buttler,2026-06-05,Chepauk Black Soil,High,99.11541010853644,11.80884325885728,0.5267129316138776,4.184767480924409,0.7682144851173531
Jos Buttler,2026-06-05,Chepauk Black Soil,High,109.63042763708512,12.4998543574082,-1.002391331745806,2.449077897393271,0.7423654689844459
Jos Buttler,2026-06-05,Eden Gardens Clay,High,103.07415212999142,11.063206096076033,-0.799497776938759,2.5123802936349806,0.8861454256416486
Jos Buttler,2026-06-05,Eden Gardens Clay,High,113.96059269191366,9.14422966153506,-0.7189133108207055,5.8180552423260075,0.8442626135326157
Jos Buttler,2026-06-05,Chepauk Black Soil,High,101.64812823009765,15.360435779589608,-0.023408342574194132,4.817563720392525,0.45181082147534074
Jos Buttler,2026-06-05,Wankhede Red Soil,Low,109.5953809842125,11.213252486738357,0.24865431397496549,2.5423387226621226,0.9088864509597355
Jos Buttler,2026-06-05,Chepauk Black Soil,Low,110.83740165684051,13.30423872151555,-1.2545827635750866,5.8773267997714775,0.8049270410891106
Jos Buttler,2026-06-05,Wankhede Red Soil,High,99.63989364321802,8.511673061613678,0.6243922800406031,7.729906656131368,0.8031421702398572
Jos Buttler,2026-06-05,Chepauk Black Soil,Low,103.20532349909769,10.447732275139238,-0.8358590715974568,4.42477056725137,0.6897277266594001
Jos Buttler,2026-06-05,Eden Gardens Clay,High,109.83660525616776,13.703681131926675,0.24170850639998864,3.6729814780592536,0.5874526926610522
Jos Buttler,2026-06-05,Eden Gardens Clay,High,108.26552120734947,11.81895897980689,-0.9266416577588221,5.198645344034853,0.5052937667312767
Jos Buttler,2026-06-05,Chepauk Black Soil,High,97.17513270151217,13.440177581752529,-1.0195897317082356,5.288005084889,0.5128974602843891
Jos Buttler,2026-06-05,Wankhede Red Soil,Low,101.6462256651006,12.014144563948971,-0.02380591258654832,6.739747836057547,0.7015691503409367
Jos Buttler,2026-06-05,Chepauk Black Soil,Low,106.25884248442232,8.863609848784735,1.149357879002563,6.355951347646112,0.7009202770021242
Jos Buttler,2026-06-05,Chepauk Black Soil,Low,116.68438132621951,12.121001337164532,-1.2486688583774288,3.832761985061805,0.5430823132488609
Jos Buttler,2026-06-05,Chepauk Black Soil,High,98.71531943377131,11.573766423351174,0.8637291739759692,1.9035624783850518,0.787510386475079
Jos Buttler,2026-06-05,Chepauk Black Soil,High,105.55426754901113,13.416695873541112,1.2381626607193317,5.137284830932304,0.5554473079664585
Jos Buttler,2026-06-05,Wankhede Red Soil,Low,119.12726849860383,15.284831667677302,0.20957483148651976,2.0581781240454644,0.8793961938327334
Jos Buttler,2026-06-05,Eden Gardens Clay,High,115.94637510234384,13.689916335819042,-0.9683813972405879,3.9034367835835746,0.9758998760230344
Jos Buttler,2026-06-05,Chepauk Black Soil,High,103.44564378389606,12.605692493437074,-0.8853191815816649,7.026051525095068,0.673773930634775
Jos Buttler,2026-06-05,Chepauk Black Soil,Low,104.90258571238518,8.054319838225675,0.6061706953386055,6.599846089953123,0.6951454998450385
Jos Buttler,2026-06-05,Wankhede Red Soil,High,98.60192640094535,10.447476755464837,0.7674591348380879,7.4853062337563,1.1527223641995534
Jos Buttler,2026-06-05,Eden Gardens Clay,High,104.51959079340541,9.073727991951898,-0.8300153233717413,3.069879548040104,0.7139948110552259
Jos Buttler,2026-06-05,Chepauk Black Soil,High,114.77750712019942,15.320252658711746,0.2938395342152174,6.471733374732855,0.5628281977085429
Jos Buttler,2026-06-05,Eden Gardens Clay,High,103.19084080046127,11.825427878728712,0.25038063680797573,7.507072631989386,0.5750596073649092
Jos Buttler,2026-06-05,Wankhede Red Soil,High,100.29475677221521,10.323886947316542,-0.6009626911958095,4.392519535690626,0.7287774106810153
Jos Buttler,2026-06-05,Eden Gardens Clay,High,107.7089889579174,15.432687678097654,0.20908902809013408,8.634982159943272,0.9843275388473012
Jos Buttler,2026-06-05,Wankhede Red Soil,High,113.13120060299131,14.424336924482535,-0.7909125012668179,4.445371075073151,1.0012653981018316
Jos Buttler,2026-06-05,Wankhede Red Soil,Low,117.92862981112886,8.218151983110598,-0.38021635878622195,2.0912532694986803,1.0367420113777068
Jos Buttler,2026-06-05,Wankhede Red Soil,Low,104.02277849220748,13.587108362648783,-0.6883489429849912,1.7571121569865795,1.1799999268159953
Jos Buttler,2026-06-05,Wankhede Red Soil,High,109.70150890539509,8.789538162808409,0.616660332446188,6.961195028420454,1.0282890037147325
Jos Buttler,2026-06-05,Wankhede Red Soil,Low,109.0248532205071,9.29017974581976,0.0384148757075959,3.253600187231138,1.1464821561094332
Jos Buttler,2026-06-05,Wankhede Red Soil,Low,102.36697476481109,9.837170989125749,0.2923062990283574,5.116761224441632,1.1080308025878713
Jos Buttler,2026-06-05,Eden Gardens Clay,Low,119.76493174537498,12.653234969771379,0.5663732016868419,5.3374812922812085,0.7758301144583888
Jos Buttler,2026-06-05,Wankhede Red Soil,High,103.65364708107329,12.958725708901902,0.677482123413893,7.860544011156933,0.9443438653774752
Jos Buttler,2026-06-05,Wankhede Red Soil,Low,118.73043921666854,14.687206598653011,0.2905042843410772,1.6740129428082298,0.745226898694415
Jos Buttler,2026-06-05,Wankhede Red Soil,Low,101.94175039689142,12.81640473996844,-0.3881297938959314,2.1828163091878268,0.7132448251771257
Jos Buttler,2026-06-05,Wankhede Red Soil,Low,107.25186143251277,8.161072181611146,0.44766531976242807,3.5457608449442155,0.6471277596411087
Jos Buttler,2026-06-05,Chepauk Black Soil,Low,103.54472058472092,9.920188562029054,0.09439275287668429,2.295268076128226,0.6009426833407031
Jos Buttler,2026-06-05,Eden Gardens Clay,Low,118.38190770618365,9.559479067715998,0.6998157525435889,2.101618058347638,0.8337595982436522
Jos Buttler,2026-06-05,Eden Gardens Clay,Low,105.01258623698408,15.575661261213124,-0.8335686607496626,1.7969879602799255,0.9455533704753036
Jos Buttler,2026-06-05,Wankhede Red Soil,Low,106.73206422535151,8.012957102488663,0.10080917315357425,1.8049151029143664,0.9508814567659969
Jos Buttler,2026-06-05,Wankhede Red Soil,High,103.37371220355115,14.663950043117017,-0.5843549300916415,7.372711817291498,0.9963710517258527
Glenn Maxwell,2026-06-05,Eden Gardens Clay,High,77.95989467055173,14.995021351026157,0.9399792829387348,2.603288536513306,0.8285585226995806
Glenn Maxwell,2026-06-05,Eden Gardens Clay,High,94.69447713306856,8.292480694588052,-2.792857554978519,2.1832354039033404,0.47003468839106805
Glenn Maxwell,2026-06-05,Wankhede Red Soil,High,91.3509118567269,8.393792881934914,-1.120418365642238,6.134923360813592,0.7526539730195807
Glenn Maxwell,2026-06-05,Wankhede Red Soil,High,80.65799157735074,15.93770931697652,0.47173145944804845,7.369055454329872,0.7661419648408129
Glenn Maxwell,2026-06-05,Wankhede Red Soil,Low,82.13400821084268,8.417599082018732,-2.679718860357065,3.346839556295501,0.8087265491054016
Glenn Maxwell,2026-06-05,Wankhede Red Soil,High,77.79889302788614,14.165627199832514,-0.99255190051339,4.295740701629451,0.5194297035506344
Glenn Maxwell,2026-06-05,Eden Gardens Clay,Low,85.87578611453003,11.68018852240296,-3.0856053743294183,2.2015886666424342,0.8919473047981952
Glenn Maxwell,2026-06-05,Chepauk Black Soil,Low,86.47542771591448,12.561182398292503,4.7574370725994655,3.1212326461405695,0.5894115178692432
Glenn Maxwell,2026-06-05,Chepauk Black Soil,Low,91.48452093703652,8.324048367471345,-0.8698460034395142,6.551445462570039,0.39038461338442343
Glenn Maxwell,2026-06-05,Eden Gardens Clay,Low,90.28858551927622,8.700269426782075,0.5038367796515502,5.180974271407029,0.5227760529542623
Glenn Maxwell,2026-06-05,Wankhede Red Soil,High,91.26248637222537,13.00148174348541,0.5441064294837211,2.149272526334137,0.519145529430541
Glenn Maxwell,2026-06-05,Chepauk Black Soil,High,92.44531304639514,14.516761481492896,-4.764695502840827,8.372841632671467,0.5144893722930649
Glenn Maxwell,2026-06-05,Chepauk Black Soil,Low,82.762595302179,13.740166956933942,-3.089793847328965,5.228109448179747,0.5634744404981857
Glenn Maxwell,2026-06-05,Chepauk Black Soil,High,84.17231952759957,8.661496513795512,-5.073170706697885,9.185919633635839,0.5572698972287787
Glenn Maxwell,2026-06-05,Eden Gardens Clay,High,86.24151817509572,15.407634866134256,1.6850770852087953,4.460122843302942,0.4527545857340635
Glenn Maxwell,2026-06-05,Chepauk Black Soil,High,76.56863640648906,15.745932419230833,-1.5154129215191552,3.2606603701815073,0.343211900063834
Glenn Maxwell,2026-06-05,Wankhede Red Soil,High,91.91327911954842,15.630812505771694,1.3993773056976737,1.8331530790734731,0.5556681110653094
Glenn Maxwell,2026-06-05,Wankhede Red Soil,High,92.58898100840216,14.651719588589433,-0.8760917610659753,8.46460503412863,0.9263874641583419
Glenn Maxwell,2026-06-05,Chepauk Black Soil,High,81.67390178168759,8.144759795379281,2.644969636414936,8.559819241678632,0.4426787630535686
Glenn Maxwell,2026-06-05,Chepauk Black Soil,Low,83.36744775013338,11.226526333292515,-2.6591294580175346,1.8793993995980038,0.5512665498444568
Glenn Maxwell,2026-06-05,Chepauk Black Soil,Low,90.63155282405928,8.980890738141586,2.18155637532404,4.703298167887528,0.43435042710617955
Glenn Maxwell,2026-06-05,Chepauk Black Soil,High,91.76212157863154,12.996354933964312,2.182422449596146,7.340116651900999,0.4763541511186261
Glenn Maxwell,2026-06-05,Wankhede Red Soil,Low,86.73278481633884,15.950366587571407,-0.26338164654564056,3.7937428198548426,0.9419232015958849
Glenn Maxwell,2026-06-05,Wankhede Red Soil,High,89.30698873541061,11.341746758832993,3.097168106734809,2.8304662891422248,1.0207210281980448
Glenn Maxwell,2026-06-05,Wankhede Red Soil,Low,93.61487476245419,8.097333182442782,-2.852467138395191,3.6325948023181795,0.8575898537785673
Glenn Maxwell,2026-06-05,Wankhede Red Soil,High,87.24064161663617,15.621969120186176,-0.6679614108182528,4.453931765678019,0.866466798825154
Glenn Maxwell,2026-06-05,Wankhede Red Soil,High,94.90496367284308,9.396014791050039,-1.9027596374544906,8.323487143380824,0.6314912081627907
Glenn Maxwell,2026-06-05,Chepauk Black Soil,High,93.10357192783744,9.625870612861062,3.5031144851673957,2.722672585090446,0.6179460786232864
Glenn Maxwell,2026-06-05,Wankhede Red Soil,Low,87.77301809268548,9.626470187954679,3.150555160513831,3.340036634844327,1.01851778542868
Glenn Maxwell,2026-06-05,Eden Gardens Clay,High,80.32271800234301,12.545846355510092,-2.653651117117162,6.267298648069001,0.6813525321281136
Glenn Maxwell,2026-06-05,Eden Gardens Clay,Low,80.1227923844006,11.12507886862644,-0.12716101101298882,5.093914547213428,0.8987260558401553
Glenn Maxwell,2026-06-05,Chepauk Black Soil,Low,93.5047647948532,15.340720619373165,-3.909798156903699,4.758897949789478,0.48775174864885945
Glenn Maxwell,2026-06-05,Chepauk Black Soil,High,92.28541465983434,9.269620773457042,-2.0607800917617864,2.197769117104393,0.5645492821588872
Glenn Maxwell,2026-06-05,Wankhede Red Soil,Low,82.86310147016194,10.860230091293602,0.4880618475969534,3.96927897283543,0.7158937562089976
Glenn Maxwell,2026-06-05,Wankhede Red Soil,Low,90.04270842624481,8.72307798575477,0.1525849700947063,4.444585345060475,0.7067309752340077
Glenn Maxwell,2026-06-05,Eden Gardens Clay,High,85.26987032617039,13.982437368689425,1.6456822204643586,6.159587180472151,0.4163111850031996
Glenn Maxwell,2026-06-05,Eden Gardens Clay,Low,84.68818784263684,13.71537850566821,2.707300615502456,6.329911451210562,0.83882841078513
Glenn Maxwell,2026-06-05,Wankhede Red Soil,Low,93.26815944017282,12.775128490665296,-0.029515821630845807,1.822235900285393,0.7133951716795678
Glenn Maxwell,2026-06-05,Wankhede Red Soil,Low,92.89381069521475,8.503501565512952,2.094667001933047,2.303431900318417,0.9649189325300855
Glenn Maxwell,2026-06-05,Wankhede Red Soil,Low,92.35877540280076,15.142253215977304,-0.6146554900649761,1.6499084945053544,0.7421591926110634
Glenn Maxwell,2026-06-05,Chepauk Black Soil,Low,95.31807463109229,10.362517438550245,4.602075872765612,5.459782448977507,0.7361312322305955
Glenn Maxwell,2026-06-05,Wankhede Red Soil,High,88.7946322101058,15.564299384761735,1.0017067891800424,4.5117479179124125,0.7592547010562463
Glenn Maxwell,2026-06-05,Wankhede Red Soil,High,91.67168633999182,12.326945725243881,3.1899851796837235,2.736233232875383,0.9254462142596789
Glenn Maxwell,2026-06-05,Wankhede Red Soil,Low,85.87713602174483,8.340241026452713,-3.086162559012372,2.717596808193745,1.0224315841123575
Glenn Maxwell,2026-06-05,Eden Gardens Clay,Low,95.63796648627365,12.113218674079405,-0.6524548945270539,5.074034442357728,0.8087727733068366
Glenn Maxwell,2026-06-05,Chepauk Black Soil,Low,97.5801104701217,14.368678520229595,2.466290408511992,6.7317988349214355,0.5956011178508255
Glenn Maxwell,2026-06-05,Eden Gardens Clay,Low,86.45574165485371,12.773929063322859,-1.7145215752859695,2.638368131058856,0.8602546080844038
Glenn Maxwell,2026-06-05,Chepauk Black Soil,High,92.69592699095236,9.589813794915417,-4.578779451410812,6.670530928054525,0.708342561493036
Glenn Maxwell,2026-06-05,Wankhede Red Soil,Low,86.91760504428228,14.037235933868175,-0.7062477066122078,1.616900157256647,0.9687863090113349
Glenn Maxwell,2026-06-05,Wankhede Red Soil,High,84.2661967094875,13.639283248964377,2.089000740508484,7.598903213792585,0.5232134305460593
Glenn Maxwell,2026-06-05,Wankhede Red Soil,Low,94.61430609540666,8.753115372881066,0.8106608333828952,5.046710575337453,0.9109462072626281
Glenn Maxwell,2026-06-05,Eden Gardens Clay,Low,81.04821485330714,15.247638558833806,3.1310728946872253,5.613140126804088,0.6668446442193223
Glenn Maxwell,2026-06-05,Chepauk Black Soil,High,85.52150117271745,14.83689835127788,3.3370025808268786,2.6042698533980326,0.5518233192368859
Glenn Maxwell,2026-06-05,Wankhede Red Soil,Low,87.03006935877038,8.47369029680484,3.1493772802493325,6.5057609804897005,0.5316854994250932
Glenn Maxwell,2026-06-05,Wankhede Red Soil,Low,98.34357155846502,15.552811939621753,-2.1903251251342737,2.1495718948191835,0.9696026908312831
Glenn Maxwell,2026-06-05,Wankhede Red Soil,Low,86.054520258887,12.225512568459129,-0.8384760544769911,4.222470214320478,0.49978453123478483
Glenn Maxwell,2026-06-05,Wankhede Red Soil,Low,91.14713471311092,15.977175241233489,1.2359781177216356,4.490363131059902,0.7384771873185679
Glenn Maxwell,2026-06-05,Wankhede Red Soil,High,93.31874224374731,9.920875220463444,-1.904764679182671,2.98539745145331,0.6527723941405333
Glenn Maxwell,2026-06-05,Chepauk Black Soil,Low,98.48691700352587,10.711233577123235,1.682882631680431,2.4948384055475015,0.49097212875007346
Faf du Plessis,2026-06-05,Eden Gardens Clay,Low,110.33412219636664,11.063885062452563,-0.5457893789076584,2.1740058396349453,0.5034323750612482
Faf du Plessis,2026-06-05,Wankhede Red Soil,High,103.07178317616184,8.845497007112126,-0.4163884958453723,7.530827704026952,1.091514162244061
Faf du Plessis,2026-06-05,Eden Gardens Clay,High,98.20544149425137,14.885615519819137,0.23220420466267822,3.8966409494156977,0.6224456019630282
Faf du Plessis,2026-06-05,Chepauk Black Soil,Low,107.5462063993809,8.697803374645236,-0.17497672087621002,4.802379456081424,0.6381767439539836
Faf du Plessis,2026-06-05,Wankhede Red Soil,High,101.33805114421763,14.598177970113696,0.3717475840202047,5.393941285255681,0.6529359981705926
Faf du Plessis,2026-06-05,Wankhede Red Soil,High,113.34606097628286,14.069980031040432,0.2509092827789578,3.877249019632564,1.16603346384274
Faf du Plessis,2026-06-05,Eden Gardens Clay,Low,115.814668357241,12.130853559725475,0.007846655697497429,3.7457375167057796,0.5859058698757846
Faf du Plessis,2026-06-05,Chepauk Black Soil,Low,100.98361875939867,14.40205449285602,-0.15211404819548818,2.169733651238928,0.8234660483059956
Faf du Plessis,2026-06-05,Wankhede Red Soil,Low,117.5681693723562,13.805626690111794,0.530436488668865,5.116005852301187,1.059605864843636
Faf du Plessis,2026-06-05,Wankhede Red Soil,High,114.37111109341043,15.39602349335321,0.6550774047586106,3.5029949797300772,0.6459073736735479
Faf du Plessis,2026-06-05,Chepauk Black Soil,High,103.10772449971644,15.592352674803333,-0.29795047790605195,6.702887890506051,0.8420223580797359
Faf du Plessis,2026-06-05,Chepauk Black Soil,High,98.26367946680432,8.87340671499898,-0.7426229653774249,7.299510723186815,0.6322817985996158
Faf du Plessis,2026-06-05,Wankhede Red Soil,Low,110.5302787077108,8.448975013147056,0.71491623316854,4.951073349003863,0.884037349737092
Faf du Plessis,2026-06-05,Eden Gardens Clay,High,99.94356193283237,10.51149751400661,-0.8272119614825433,8.003742843001167,0.9094539112318403
Faf du Plessis,2026-06-05,Wankhede Red Soil,Low,116.73467925706073,9.237843601276305,-0.24438021650786493,5.220493524396835,0.6845015321062013
Faf du Plessis,2026-06-05,Chepauk Black Soil,Low,102.16851334774027,8.455486713729368,0.662017352922942,3.5293921887741986,0.4916887894111813
Faf du Plessis,2026-06-05,Eden Gardens Clay,High,112.40472662403023,14.431289511010938,-0.7109960400712352,5.507796394718342,0.7935112348848389
Faf du Plessis,2026-06-05,Eden Gardens Clay,High,103.73508254774613,12.271480781250492,-0.07369477931197621,2.824140699753277,0.911646175404922
Faf du Plessis,2026-06-05,Eden Gardens Clay,High,108.07256672259199,11.8119323141363,-0.47853787667038183,6.9684338750834565,0.7041826870322931
Faf du Plessis,2026-06-05,Wankhede Red Soil,High,104.45269389342124,14.775620707471404,-0.4475705005820677,2.0861957904500197,0.9972948782987241
Faf du Plessis,2026-06-05,Wankhede Red Soil,Low,104.38906267866803,13.405322169582613,-0.0911458015792066,1.533251417698065,1.1985941214950573
Faf du Plessis,2026-06-05,Eden Gardens Clay,High,98.21426548034583,15.764225026725942,0.6463940318920058,7.977846910618569,0.8867913080971943
Faf du Plessis,2026-06-05,Eden Gardens Clay,Low,107.74824755314265,9.95109068801351,-0.7441907231514171,6.001084360416954,0.7704621297119155
Faf du Plessis,2026-06-05,Chepauk Black Soil,Low,115.30576197976642,13.691056246397473,0.007078216069831234,4.069674532418693,0.5191179648721246
Faf du Plessis,2026-06-05,Chepauk Black Soil,High,106.13564597362019,11.088708623689818,-1.0196938884800517,4.0802205720429585,0.4818027942936987
Faf du Plessis,2026-06-05,Eden Gardens Clay,High,110.1768702054532,11.33089375142228,0.26036113927534643,2.8771948884328435,0.8935308279539724
Faf du Plessis,2026-06-05,Eden Gardens Clay,Low,111.97369887581786,14.097931148855412,-0.09334807223977837,5.709988649234058,0.860311240923741
Faf du Plessis,2026-06-05,Chepauk Black Soil,High,103.65892308393974,10.349437357075736,0.014659659865814278,5.919251873832712,0.5585319176425848
Faf du Plessis,2026-06-05,Chepauk Black Soil,Low,108.7158433222479,15.227241334260405,0.9276245061613048,6.30394985534447,0.5580917891156565
Faf du Plessis,2026-06-05,Eden Gardens Clay,High,112.55481106987875,10.71350615425462,-0.5957352779519272,4.173053994366426,0.8724037430701646
Faf du Plessis,2026-06-05,Eden Gardens Clay,High,105.70940983013446,9.633629456610354,-0.7493294627992455,4.69678082231894,0.8216907890193976
Faf du Plessis,2026-06-05,Eden Gardens Clay,Low,116.99154803188728,8.797652395442176,-0.6108123741677773,2.4835804323179467,0.625876539544659
Faf du Plessis,2026-06-05,Wankhede Red Soil,Low,119.99604158653236,14.204061004049453,-0.08725860065124724,6.868907519837096,1.0676453179967333
Rashid Khan,2026-06-05,Wankhede Red Soil,High,81.14929011985141,14.69171492391734,2.2072548767532605,8.007499050976541,0.816260421367325
Rashid Khan,2026-06-05,Wankhede Red Soil,High,80.11720521348664,15.989909241678152,-0.21014155173373014,3.9691370622029343,0.6197575626572094
Rashid Khan,2026-06-05,Chepauk Black Soil,Low,99.95127603967032,8.854550994414993,-4.118139860490915,6.439535003954305,0.4315518944482259
Rashid Khan,2026-06-05,Chepauk Black Soil,High,86.6596706358171,15.664100771448808,-5.183644361474907,2.2212807222199142,0.41594553758568664
Rashid Khan,2026-06-05,Chepauk Black Soil,High,83.95592734019017,8.924293381853417,4.480965507620939,5.491280063759395,0.5369391051994292
Rashid Khan,2026-06-05,Wankhede Red Soil,Low,89.58701765143783,9.360036394705798,0.9927327880268465,3.3806377452890874,1.0682646804997173
Rashid Khan,2026-06-05,Chepauk Black Soil,Low,88.49222979251368,13.791061704191495,0.06620673656288512,3.084876621447923,0.6565687758625234
Rashid Khan,2026-06-05,Wankhede Red Soil,High,91.79929374984711,9.864200977875331,-3.0972300013920684,4.138393721262262,0.892313109271975
Rashid Khan,2026-06-05,Wankhede Red Soil,High,94.65349050958754,14.44627326493827,-1.5121914914927665,7.663734845209973,0.689026868932829
Rashid Khan,2026-06-05,Wankhede Red Soil,Low,95.13944876635613,14.247072372764988,-1.8694951046386359,2.3325556979953825,0.9342876599749429
Rashid Khan,2026-06-05,Eden Gardens Clay,High,93.42872513120055,8.2108126264854,0.410204029506513,3.4242323429609853,0.8720982574357228
Rashid Khan,2026-06-05,Wankhede Red Soil,High,87.59564072335031,10.562419937121355,-0.07788928943867575,3.9270753132639244,1.022772559950479
Rashid Khan,2026-06-05,Wankhede Red Soil,Low,96.94462717587405,10.030752003847988,-1.446493803493234,6.00897425389876,0.9651156519947407
Rashid Khan,2026-06-05,Wankhede Red Soil,High,84.0156311782023,11.26545591228265,-0.12925120787908712,2.90865303780388,0.5456823130588898
Rashid Khan,2026-06-05,Chepauk Black Soil,High,83.68486077566297,14.495348675414862,0.6033166349165218,5.958527091406347,0.7307048483223085
Rashid Khan,2026-06-05,Eden Gardens Clay,Low,99.51138056143203,13.004701705980295,0.15177139956256536,6.9432438904213605,0.5381335625638513
Rashid Khan,2026-06-05,Eden Gardens Clay,Low,86.10381182932579,11.852610129126907,-0.1153143374600667,6.3083301008226655,0.722921792472116
Rashid Khan,2026-06-05,Chepauk Black Soil,High,88.25992718926554,15.804745236697165,-4.463668215784826,2.233557073443992,0.58947103457421
Rashid Khan,2026-06-05,Eden Gardens Clay,Low,94.86576654855477,10.007980052164207,-1.6640449600419247,4.724864622495156,0.8457722700231767
Rashid Khan,2026-06-05,Eden Gardens Clay,Low,94.89440407847795,13.053825026618295,1.6000192782575953,4.919361381306043,0.8204629199650633
Rashid Khan,2026-06-05,Chepauk Black Soil,High,82.66997077769047,15.79034107309203,-4.474500069472577,2.5059915244208293,0.6411604041571226
Rashid Khan,2026-06-05,Eden Gardens Clay,Low,89.72491534049249,10.669816618278345,-3.4354108637561778,6.036529417448474,0.48312475002608574
Rashid Khan,2026-06-05,Wankhede Red Soil,Low,91.33201939794215,13.72903700122193,-2.1717621460223158,4.900342965467409,0.6232745907694895
Rashid Khan,2026-06-05,Eden Gardens Clay,High,79.16181419352067,13.106833443589778,-0.024643093705904562,2.166835750102455,0.8440499994265944
Rashid Khan,2026-06-05,Chepauk Black Soil,High,90.83496362606027,15.576886908598063,4.551042165715561,5.24209261434435,0.6060130233237319
Rashid Khan,2026-06-05,Chepauk Black Soil,High,93.47682314584839,15.581019127143325,-3.985541488393032,2.1015972284063036,0.7153240593745211
Rashid Khan,2026-06-05,Eden Gardens Clay,Low,96.56789788277882,14.88517638959374,-2.3377707421180034,6.0021086976005416,0.4892079581991907
Rashid Khan,2026-06-05,Eden Gardens Clay,High,82.90750712551207,9.448886374084674,-0.5168277320603138,7.31776709294719,0.8976280667891865
Rashid Khan,2026-06-05,Chepauk Black Soil,Low,94.37208025504344,14.049113903269646,2.663834935152127,2.842492431302664,0.5172802785491738
Rashid Khan,2026-06-05,Chepauk Black Soil,High,86.3298445764176,13.745623732791264,4.371082771630324,5.185432330578617,0.6743727491465642
Rashid Khan,2026-06-05,Chepauk Black Soil,Low,83.05625770781965,12.464281686772228,1.1801248416716004,5.548681235749415,0.7043892776475481
Rashid Khan,2026-06-05,Wankhede Red Soil,Low,90.77996818674676,8.041194871982135,2.3810394488549727,5.342202915737964,0.808155964839675
Rashid Khan,2026-06-05,Wankhede Red Soil,High,93.20655206447117,12.280857865233042,-1.7505361628294929,1.9154939666385804,0.5201086967267371
Rashid Khan,2026-06-05,Eden Gardens Clay,High,80.18037869962784,9.117901354033393,-2.3049767059892945,6.567511102560268,0.44750970407205487
Rashid Khan,2026-06-05,Chepauk Black Soil,Low,94.59799889368185,12.274652014718178,1.9508302673223517,3.694773638327751,0.7321872145617658
Rashid Khan,2026-06-05,Wankhede Red Soil,Low,85.80217188180055,14.418000175078191,1.9253245340058656,5.135346415670622,0.7998924182461987
Rashid Khan,2026-06-05,Eden Gardens Clay,High,75.35305516903847,10.910802054217903,-1.8380864567790631,7.471642397791439,0.45588277410409833
Rashid Khan,2026-06-05,Chepauk Black Soil,Low,90.45953762997422,13.450990882164746,-3.093398040577657,4.601148712707843,0.6344290070276616
Rashid Khan,2026-06-05,Wankhede Red Soil,Low,84.20295170715322,11.421467567465811,1.656200834686186,6.680414388942327,0.9734009073110188
Rashid Khan,2026-06-05,Eden Gardens Clay,Low,90.02504534615886,13.635379092014299,3.2470149362669094,3.5882360686326247,0.7655758256965448
Rashid Khan,2026-06-05,Chepauk Black Soil,High,89.51225505478664,9.667459914318588,-1.749847514273224,5.14473243802178,0.345307598599228
Rashid Khan,2026-06-05,Chepauk Black Soil,High,89.5830172426095,15.296944635317537,-3.6601523462406576,4.29509131132623,0.7215995381629677
Rashid Khan,2026-06-05,Wankhede Red Soil,Low,88.93019916598469,11.42623799837771,-0.7544452184647433,3.8219792300484183,0.7834290160778177
Rashid Khan,2026-06-05,Wankhede Red Soil,High,90.31358041085504,12.5395148087626,1.2389027742776677,3.1674900671400366,0.9025682973196196
Rashid Khan,2026-06-05,Eden Gardens Clay,Low,86.1034306574963,12.394743937637356,-2.3123232063520787,6.703669885818525,0.5431858544098676
Rashid Khan,2026-06-05,Chepauk Black Soil,High,80.31662586359295,9.797595054406926,-0.6889933454546888,2.677948388609073,0.7474542726064455
Rashid Khan,2026-06-05,Chepauk Black Soil,Low,86.95458389134886,10.20623578757193,-1.8137163385492325,3.395109618774744,0.5441756701337886
Rashid Khan,2026-06-05,Chepauk Black Soil,Low,97.09069390115326,10.582731900695304,0.68134798678465,5.206815682182809,0.6620317393204279
Rashid Khan,2026-06-05,Chepauk Black Soil,High,83.77767401779069,12.095888576133609,-0.047505071591371094,5.363792631755246,0.6384733693581911
Rashid Khan,2026-06-05,Eden Gardens Clay,Low,84.54481757274853,8.717353364288421,-3.627901741050551,6.655205481788535,0.4587616392681667
Rashid Khan,2026-06-05,Eden Gardens Clay,Low,99.81959250563332,14.060068940861534,0.5800327749418868,4.319267189766524,0.811153949764725
Rashid Khan,2026-06-05,Wankhede Red Soil,Low,94.57462642016804,9.473190131892558,-1.0507924478369597,5.012869997272986,0.9235450258754658
Rashid Khan,2026-06-05,Eden Gardens Clay,Low,95.55314550908066,8.873120775221793,-3.676631658792621,2.6658349023612677,0.5496131210520467
Rashid Khan,2026-06-05,Eden Gardens Clay,Low,89.42841820944989,14.169835831361997,-1.4381999022019496,5.861115745345465,0.45879030534977383
Rashid Khan,2026-06-05,Chepauk Black Soil,High,82.04341039887052,14.015347384278812,-3.8923771735456207,2.5313320146948435,0.3854281714031671
Rashid Khan,2026-06-05,Wankhede Red Soil,Low,94.50146405954932,13.12245234238813,-0.39420283385981564,2.1820953019642064,0.7598265714376976
Rashid Khan,2026-06-05,Eden Gardens Clay,High,81.42306272732627,13.885710354693753,-3.311500886501279,2.2780587901944256,0.542801196272064
Rashid Khan,2026-06-05,Eden Gardens Clay,Low,83.81726613734799,14.614750774104074,1.1076820130571026,5.591039702614545,0.7104506486333237
Rashid Khan,2026-06-05,Chepauk Black Soil,Low,93.10761579375098,10.297003593491782,-2.2259179896396017,1.8045446583775933,0.4431441256145338
Trent Boult,2026-06-05,Chepauk Black Soil,Low,137.38770258942577,12.983789590660601,0.3919588470437206,6.6872206437405,0.8464855073534524
Trent Boult,2026-06-05,Eden Gardens Clay,High,130.98937035495055,11.278103235750207,0.9840726740401491,6.440556752248376,1.432032925186705
Trent Boult,2026-06-05,Eden Gardens Clay,High,129.68403042024264,14.124144771174285,-0.5404797955944192,1.9234688312215564,0.8019551763810997
Trent Boult,2026-06-05,Chepauk Black Soil,High,135.3527782333767,15.949799301706566,-0.4041809420259885,8.928211863105025,0.7740796635473933
Trent Boult,2026-06-05,Eden Gardens Clay,High,129.23949793706205,12.838669865271775,0.7848933143945054,4.875925352461216,1.0473393981467862
Trent Boult,2026-06-05,Wankhede Red Soil,High,135.93932529129253,12.350358466197754,0.2838741692184518,7.154766797188228,1.6987333771927753
Trent Boult,2026-06-05,Eden Gardens Clay,Low,147.284431131706,11.025574603996109,0.4286033575330548,3.3181626693565045,0.9729631007719919
Trent Boult,2026-06-05,Eden Gardens Clay,Low,144.75938017273168,10.107801375392224,-0.05212385105577355,2.3191859324961,1.295036386405051
Trent Boult,2026-06-05,Chepauk Black Soil,High,138.00701124339201,9.189604514941617,-0.6946963803747239,6.758038532412753,0.8097812792085258
Trent Boult,2026-06-05,Chepauk Black Soil,High,131.19410241605047,10.268919787875944,0.5944897378131019,6.556667055231961,1.2665762481763798
Trent Boult,2026-06-05,Chepauk Black Soil,High,134.51874304135785,15.965894798594292,-0.41415643615613257,5.610295020295342,1.0537672823563697
Trent Boult,2026-06-05,Wankhede Red Soil,High,132.88958898545945,10.029567135594574,-0.5590022682452078,8.286328259087954,1.1365356105213902
Trent Boult,2026-06-05,Wankhede Red Soil,High,129.8057865460126,12.957183779601145,-0.5577822379449764,8.453150299393512,1.7084061463941242
Trent Boult,2026-06-05,Eden Gardens Clay,Low,139.8891241764066,10.890915732362824,-0.20828113311584717,2.257338657946754,1.0000075456323363
Trent Boult,2026-06-05,Eden Gardens Clay,Low,130.11042690594266,13.35311877035314,-0.40785229039538295,6.546261129379026,0.9343161675183786
Trent Boult,2026-06-05,Wankhede Red Soil,High,133.43550312349453,10.182361777479384,-0.1582304952351306,7.159786884701378,1.0069500495570594
Trent Boult,2026-06-05,Chepauk Black Soil,Low,134.69530822295022,11.105729203231459,-1.2259320639091582,1.7889462947348311,0.7304766613851977
Trent Boult,2026-06-05,Wankhede Red Soil,Low,149.9970587908285,8.67746221805001,-0.2996371134262736,3.6789902592013903,1.099054427877136
Trent Boult,2026-06-05,Chepauk Black Soil,High,127.09789182252212,9.164564603484028,0.3696294407035506,4.569138845285142,0.8530907348878382
Trent Boult,2026-06-05,Chepauk Black Soil,Low,140.848608920715,12.38038450332279,0.8100107265269921,6.143808330701039,0.6983064734683889
Trent Boult,2026-06-05,Chepauk Black Soil,High,138.02933187307,10.354108432882562,-0.9392366885801483,7.098202767239004,1.1758157997626728
Trent Boult,2026-06-05,Wankhede Red Soil,High,131.23990371664564,12.624819221691695,-0.15577816473625658,7.881967343733588,1.5506652939245456
Trent Boult,2026-06-05,Wankhede Red Soil,Low,146.80015635748572,8.807193586715222,0.29746942614041905,2.3440084494282165,1.4259311033978126
Trent Boult,2026-06-05,Wankhede Red Soil,High,136.78025417727045,14.249654733224334,-0.7677260181005044,8.751639221224025,1.133563326001158
Trent Boult,2026-06-05,Chepauk Black Soil,High,128.05354117374875,15.747495048327238,0.33866194323292764,7.170266468312994,0.832612523064582
Trent Boult,2026-06-05,Chepauk Black Soil,Low,148.65261945189002,10.17083376806986,-0.9283700637732887,5.618163976004268,0.726887948974793
Trent Boult,2026-06-05,Chepauk Black Soil,Low,142.2485670044378,13.050977012127364,0.8873381249805026,6.597144321871816,1.0832396520432725
Trent Boult,2026-06-05,Chepauk Black Soil,Low,138.13406120399583,12.672567624992052,0.4756276123932619,3.2467392942885764,1.2305442764591257
Trent Boult,2026-06-05,Chepauk Black Soil,Low,146.964481893636,9.807502078541592,1.0634180049342747,1.8075005765820573,0.9555373551140486
Trent Boult,2026-06-05,Eden Gardens Clay,High,128.16806676757847,10.27340079199401,-0.04954359825712018,5.407189640141324,1.485799512624225
Trent Boult,2026-06-05,Chepauk Black Soil,High,137.1307338108997,9.165497145294243,0.24817903895541518,8.86799010381428,1.0157071184840027
Trent Boult,2026-06-05,Chepauk Black Soil,Low,147.14019582682164,10.264179213380562,-0.4817956214270828,5.4456723904588955,0.8757985221413631
Trent Boult,2026-06-05,Chepauk Black Soil,Low,133.68104909266748,14.093372517416382,0.9738772704885653,1.6979262654555738,0.6964829183763298
Trent Boult,2026-06-05,Eden Gardens Clay,Low,136.82327872148437,9.808742723161062,-0.1291624803262308,5.335896021349034,1.150899676975659
Trent Boult,2026-06-05,Eden Gardens Clay,High,125.1132637097394,8.533261764026097,0.5274900458339653,3.4526411309092944,0.9120177482563917
Trent Boult,2026-06-05,Wankhede Red Soil,High,138.37139255516178,11.087333366804145,0.14487052159106,3.6438971222558094,1.7214560526866787
Trent Boult,2026-06-05,Eden Gardens Clay,High,136.2461165233595,14.604965022553806,-0.5326137689094161,3.713333593540693,0.9091377385449091
Trent Boult,2026-06-05,Eden Gardens Clay,High,142.27920209678442,10.98485934215023,0.1587749286604101,2.4789169768080836,1.1335251237585031
Trent Boult,2026-06-05,Wankhede Red Soil,High,122.31092698238851,13.487561523217781,0.06414174035687328,5.444318099165845,1.185632381185873
Trent Boult,2026-06-05,Chepauk Black Soil,High,122.80793491095217,14.088255199023864,-0.874709667061534,3.908849736929558,0.7727921074139257
Trent Boult,2026-06-05,Chepauk Black Soil,Low,134.07120362374258,8.349330639660309,1.1634504541028594,3.492435920158776,1.1567110321963265
Trent Boult,2026-06-05,Chepauk Black Soil,Low,132.81771251072283,13.831466608963602,-0.5218349375337091,5.835098155655148,1.2180170458110529
Trent Boult,2026-06-05,Chepauk Black Soil,Low,131.0276902047219,12.837438209259759,0.0765175809673062,5.524894651006603,1.093240522755741
Trent Boult,2026-06-05,Chepauk Black Soil,Low,132.24915423028995,11.692084490437574,-0.6659075605253935,6.441495314296153,1.2500976534163821
Trent Boult,2026-06-05,Chepauk Black Soil,High,135.14014586270468,11.659743778923634,0.741191956527617,7.110481466367209,0.9064070716355903
Kagiso Rabada,2026-06-05,Wankhede Red Soil,High,127.06305924842643,14.745993173390268,-0.20898745969370883,8.581833445951265,1.5371799154483956
Kagiso Rabada,2026-06-05,Wankhede Red Soil,Low,136.8905894886957,13.444816607704201,0.776435759655262,5.250805261109996,1.7507076801788612
Kagiso Rabada,2026-06-05,Eden Gardens Clay,High,137.32952228417096,8.444882875271094,-0.740503149496426,2.2513325054293123,0.9352920091792167
Kagiso Rabada,2026-06-05,Chepauk Black Soil,High,135.97305537107397,13.334117157447338,-0.34858840126855284,6.158417351787419,0.8075766330238883
Kagiso Rabada,2026-06-05,Chepauk Black Soil,Low,147.576329596258,10.65031086959703,0.31624029306034684,5.757882452678436,0.7734579355930734
Kagiso Rabada,2026-06-05,Wankhede Red Soil,High,123.88265375981243,12.023309211128781,-0.16163117130496812,6.024932263251475,1.3408706878279848
Kagiso Rabada,2026-06-05,Chepauk Black Soil,Low,145.8401146779592,12.721395444660807,0.08494000508362454,6.5485721071561915,1.100119981738367
Kagiso Rabada,2026-06-05,Wankhede Red Soil,High,135.39820133179117,12.410288019136384,-0.5343351842317118,2.0531753381039093,1.3167367562660814
Kagiso Rabada,2026-06-05,Wankhede Red Soil,Low,133.6446254413958,13.903216271410408,-0.2389155594241249,1.9148719010405368,1.3657614657935349
Kagiso Rabada,2026-06-05,Eden Gardens Clay,Low,140.95542623580948,14.026510303476698,-0.2486972470373363,3.5782281197065906,1.1561341801097895
Kagiso Rabada,2026-06-05,Chepauk Black Soil,Low,133.8026834661925,12.897963480133544,-0.4299173261395526,5.150126299804594,1.185660803861895
Kagiso Rabada,2026-06-05,Wankhede Red Soil,Low,141.70283570544876,15.69640552757965,0.4744022442000724,1.7194861997041786,1.2578209374841238
Kagiso Rabada,2026-06-05,Chepauk Black Soil,Low,146.0919475633277,10.759778133618454,0.7948215148979462,1.8596491866382585,0.8156253284288697
Kagiso Rabada,2026-06-05,Eden Gardens Clay,Low,132.67116077010544,9.38162259608238,-0.2592964914291078,6.52693432758215,1.4016239421393393
Kagiso Rabada,2026-06-05,Chepauk Black Soil,High,128.67637649074888,12.232329864116426,0.03827104355431017,7.259128347384593,0.6819541802459009
Kagiso Rabada,2026-06-05,Eden Gardens Clay,High,122.78451448823584,14.006517350027604,-0.10909362116236831,6.583923021137657,0.8424452113638033
Kagiso Rabada,2026-06-05,Eden Gardens Clay,High,123.74877312859702,11.796987457890415,0.38073378159780247,5.597318743620062,1.222603937840228
Kagiso Rabada,2026-06-05,Eden Gardens Clay,High,142.60736338496227,14.269743748929342,0.8798086452937752,7.02953851197098,1.01102900217144
Kagiso Rabada,2026-06-05,Chepauk Black Soil,Low,149.90279790767488,12.649746427695838,0.3613572711631556,4.2538514957709666,1.1558905446645305
Kagiso Rabada,2026-06-05,Chepauk Black Soil,High,131.8597175555501,11.915789244766017,-0.7342955533666744,4.869669568949138,0.9129401171742146
Kagiso Rabada,2026-06-05,Wankhede Red Soil,Low,142.35605656940763,12.308246312625798,-0.7305113776611016,2.680777766667532,1.1616635107191493
Kagiso Rabada,2026-06-05,Chepauk Black Soil,Low,144.71694287503087,10.085892036943545,1.2039668211787034,2.379382777391181,1.2711983071358683
Kagiso Rabada,2026-06-05,Wankhede Red Soil,Low,147.24136527767857,15.836652021394123,0.2845553215129833,5.533998019180629,1.7244820673687278
Kagiso Rabada,2026-06-05,Wankhede Red Soil,High,131.2358294698718,9.70283064396674,-0.34677863066546966,2.195913250000136,1.6218362644544075
Kagiso Rabada,2026-06-05,Wankhede Red Soil,Low,138.68198996528182,8.85427057989793,-0.6715762337773227,3.4714459257587675,1.375197616735719
Kagiso Rabada,2026-06-05,Eden Gardens Clay,Low,143.6658255040321,12.015270027865993,-0.7526200370482989,2.0652145738795893,1.2090822314676917
Kagiso Rabada,2026-06-05,Wankhede Red Soil,Low,135.8024944358711,11.361838500181477,0.22508177011827632,6.505312219187487,1.4775903398229435
Kagiso Rabada,2026-06-05,Chepauk Black Soil,Low,149.30453487428997,15.17446204695689,0.19447293001553786,6.384146700547994,1.2571666661441991
Kagiso Rabada,2026-06-05,Eden Gardens Clay,Low,132.25898138239597,8.921991531886722,0.7851375302317167,5.404257727042051,1.2425687674889103
Kagiso Rabada,2026-06-05,Wankhede Red Soil,Low,143.57575553032623,12.32411616498312,0.6347388763493126,5.497888835932702,1.6399610469687886
Kagiso Rabada,2026-06-05,Wankhede Red Soil,High,144.84056021598957,12.355431204853783,0.6491879452872169,2.5354230017217767,1.3863970508721204
Kagiso Rabada,2026-06-05,Eden Gardens Clay,Low,134.64679180373437,10.508256017194212,-0.363219355399629,2.4848144510977495,1.0676816250968693
Kagiso Rabada,2026-06-05,Chepauk Black Soil,Low,147.19837131308375,11.739911858799047,-0.4015741677605943,3.6703179118202485,0.777670086234359
Kagiso Rabada,2026-06-05,Eden Gardens Clay,Low,140.60455553000136,14.897212656967561,0.016016641251520358,5.917494125765355,1.066479208607073
Kagiso Rabada,2026-06-05,Eden Gardens Clay,Low,147.92121518250954,11.484422426425782,-0.9687694053070115,3.8661454219919,0.8014697144169386
Kagiso Rabada,2026-06-05,Wankhede Red Soil,Low,144.3072700713774,15.210557868832279,0.12150477553851591,5.789893755418341,0.9725644268037266
Kagiso Rabada,2026-06-05,Eden Gardens Clay,Low,136.36373243228144,11.744556000985646,0.03745933423503334,2.9635158387137865,0.8254972966658313
Kagiso Rabada,2026-06-05,Wankhede Red Soil,Low,134.07353768554967,9.872953789448202,0.08825126272971051,1.702133893677531,1.158954823323113
Kagiso Rabada,2026-06-05,Wankhede Red Soil,Low,139.76524199623958,13.181787037608332,0.20011444383900462,1.7210973871784547,1.7978127024626027
Kagiso Rabada,2026-06-05,Eden Gardens Clay,Low,139.13258795390843,13.381664361580524,-0.9277410395314762,3.331436375669682,0.8275625904555325
Sam Curran,2026-06-05,Eden Gardens Clay,High,128.4477327228298,11.525061260351453,0.04882276002843011,3.5385599408078203,1.2398640178041422
Sam Curran,2026-06-05,Wankhede Red Soil,Low,147.979657866558,15.928366423990965,0.23806723926754378,6.536675888040373,1.520346299786712
Sam Curran,2026-06-05,Chepauk Black Soil,High,124.9650953442452,9.787553430638528,0.8969516683090155,2.7002650858787827,1.247520535655213
Sam Curran,2026-06-05,Wankhede Red Soil,Low,139.9805342968733,15.20093347510825,-0.4099193071957645,3.5181304463815337,1.294021777832077
Sam Curran,2026-06-05,Wankhede Red Soil,Low,137.48660375150797,9.931777819712792,-0.47265615904581026,5.6537627136624495,1.2742297499802249
Sam Curran,2026-06-05,Wankhede Red Soil,High,126.84603262474145,13.836145006482312,-0.1897319039611748,4.611880625159262,1.203877139008911
Sam Curran,2026-06-05,Wankhede Red Soil,High,124.89464474215299,15.232194799539318,0.16231742077141417,4.481890077885097,1.5654994493435361
Sam Curran,2026-06-05,Wankhede Red Soil,Low,145.9129146977308,8.104244516694571,-0.08659911213611267,5.332469069068212,1.7360171343466588
Sam Curran,2026-06-05,Eden Gardens Clay,Low,130.1308006293597,10.073108400450675,-0.9322453642600295,6.804825405796667,1.4664726900784453
Sam Curran,2026-06-05,Eden Gardens Clay,High,125.06159045277793,10.245813096609698,0.2142754442710848,5.246439603966474,1.09343617588509
Sam Curran,2026-06-05,Eden Gardens Clay,High,137.02362697517842,10.66133625211171,-0.2037666630284396,4.2273082767608905,0.867891750094605
Sam Curran,2026-06-05,Wankhede Red Soil,High,137.21111732716608,8.733975377412396,-0.2315196725086592,9.134477586368908,1.544195352344805
Sam Curran,2026-06-05,Eden Gardens Clay,Low,145.472230311086,14.448021168376421,0.2573029254427164,6.283839061282786,1.1652457200904645
Sam Curran,2026-06-05,Chepauk Black Soil,Low,146.09400838766476,14.776244137821744,-0.28387469693919154,2.1439906687138146,1.2576855238499463
Sam Curran,2026-06-05,Eden Gardens Clay,High,121.31071011029589,12.739463547122366,-0.10656959661792809,5.123681834152924,1.1281813520066506
Sam Curran,2026-06-05,Chepauk Black Soil,Low,139.26870486269752,14.486679159577896,-1.2352027935332484,1.7029732869572611,1.1607071654960033
Sam Curran,2026-06-05,Eden Gardens Clay,High,140.05937786302934,11.819557208514567,0.23066592056485935,6.478652997437466,1.4365939214687549
Sam Curran,2026-06-05,Eden Gardens Clay,Low,133.34394582727035,12.74971240470287,-0.1559592472934903,6.34054530928459,1.073470626887802
Sam Curran,2026-06-05,Wankhede Red Soil,Low,140.69644614839495,13.18490777771824,-0.18906188669588586,5.640398873554328,1.2405870004194635
Sam Curran,2026-06-05,Chepauk Black Soil,Low,135.6043707537194,9.304997309839102,0.9071940078009277,4.493667884580914,1.2495390761362548
Sam Curran,2026-06-05,Wankhede Red Soil,High,132.58127366804223,14.533214091873102,-0.7610712167688171,3.929202808602698,1.4538088786310877
Sam Curran,2026-06-05,Chepauk Black Soil,High,122.11502571689472,12.133957487139273,-0.7080644881894623,4.427337140455875,0.759919859132595
Sam Curran,2026-06-05,Eden Gardens Clay,Low,134.30138729560164,13.297729732373249,-0.9396504542203497,2.6535596775221286,0.8954943734209289
Sam Curran,2026-06-05,Eden Gardens Clay,High,135.34389048685415,13.313627673796734,-0.6850057726059791,2.4850035772367955,1.1970115204004157
Sam Curran,2026-06-05,Wankhede Red Soil,High,127.62860409071496,11.553101553931253,-0.20671384828370362,5.785774675322272,1.4533850889175233
Sam Curran,2026-06-05,Chepauk Black Soil,Low,132.11913885171785,14.064890281256059,1.2026829503302967,2.615274738701916,1.0494827903352275
Sam Curran,2026-06-05,Chepauk Black Soil,High,137.9014984338941,11.425648216356457,-0.40210083924974155,3.534995817786394,1.021751815335079
Sam Curran,2026-06-05,Eden Gardens Clay,High,125.61891158968602,13.846596530452132,-0.7114354327785943,6.467448774441647,1.0753690987254212
Sam Curran,2026-06-05,Chepauk Black Soil,Low,136.8116485111496,14.100499974594424,-0.5437339008123412,3.6975571757646715,0.8655363589682383
Sam Curran,2026-06-05,Eden Gardens Clay,Low,132.76257342423241,13.292829421742791,-0.3626007261243658,4.830938114247509,0.8926863294093642
Sam Curran,2026-06-05,Chepauk Black Soil,Low,146.15623847803278,12.643615797507053,1.2204715316038526,1.628060892972655,0.903193072647364
Sam Curran,2026-06-05,Wankhede Red Soil,High,144.60928172229865,15.00744501499243,0.19730155278816072,6.8281100955265766,1.4162087490591455
Sam Curran,2026-06-05,Eden Gardens Clay,Low,131.4803457946787,11.990230570720488,0.40056819483461203,5.282036977853345,1.1474830550673225
Sam Curran,2026-06-05,Wankhede Red Soil,Low,138.65306679203778,10.842494550448789,-0.4451304326418544,2.862877539293665,1.7957927952938457
Sam Curran,2026-06-05,Wankhede Red Soil,High,131.08843434262036,12.703429678150217,-0.12620117994238952,6.296229946499154,1.6657734890876221
Sam Curran,2026-06-05,Wankhede Red Soil,Low,145.92479687608707,11.572532044332103,-0.3273270704820361,5.1205270379712715,1.1395780235856972
Sam Curran,2026-06-05,Chepauk Black Soil,Low,140.57906403655312,9.507575620426483,-1.2486265851175165,3.1329936125051816,0.8323691023661031
Sam Curran,2026-06-05,Chepauk Black Soil,High,137.03638430462186,10.827034836850455,-1.2733190482590886,4.283517001924236,1.2335942971749718
Sam Curran,2026-06-05,Eden Gardens Clay,High,137.24728291695976,8.832085852647339,-0.602894209393289,3.780490975077823,1.2384347224447154
Sam Curran,2026-06-05,Chepauk Black Soil,High,141.5383702694556,11.447053519750455,0.5766542712666641,4.780433429102322,1.211576317135401
Sam Curran,2026-06-05,Eden Gardens Clay,High,132.001680179722,12.119095269905431,-0.5340315583506472,4.320282051380575,1.3282429139408383
Sam Curran,2026-06-05,Chepauk Black Soil,High,124.4283719754768,9.39786284337468,-1.2918233574194142,6.659690117352572,1.2362297853903241
Sam Curran,2026-06-05,Wankhede Red Soil,High,133.22189347553658,9.36469714013784,0.5205509378267044,6.622240953445416,1.037157595344385
Sam Curran,2026-06-05,Wankhede Red Soil,High,137.42682229946885,12.088509745589725,-0.22094213513149086,7.766675035207999,1.165831538754217
Sam Curran,2026-06-05,Chepauk Black Soil,Low,148.4055032463439,12.629426077216664,0.4911103749238877,2.527191402505294,0.836416556037329
Sam Curran,2026-06-05,Wankhede Red Soil,Low,139.7110216824702,14.032225326310732,-0.4362115762687818,5.817278594374839,1.520831908293023
Sam Curran,2026-06-05,Wankhede Red Soil,Low,140.31585685751463,10.962186328941446,0.6807640453645409,6.981268599534772,1.0045276606209323
Sam Curran,2026-06-05,Eden Gardens Clay,Low,137.17166248602283,13.904524367730989,0.2829205972283817,4.177057479142316,0.8833508052163115
Sam Curran,2026-06-05,Eden Gardens Clay,High,128.30639308903716,14.927541015183342,-0.004017092062075234,6.680642958167597,1.2473891009268046
Sam Curran,2026-06-05,Eden Gardens Clay,High,137.90679079974916,12.940564219899455,-0.9818998902326601,2.3617435098090813,1.1377901035499702
Sam Curran,2026-06-05,Chepauk Black Soil,High,129.5395521494157,8.583780306477,-0.8050218277485249,2.997366557080605,0.95008378587221
Sam Curran,2026-06-05,Eden Gardens Clay,Low,146.7535465212593,12.737219222986788,-0.37066004876978464,1.6361413167615326,0.9000172623219591
Sam Curran,2026-06-05,Wankhede Red Soil,High,129.17027738113688,11.129419051204492,0.5168149926459282,4.332302769505457,1.02194539170498
Sam Curran,2026-06-05,Chepauk Black Soil,High,136.97304897136257,15.070341779384329,1.0026974698936515,9.325473507843618,1.1123645490078349
Liam Livingstone,2026-06-05,Eden Gardens Clay,Low,86.11328268223066,10.02679026365727,3.4627008177212106,4.53297641644334,0.8956199150039493
Liam Livingstone,2026-06-05,Chepauk Black Soil,Low,83.91335078171946,11.645489388023844,4.551273813108676,1.9902293830854572,0.7514518093357481
Liam Livingstone,2026-06-05,Chepauk Black Soil,High,80.72036341994666,14.76770126015935,-1.24779165189529,9.05278121710561,0.7542573606241436
Liam Livingstone,2026-06-05,Eden Gardens Clay,High,87.74396100198378,9.668417683133764,1.6564417795129396,6.913180637043486,0.4382700137674621
Liam Livingstone,2026-06-05,Chepauk Black Soil,High,88.11584994556067,12.280341451277046,0.739416380182493,5.6812995845096905,0.5920759816322778
Liam Livingstone,2026-06-05,Chepauk Black Soil,Low,86.99949218979586,13.558592972892773,3.9280498230455985,1.7519228937470774,0.7183156281023539
Liam Livingstone,2026-06-05,Eden Gardens Clay,Low,83.70906724200816,14.905684513645506,2.7486239645083295,5.8593795726208,0.6655504416663236
Liam Livingstone,2026-06-05,Eden Gardens Clay,Low,86.48119985214076,11.489721796968318,2.6034086319891223,6.028872648753676,0.6706701058514609
Liam Livingstone,2026-06-05,Wankhede Red Soil,Low,85.57620612143478,13.942709296199139,-2.483721832637254,3.722682960622695,0.783703430192524
Liam Livingstone,2026-06-05,Eden Gardens Clay,High,88.73574074127833,9.944144058315846,3.8172784285176613,8.328446894835544,0.6045598541022631
Liam Livingstone,2026-06-05,Eden Gardens Clay,High,83.85414691746732,12.828553988754136,-2.6178981595059385,6.53426516451222,0.6048726908960811
Liam Livingstone,2026-06-05,Chepauk Black Soil,High,91.13511532407438,14.972642460652121,2.262910742904888,7.890390102711243,0.6037910655078741
Liam Livingstone,2026-06-05,Wankhede Red Soil,High,82.10856736193288,8.983129643354342,-0.948251274417126,1.9475860549487587,0.7939238591230912
Liam Livingstone,2026-06-05,Eden Gardens Clay,High,83.09046091031323,15.69826540734292,3.4173506225478727,7.265254671972555,0.671852967480413
Liam Livingstone,2026-06-05,Eden Gardens Clay,Low,87.23628858721302,11.672652418568028,-2.7902238160397417,6.148435953162057,0.6376318500355447
Liam Livingstone,2026-06-05,Wankhede Red Soil,Low,92.43083058078433,15.139423486280265,1.5849091752632696,3.8535961288198166,0.6917204307954817
Liam Livingstone,2026-06-05,Chepauk Black Soil,High,91.99286639889318,10.866753190140386,-2.157601479934247,2.5402190924768973,0.7338480524917411
Liam Livingstone,2026-06-05,Eden Gardens Clay,Low,91.18441000597431,14.054998847137977,0.7891535957989975,2.095443193088352,0.4158485690247058
Liam Livingstone,2026-06-05,Wankhede Red Soil,Low,96.44527729934629,11.150946418058279,-0.9541505154856694,2.77177526092963,0.8962916671369515
Liam Livingstone,2026-06-05,Chepauk Black Soil,Low,81.92107649792074,10.14108874382795,1.1103320197924214,3.8102197508431987,0.3426328205443638
Liam Livingstone,2026-06-05,Chepauk Black Soil,High,93.24776666809522,15.858367898518374,-1.8213677614918524,6.488745071659129,0.7272626353052414
Liam Livingstone,2026-06-05,Chepauk Black Soil,High,90.64699680653587,12.381676152379775,4.680142167100989,3.0149736494186037,0.7450293821509658
Liam Livingstone,2026-06-05,Eden Gardens Clay,High,88.29081605104524,10.436378216812994,0.9741327756541054,3.946368160243352,0.777678752514747
Liam Livingstone,2026-06-05,Eden Gardens Clay,High,87.12782968041607,13.341698714897717,2.183998735375404,5.524689051441421,0.6695403452402724
Liam Livingstone,2026-06-05,Wankhede Red Soil,Low,98.19281373317304,15.701382641282525,-0.6331438316820339,5.533993375925425,0.5954595492559017
Liam Livingstone,2026-06-05,Chepauk Black Soil,Low,83.12447038588853,14.29309137098526,2.338928606874603,2.3809680821568544,0.5570962834587325
Liam Livingstone,2026-06-05,Eden Gardens Clay,High,89.1977553096922,9.084323592979864,-3.218386676239062,3.9726020287778208,0.4064675848172705
Liam Livingstone,2026-06-05,Chepauk Black Soil,High,89.1627291494026,11.9859339387423,-2.1673185820748784,2.2448922759649617,0.40033647114771254
Liam Livingstone,2026-06-05,Chepauk Black Soil,High,79.80092639573658,11.126453917675434,0.3515222016008641,8.142916610306361,0.45946657604084157
Liam Livingstone,2026-06-05,Wankhede Red Soil,Low,92.47630378177655,9.168726105344767,-2.050841880149183,2.4709971570638363,0.7641094838051137
Liam Livingstone,2026-06-05,Eden Gardens Clay,Low,81.02401338262308,11.846907670264805,0.49281457821681585,6.874666870782814,0.6777322300672346
Liam Livingstone,2026-06-05,Chepauk Black Soil,Low,80.99759305524991,15.525150606038787,4.793184757189655,2.466567859610564,0.4989909992211642
Sunil Narine,2026-06-05,Eden Gardens Clay,High,82.10127921196109,13.076252318669994,3.5010115245022524,3.949691505569877,0.740182461275291
Sunil Narine,2026-06-05,Eden Gardens Clay,High,81.9561895926523,11.368806216619962,-1.7442951710076287,7.723202481694511,0.8211663374571729
Sunil Narine,2026-06-05,Wankhede Red Soil,Low,86.86531303372882,13.082979955370888,1.7880391816298358,2.299548494905438,0.5031435860265184
Sunil Narine,2026-06-05,Wankhede Red Soil,Low,83.39704973392297,9.768953592318256,2.010161429070022,4.080182589717641,0.7715680879504286
Sunil Narine,2026-06-05,Wankhede Red Soil,High,80.25246921055076,13.12111155195279,-2.629714203448981,5.641833561535328,0.7369428071865883
Sunil Narine,2026-06-05,Eden Gardens Clay,High,75.3853578914784,12.91197452786366,-2.466927071614845,4.642119963425181,0.8712154811147164
Sunil Narine,2026-06-05,Chepauk Black Soil,Low,89.27572095628,9.434359260475134,-3.852428150770224,2.590483738254247,0.7270282579105664
Sunil Narine,2026-06-05,Eden Gardens Clay,Low,99.593747937718,15.979340975563701,-1.9608906078766513,4.539796407959686,0.8717343200954619
Sunil Narine,2026-06-05,Chepauk Black Soil,Low,85.34931327356718,8.471557546141739,0.5397750226066304,3.618361251204778,0.3965004266615938
Sunil Narine,2026-06-05,Eden Gardens Clay,Low,95.49630792235367,14.692916628521713,1.9359701162673293,3.818483262672233,0.5158974628689952
Sunil Narine,2026-06-05,Chepauk Black Soil,High,80.36582407334618,9.089884453646853,-3.7468771056487675,6.989876725495502,0.3843653960459789
Sunil Narine,2026-06-05,Eden Gardens Clay,High,82.25718137121176,15.896030535102,-1.144346422462319,7.060410309604342,0.6927695839084577
Sunil Narine,2026-06-05,Eden Gardens Clay,High,87.98985187403309,10.75732578726031,2.331419428236095,5.986522938537346,0.8318146617645082
Sunil Narine,2026-06-05,Chepauk Black Soil,Low,92.60720216970887,14.889702824143358,-0.37211266601074533,4.832482266992056,0.39001890794722893
Sunil Narine,2026-06-05,Wankhede Red Soil,High,87.92498272312561,13.520931769888506,-0.8643455659743339,6.216363268916484,0.9093496566403001
Sunil Narine,2026-06-05,Wankhede Red Soil,High,84.00676343373607,12.996644857037928,-1.048561405075425,7.825133511645742,1.037854863467145
Sunil Narine,2026-06-05,Wankhede Red Soil,High,85.25046506360323,13.625890127905596,1.0924871085804384,4.452762266535382,0.7752913402136108
Sunil Narine,2026-06-05,Eden Gardens Clay,Low,93.06945057102293,14.57445088999318,3.911926166616807,3.1678488587162494,0.5060673681439138
Sunil Narine,2026-06-05,Wankhede Red Soil,High,84.10877656153905,12.778032446111556,-0.009326747484966803,8.078737016633541,0.8416405314771053
Sunil Narine,2026-06-05,Wankhede Red Soil,Low,80.72235027642242,8.346637594000672,1.5089920586227217,3.420027614606129,0.5236639713921348
Sunil Narine,2026-06-05,Eden Gardens Clay,Low,91.84056135940884,15.299755271032964,1.8001785345907146,2.0519482771036204,0.545238841749538
Sunil Narine,2026-06-05,Eden Gardens Clay,Low,96.43259755456037,11.339341474852958,3.6173330021184,2.53170635313788,0.6553137723195449
Sunil Narine,2026-06-05,Wankhede Red Soil,Low,85.39234708468904,8.901762040784622,0.1872609721181931,1.991054120954788,1.0155449387185138
Sunil Narine,2026-06-05,Chepauk Black Soil,High,82.29924423639781,11.556188203547652,3.2403529878910824,6.403576800712703,0.660755566885251
Sunil Narine,2026-06-05,Wankhede Red Soil,High,82.2575639561571,12.674473452743477,-1.3980221830821393,7.3550475314009764,0.7969105965639828
Sunil Narine,2026-06-05,Eden Gardens Clay,Low,94.0930068663082,9.240291692441126,-2.9032077243917707,6.217815882610672,0.4156267173430349
Sunil Narine,2026-06-05,Eden Gardens Clay,Low,98.39843097331698,13.528488710827284,1.2535297308830176,3.2182284749563568,0.6588692919195298
Sunil Narine,2026-06-05,Chepauk Black Soil,High,78.34534202503612,9.489251172493303,1.2222458700475782,6.7813637019877016,0.47446465280873745
Sunil Narine,2026-06-05,Wankhede Red Soil,High,76.64654970412187,8.30115308220212,2.7079714972649143,7.64724691515748,0.8669743374930236
Sunil Narine,2026-06-05,Wankhede Red Soil,Low,87.24670642501495,8.70070074851954,2.6072776876252406,5.619789360793909,0.9713392125206941
Sunil Narine,2026-06-05,Eden Gardens Clay,High,76.92299022486682,9.682636332591148,-1.1051919455328862,3.8125871674826906,0.6605890100661231
Sunil Narine,2026-06-05,Eden Gardens Clay,High,79.14721135498957,10.563023249718132,-0.18927355748115016,4.3893027239914195,0.8820904822525724
Sunil Narine,2026-06-05,Chepauk Black Soil,High,91.74339714054466,9.518863836855939,0.19983365450867804,7.847031402916908,0.7334279674713168
Sunil Narine,2026-06-05,Chepauk Black Soil,Low,98.01353947554699,9.2232854125684,4.778047162455793,2.4081050558898394,0.49394895154007795
Sunil Narine,2026-06-05,Chepauk Black Soil,Low,94.59838382707663,9.553386984967261,-2.6207389157343206,2.7678646616152767,0.5775262792642113
Sunil Narine,2026-06-05,Chepauk Black Soil,Low,80.73153567430687,13.995468198370265,2.555157519112648,6.431559102293014,0.4874117131749075
Sunil Narine,2026-06-05,Eden Gardens Clay,Low,82.92112940562242,13.667588082432081,-0.005669819209000337,3.7758759494488534,0.49603370332592805
Sunil Narine,2026-06-05,Eden Gardens Clay,Low,82.69966123013447,12.045299407038458,-1.7966463535814077,6.997731638920026,0.5900055738867802
Sunil Narine,2026-06-05,Chepauk Black Soil,Low,88.65565238011806,14.02395735540731,-0.022339625651263795,2.843971684389654,0.3733888580159546
Sunil Narine,2026-06-05,Chepauk Black Soil,High,79.53618367178156,8.726889516334765,2.814039659940171,2.524684593704364,0.4560154851997736
Sunil Narine,2026-06-05,Eden Gardens Clay,Low,93.22720275370526,8.095471255302265,0.9670351227296736,2.982768002894107,0.6708565817674013
Sunil Narine,2026-06-05,Chepauk Black Soil,Low,96.87756160551265,14.415698175877562,1.9898496390167109,4.147553782010205,0.483099026247721
Sunil Narine,2026-06-05,Wankhede Red Soil,High,82.9312292300903,9.226171751264381,-2.260110557663812,6.727412817553892,0.8576708710174167
Sunil Narine,2026-06-05,Eden Gardens Clay,Low,90.93251605045472,12.1319260985096,1.0961667660596168,2.1185233511102277,0.8185933902206703
Sunil Narine,2026-06-05,Eden Gardens Clay,Low,81.76719114205835,13.06019918395057,-2.4361419873904673,2.382593982485063,0.7943183643174676
Sunil Narine,2026-06-05,Wankhede Red Soil,Low,99.89151464766474,8.227553600925582,-1.086693362897109,5.388400451192689,0.6663327348414236
Sunil Narine,2026-06-05,Chepauk Black Soil,High,88.03381232992496,13.537433529276615,-3.34088092171708,8.6251865880106,0.6665704205733244
Sunil Narine,2026-06-05,Chepauk Black Soil,High,88.89761574115002,10.337910084146884,-1.316627387105311,5.240584696257238,0.6992605068241449
Sunil Narine,2026-06-05,Chepauk Black Soil,Low,96.5016446574818,10.268524330785908,0.07188810521381166,2.689532971010196,0.4826687893884699
Sunil Narine,2026-06-05,Wankhede Red Soil,Low,87.38769561097938,9.527041709803216,-0.6336331331955443,5.382160864340424,1.0003161132539262
Sunil Narine,2026-06-05,Chepauk Black Soil,Low,94.82378881510404,13.795653208120111,2.5745930595065425,2.69339402978133,0.6485500482342555
Sunil Narine,2026-06-05,Eden Gardens Clay,Low,91.66081646270007,13.532287627414643,-2.9392522245374417,6.289635654956946,0.4005097263942065
Sunil Narine,2026-06-05,Wankhede Red Soil,High,89.57046524888041,10.47802367075149,-1.7269015828026568,3.1625925217575697,1.035626098021597
Sunil Narine,2026-06-05,Eden Gardens Clay,High,76.00488146095098,9.82101306103073,2.479942683695561,1.6647580786666338,0.6049996378542764
Sunil Narine,2026-06-05,Chepauk Black Soil,Low,81.08238636477705,10.194838415302558,-3.400937000508111,4.11482909799693,0.6532683076295126
Sunil Narine,2026-06-05,Chepauk Black Soil,High,82.42207542428304,12.070108635013302,4.140999783731472,3.751914667103096,0.45803341727037444
Sunil Narine,2026-06-05,Wankhede Red Soil,Low,90.92703632689431,12.89509519021907,2.229574222944213,1.9698928667132352,0.6581913456153874
Andre Russell,2026-06-05,Chepauk Black Soil,High,128.4971698607524,10.689254873750833,0.8466910646081254,6.646075222658301,1.1478873100126268
Andre Russell,2026-06-05,Wankhede Red Soil,Low,130.62458823240956,9.721847147015875,-0.24089234316721964,5.465647744383887,1.145945028535894
Andre Russell,2026-06-05,Wankhede Red Soil,Low,149.77443501997183,10.550050671585588,-0.552132937431994,4.360313475732622,1.329429535722539
Andre Russell,2026-06-05,Chepauk Black Soil,High,140.18974680829777,12.301409416297208,-0.7362888991233839,5.259990376517391,0.760342713358992
Andre Russell,2026-06-05,Chepauk Black Soil,High,134.6536868744397,11.844854583682661,1.0076262291090727,3.0686920939042817,1.1474064685003866
Andre Russell,2026-06-05,Chepauk Black Soil,Low,147.77034612759851,8.23072078338668,1.1238763910266256,3.038443116955371,0.7849628278621634
Andre Russell,2026-06-05,Chepauk Black Soil,Low,133.368910664299,14.639334976532048,0.3609800872525798,1.7062811094753823,1.102092993947343
Andre Russell,2026-06-05,Eden Gardens Clay,Low,146.09400106522298,8.331262765852536,-0.9389535194826055,1.505040126396036,1.3251115192875165
Andre Russell,2026-06-05,Chepauk Black Soil,Low,138.2877294627055,9.76836842262951,0.285540565352796,6.994816238248199,1.202286929236479
Andre Russell,2026-06-05,Wankhede Red Soil,Low,144.9764843833212,8.975977626166046,0.22298399789229625,5.155273470674361,1.1770751431468327
Andre Russell,2026-06-05,Wankhede Red Soil,High,133.09549140285625,12.173139774536434,0.7598971895068527,8.259575877060941,1.1695015222625849
Andre Russell,2026-06-05,Chepauk Black Soil,High,134.88280182447858,12.208449395585216,-0.08172019198502396,2.020397495396268,1.0398656645145836
Andre Russell,2026-06-05,Eden Gardens Clay,Low,136.56836039284647,8.434150111136034,-0.03441568476693457,3.4689822139754507,1.3489285840887086
Andre Russell,2026-06-05,Wankhede Red Soil,Low,130.0520427475575,15.516939472553371,0.15216523493974404,5.749936582434189,1.4050033350123239
Andre Russell,2026-06-05,Chepauk Black Soil,High,125.53179175356637,11.100334721377521,0.6074554863572358,4.853295112572668,0.8422633302078653
Andre Russell,2026-06-05,Wankhede Red Soil,Low,145.89133466548776,14.891196480097568,0.06325803613287562,4.425315414263082,1.301027908776313
Andre Russell,2026-06-05,Wankhede Red Soil,Low,149.7792005635785,14.352976103637225,0.43078202477623384,3.114092548965117,1.4092345962503299
Andre Russell,2026-06-05,Eden Gardens Clay,Low,145.59205362768841,13.19474017820541,0.970151374864441,4.206898629622643,1.1418164119745726
Andre Russell,2026-06-05,Wankhede Red Soil,Low,143.9074072275195,9.139392668091515,-0.3016450614113641,6.226155928949524,1.7457976015628922
Andre Russell,2026-06-05,Wankhede Red Soil,Low,142.2240526975814,12.819800767518768,0.4151260371134086,4.1754501459177344,1.5316754912159096
Andre Russell,2026-06-05,Wankhede Red Soil,Low,136.0264095510216,13.768467990299136,-0.4508914631439904,2.0112685194303097,1.4784183935405824
Andre Russell,2026-06-05,Eden Gardens Clay,Low,139.701246082753,13.554916878297142,0.01237394048219742,6.022694545471547,1.132798983771833
Andre Russell,2026-06-05,Wankhede Red Soil,High,128.70546341661162,12.249976251118483,-0.4443427917793102,6.250058282422777,1.169763601929381
Andre Russell,2026-06-05,Eden Gardens Clay,High,138.00090100077347,14.658670776241724,0.26590645518608014,6.688316941336465,1.2107315318057716
Andre Russell,2026-06-05,Eden Gardens Clay,High,134.8360007318148,14.364735058917127,-0.9801805039910583,4.4462803035287894,0.9184082085094705
Andre Russell,2026-06-05,Chepauk Black Soil,High,130.45282652370778,12.042955417015438,-0.9502224736921704,7.26724526271182,1.2658789283555978
Andre Russell,2026-06-05,Eden Gardens Clay,High,131.77632545550958,10.965679207117756,-0.6293171011812124,3.8755669505263644,1.4372003867307703
Andre Russell,2026-06-05,Wankhede Red Soil,Low,143.55762528236255,15.104211961806929,0.7421131858046233,1.6954903497377667,1.5537540871728877
Andre Russell,2026-06-05,Wankhede Red Soil,High,133.1973549270559,13.134224537694802,-0.04369188055930362,3.955449519117623,1.2645828061447082
Andre Russell,2026-06-05,Chepauk Black Soil,Low,132.85560912796544,9.024717672718646,0.5977830705972992,3.5534503376950295,1.1717611098576564
Andre Russell,2026-06-05,Wankhede Red Soil,High,137.68337865035082,13.365068420959055,0.6531637163175557,7.176311956720234,1.1282149617349226
Andre Russell,2026-06-05,Eden Gardens Clay,Low,146.61926168899583,13.502026679055398,-0.7750541192849572,1.9351277661472124,1.3569419993989256
Andre Russell,2026-06-05,Eden Gardens Clay,High,128.00018071315213,9.594404985574657,-0.7741293323460992,7.459689579939049,1.3538660650912293
Moeen Ali,2026-06-05,Wankhede Red Soil,High,94.34699772540837,12.583289501690224,-1.9908792935431494,5.526444670942607,0.645828290206696
Moeen Ali,2026-06-05,Chepauk Black Soil,High,86.85405510719886,14.0151262294289,-4.073625819107112,6.149494776694031,0.5745707354256657
Moeen Ali,2026-06-05,Wankhede Red Soil,High,79.49309210490628,11.040617389630597,-2.651397983714123,4.546644014970895,0.886055397447378
Moeen Ali,2026-06-05,Wankhede Red Soil,Low,90.10665746316761,10.847086031161403,0.7847629465669421,4.047601552841389,0.6733249567672321
Moeen Ali,2026-06-05,Eden Gardens Clay,Low,84.57277452191653,11.018354258752703,-3.925756720602938,4.5976720146518435,0.616741729956557
Moeen Ali,2026-06-05,Eden Gardens Clay,Low,95.5438681886025,9.23698240799401,-0.3451633638780933,6.4074145890825065,0.46970496702866305
Moeen Ali,2026-06-05,Eden Gardens Clay,High,87.32969806847163,14.43372670928327,-0.8946141225107507,4.350898159245759,0.7429448893210167
Moeen Ali,2026-06-05,Eden Gardens Clay,High,82.80733110671598,10.358333729715524,-2.6185640157642247,2.032013256420377,0.42986557549992843
Moeen Ali,2026-06-05,Wankhede Red Soil,High,76.84478449696607,14.144435212513665,1.7821614715877658,4.554364623312887,0.8735588829062653
Moeen Ali,2026-06-05,Wankhede Red Soil,Low,96.4110239633765,9.660797445279353,0.3958733386067714,1.9467056888001852,0.6047706968397585
Moeen Ali,2026-06-05,Chepauk Black Soil,High,79.75324554239806,11.664026167264606,-0.19364958920570557,6.112309604310434,0.4555980004078015
Moeen Ali,2026-06-05,Wankhede Red Soil,High,81.82954274880254,11.249828446804237,-0.08113883755569873,3.888628511133572,0.8767033120432911
Moeen Ali,2026-06-05,Wankhede Red Soil,Low,91.22130201981014,13.098783735569029,2.538032865625401,6.100117461021658,0.9577540081702687
Moeen Ali,2026-06-05,Chepauk Black Soil,Low,80.82605265247103,10.639687445653731,-4.59421019829375,6.4421481196849975,0.4798569618344966
Moeen Ali,2026-06-05,Chepauk Black Soil,High,79.9418561879469,13.143616157787605,-4.799953448140541,6.265920990958284,0.4329281956768948
Moeen Ali,2026-06-05,Chepauk Black Soil,High,79.62427718856125,8.364718851976413,-2.390433560418245,4.19090690711999,0.3475716060507631
Moeen Ali,2026-06-05,Wankhede Red Soil,Low,96.55027297824476,11.819298935675326,-0.7142793656644358,6.540268018969244,0.8752995844186297
Moeen Ali,2026-06-05,Eden Gardens Clay,Low,98.27582533698778,12.0793634712947,2.5238359412088176,4.624588162470224,0.49081161326301603
Moeen Ali,2026-06-05,Wankhede Red Soil,High,86.78881354774204,12.656693676392504,-0.48143266470667573,3.079079041133107,0.5959728351750638
Moeen Ali,2026-06-05,Chepauk Black Soil,Low,88.16339238098698,8.83037792351903,1.2146708891970024,2.814670431622038,0.46558115184419985
Moeen Ali,2026-06-05,Wankhede Red Soil,High,83.55063435706865,8.137553004779537,3.076586447467548,6.75657080228711,0.8151135929135003
Moeen Ali,2026-06-05,Eden Gardens Clay,Low,86.35193497104065,15.15827419202201,2.668198577132526,2.0966383658725314,0.8710136180235204
Moeen Ali,2026-06-05,Eden Gardens Clay,High,81.51842620229203,10.643172164989643,-0.5254872518638036,7.69312913036271,0.5553313585336253
Moeen Ali,2026-06-05,Chepauk Black Soil,Low,84.14133125971357,11.536798463136355,-5.0000554462033096,4.32995180513176,0.47059886473619356
Moeen Ali,2026-06-05,Wankhede Red Soil,High,93.78649686627186,15.806772076818623,1.7627870879666099,7.298382299092396,0.7325687668937662
Moeen Ali,2026-06-05,Wankhede Red Soil,High,86.2456551516017,15.373561870557932,2.7481679633719645,6.753892299961914,0.9230626449406292
Moeen Ali,2026-06-05,Wankhede Red Soil,High,76.65179765361582,9.564898432166054,2.4583637086508108,2.20749260943103,0.49262987317359025
Moeen Ali,2026-06-05,Chepauk Black Soil,Low,88.84353881064793,13.040697439784886,4.05082941733461,1.6044830857011187,0.487254845545553
Moeen Ali,2026-06-05,Chepauk Black Soil,Low,98.16669917771743,12.354941945714923,-1.9055066841909607,6.741959319843263,0.7010406522992217
Moeen Ali,2026-06-05,Chepauk Black Soil,High,92.87977437011209,8.91792190004295,-1.8937663231278388,2.352353881939892,0.39557253180565816
Moeen Ali,2026-06-05,Eden Gardens Clay,Low,83.873828289032,10.942820324929269,0.2960308204830593,5.812533909446118,0.8704923469624375
Moeen Ali,2026-06-05,Wankhede Red Soil,Low,90.91781873364042,10.602025993229532,1.4687911842076689,3.7418997480810208,1.0195535541608343
Moeen Ali,2026-06-05,Wankhede Red Soil,Low,90.10887321047528,12.730576336209523,1.6442629937174376,3.231291645660183,1.0681929814126523
Moeen Ali,2026-06-05,Eden Gardens Clay,Low,93.25732756033376,12.160775213653366,-3.8654475371363564,4.7675567885805785,0.5830949012168487
Moeen Ali,2026-06-05,Wankhede Red Soil,Low,81.7487109183307,15.01597088156769,-0.7145420571447332,3.621995521022929,0.7079137321647095
Moeen Ali,2026-06-05,Wankhede Red Soil,Low,97.39814198313026,12.780986106286031,-0.0022444409797074626,6.363184168667951,0.7809777408372723
Moeen Ali,2026-06-05,Chepauk Black Soil,High,83.1750340576831,12.19585110498807,0.005143725140171185,6.401805353232762,0.6524327991872324
Moeen Ali,2026-06-05,Wankhede Red Soil,Low,89.98444443497728,8.685658473530083,1.2686037272950104,4.2145798097166,0.93220691257183
Moeen Ali,2026-06-05,Wankhede Red Soil,Low,82.97035195290758,11.10276168109847,1.849868360916132,5.357682552609894,0.9093425356940231
Moeen Ali,2026-06-05,Wankhede Red Soil,Low,92.86937517614517,14.480660281201722,-1.6066383762739678,6.627221882043839,0.6653836410005769
Marcus Stoinis,2026-06-05,Wankhede Red Soil,High,125.24463299250407,8.743487149631704,0.6723981921833432,5.359999422660868,1.5680157076848096
Marcus Stoinis,2026-06-05,Chepauk Black Soil,High,136.9576155617913,15.177484467837829,0.9681793206903581,7.026971740523363,0.7027826862378908
Marcus Stoinis,2026-06-05,Eden Gardens Clay,High,136.87845405305023,8.982700724041093,-0.0053177850710126595,2.298005280995922,0.806656730904851
Marcus Stoinis,2026-06-05,Chepauk Black Soil,Low,139.444631356999,10.115251276860132,-0.3888400587063119,2.340953541641946,0.785224694393726
Marcus Stoinis,2026-06-05,Chepauk Black Soil,High,123.42442381224384,13.250194220429847,-0.8652900079960699,2.233051966963811,1.2205435580287571
Marcus Stoinis,2026-06-05,Wankhede Red Soil,High,128.18974762659963,13.01683350355595,-0.3048264488655793,3.3877627146906963,1.174892714984258
Marcus Stoinis,2026-06-05,Wankhede Red Soil,High,141.8761521609147,15.299119737910136,0.2537781464353886,5.711112383523313,1.5341743035692559
Marcus Stoinis,2026-06-05,Eden Gardens Clay,Low,145.10077521118714,12.283266446858427,0.16430704015233166,2.464371007296566,1.06462073693524
Marcus Stoinis,2026-06-05,Eden Gardens Clay,Low,140.28200268756393,8.516563594172979,-0.6051829497824903,4.296257498597365,1.0622902761443211
Marcus Stoinis,2026-06-05,Chepauk Black Soil,Low,138.99560321093654,14.30002802336316,0.9642213517377205,3.907530981926628,1.17777399475741
Marcus Stoinis,2026-06-05,Wankhede Red Soil,Low,138.10280342698482,14.385391707370577,-0.4770547596236956,2.5320503130872343,1.6094924802906239
Marcus Stoinis,2026-06-05,Wankhede Red Soil,High,125.35983620481016,15.443450829975287,-0.4176861583181767,5.7906540876997985,1.4507339389458969
Marcus Stoinis,2026-06-05,Chepauk Black Soil,Low,141.59498609237284,13.89815469746143,-0.15742430056564735,4.220490291713449,1.226486588812517
Marcus Stoinis,2026-06-05,Eden Gardens Clay,High,127.15139523208967,14.484002323063404,-0.564642722842279,6.687590072151052,1.1244876619223878
Marcus Stoinis,2026-06-05,Wankhede Red Soil,Low,144.2507100798622,9.871317148073828,-0.38113408432043117,3.062203502220104,1.76915804114881
Marcus Stoinis,2026-06-05,Wankhede Red Soil,High,137.11801089891196,12.993214506441781,-0.03569106238533415,5.891798109438479,1.0165211559709058
Marcus Stoinis,2026-06-05,Wankhede Red Soil,High,126.32505879603762,10.894264336477669,-0.31812579096910093,3.0945465886163888,1.1227392419695978
Marcus Stoinis,2026-06-05,Wankhede Red Soil,Low,133.29220692068054,8.01409296270296,0.17855857637764316,4.53063646309184,1.6128886982920214
Marcus Stoinis,2026-06-05,Chepauk Black Soil,Low,136.62820861095366,9.057723904187956,-0.7782064935352209,5.625057067945798,0.9003391418708884
Marcus Stoinis,2026-06-05,Wankhede Red Soil,High,134.88777389693993,9.260588560034144,0.7413352096662518,5.4595942220218925,1.4853444538180236
Marcus Stoinis,2026-06-05,Chepauk Black Soil,Low,141.2041741098718,11.840088494335536,1.007334855406252,3.640376705066069,0.9243554321391833
Marcus Stoinis,2026-06-05,Wankhede Red Soil,High,138.2934614699847,15.745477908993571,-0.36454121692149943,8.98558782157199,1.1058344241937597
Marcus Stoinis,2026-06-05,Wankhede Red Soil,Low,142.13464040903733,11.843661017022598,-0.4391740117437804,1.8696206718182165,1.5693283899517578
Marcus Stoinis,2026-06-05,Chepauk Black Soil,High,136.47979140326714,12.020445631027663,-0.92529337932372,2.5347504318767458,1.2441292078140582
Marcus Stoinis,2026-06-05,Chepauk Black Soil,High,139.70371549625116,10.921824879495922,-0.5807678005738416,4.446723592989483,1.0264002671231574
Marcus Stoinis,2026-06-05,Chepauk Black Soil,High,127.00030205155124,8.191887539985956,0.4175849712436027,8.125694077727566,1.0813348641933997
Marcus Stoinis,2026-06-05,Eden Gardens Clay,Low,134.46065539889548,14.571962444828056,0.13206784694779738,5.8168362674674405,1.2331160533064378
Marcus Stoinis,2026-06-05,Wankhede Red Soil,High,131.97655509158238,11.928440109655037,-0.44222599397307794,7.14508383168531,1.748802432570523
Marcus Stoinis,2026-06-05,Wankhede Red Soil,Low,131.07564983537307,11.582946884423144,0.010624748049682609,6.392438239614027,1.7778753946570631
Marcus Stoinis,2026-06-05,Chepauk Black Soil,High,121.80776809095131,8.922625655574022,0.30325658525752036,9.06894420170211,0.7850365428418661
Marcus Stoinis,2026-06-05,Eden Gardens Clay,Low,146.65106852864056,9.803907850390406,-0.400119095161535,5.546657710315143,1.3409618414094568
Marcus Stoinis,2026-06-05,Eden Gardens Clay,High,125.65392916082749,13.091504572683233,-0.41006398207193806,6.537743344668244,1.4650995068960642
Marcus Stoinis,2026-06-05,Wankhede Red Soil,Low,146.55615356667778,8.377440524421392,-0.3251243241907862,2.3820448408209836,1.4818482745407324
Marcus Stoinis,2026-06-05,Eden Gardens Clay,Low,137.29671777652908,13.80022814594293,-0.004877325882068906,5.72764140026001,1.0661354415469253
Marcus Stoinis,2026-06-05,Wankhede Red Soil,High,125.22271406373731,11.128949705872273,0.6709745575707435,2.4664747724445286,1.420414094530185
Marcus Stoinis,2026-06-05,Eden Gardens Clay,High,132.79364083129715,13.817341811738121,0.6302322957156297,2.3610538435613613,0.8275099173604515
Marcus Stoinis,2026-06-05,Chepauk Black Soil,Low,149.96643108633026,10.053726974523293,-0.6306323606720154,1.8576025920168968,0.9214869965260876
Marcus Stoinis,2026-06-05,Wankhede Red Soil,Low,144.1889333694474,9.352692021270528,-0.43390143515960755,3.594374533511334,1.0741740970677585
Marcus Stoinis,2026-06-05,Wankhede Red Soil,Low,140.17858363682672,15.888127243546744,-0.11093411790833496,1.8268772738838903,1.5992791047157897
Marcus Stoinis,2026-06-05,Eden Gardens Clay,Low,145.99589967410114,11.524910564386389,0.26115525961265984,3.687139945634907,0.9215425460543938
Marcus Stoinis,2026-06-05,Chepauk Black Soil,High,137.12775925195007,8.22693388529322,-0.640213427612756,7.343166540920279,1.0348947087383922
Marcus Stoinis,2026-06-05,Wankhede Red Soil,High,136.7877647890579,11.14349344752858,-0.40840375026422077,5.717141832128024,1.7658461275947233
Marcus Stoinis,2026-06-05,Wankhede Red Soil,High,122.13586805227254,10.165054259291344,-0.17261556231233613,9.039769040053141,1.5965280189493234
Marcus Stoinis,2026-06-05,Eden Gardens Clay,High,126.34398129444712,12.467994239069132,0.7601551137956741,4.780993744444786,1.209054420422439
Marcus Stoinis,2026-06-05,Eden Gardens Clay,Low,145.62202077718115,15.06737068397962,0.6972299318698385,5.355150436205385,1.4154268704503181
Marcus Stoinis,2026-06-05,Eden Gardens Clay,Low,139.01293580145366,11.785917723681958,-0.6217688026798944,6.489544657113594,1.226092615850467
Marcus Stoinis,2026-06-05,Wankhede Red Soil,High,122.31118897292426,8.517825233582808,-0.10827110277696034,3.323424934760677,1.070196562505917
Marcus Stoinis,2026-06-05,Chepauk Black Soil,Low,138.38626594945984,11.869674723842913,-0.1945369253766733,2.2123402314027842,1.1051134589773517
Nicholas Pooran,2026-06-05,Eden Gardens Clay,High,105.64843075476,9.692766322528426,-0.5859827345734347,7.0479948410996,0.950061648909361
Nicholas Pooran,2026-06-05,Wankhede Red Soil,High,114.66511305515445,12.458647397139625,-0.02762790258215908,5.396748766386406,0.9893901391948493
Nicholas Pooran,2026-06-05,Chepauk Black Soil,High,114.07121565900141,9.174648870626072,0.29917153595340656,2.1118665241713424,0.8387680194263016
Nicholas Pooran,2026-06-05,Chepauk Black Soil,High,101.73433044215867,15.445607561022962,-1.1022643658822755,6.400715328996467,0.8186453838674526
Nicholas Pooran,2026-06-05,Chepauk Black Soil,Low,102.35811707204569,13.957334049705745,-0.24967499362844636,4.952432630772455,0.7951460155341769
Nicholas Pooran,2026-06-05,Eden Gardens Clay,High,112.00607219908609,11.280303708809267,-0.21578138541878533,8.454498059103173,0.844067311984475
Nicholas Pooran,2026-06-05,Wankhede Red Soil,High,100.13294973931286,9.535683129323436,-0.6339576708506078,6.145319689762685,1.0835401735086698
Nicholas Pooran,2026-06-05,Wankhede Red Soil,High,104.00720064841602,10.151084683826753,-0.6413226292245805,7.401855584593778,0.8445880530470619
Nicholas Pooran,2026-06-05,Eden Gardens Clay,Low,118.67977414278852,9.977907743515784,-0.6532532838991996,4.27399007199684,0.6645700274719657
Nicholas Pooran,2026-06-05,Wankhede Red Soil,Low,105.26926176020157,13.217935156985888,0.553981907087096,1.5979769754380073,1.184372961997267
Nicholas Pooran,2026-06-05,Chepauk Black Soil,Low,112.92246346153095,8.399650402424182,-1.2647502710650955,4.429101824993289,0.6635947582361559
Nicholas Pooran,2026-06-05,Wankhede Red Soil,Low,107.86222430915262,14.868952006302134,0.032082578610500616,3.298514858208414,0.9083686914372215
Nicholas Pooran,2026-06-05,Chepauk Black Soil,High,97.0408834352897,10.179206177256864,0.5923279257281301,2.7031729183709317,0.7132040553483272
Nicholas Pooran,2026-06-05,Wankhede Red Soil,Low,116.60931363745064,12.877309767806148,-0.5753192488036231,6.116111800023912,0.7270857644314076
Nicholas Pooran,2026-06-05,Wankhede Red Soil,High,111.53918755714349,13.962334740416411,0.16146910024847846,5.684267664371633,0.9897479748890317
Nicholas Pooran,2026-06-05,Wankhede Red Soil,High,108.89467377378965,12.526651423733004,-0.4367374939735655,3.4313454997668718,1.138791946548107
Nicholas Pooran,2026-06-05,Eden Gardens Clay,Low,100.10161372242685,11.658810427916187,0.7007766401792273,4.07010984201686,0.6181981257487049
Nicholas Pooran,2026-06-05,Chepauk Black Soil,High,107.91252659354718,10.036142036543096,-0.7541020392803199,6.242429281734787,0.46194342257118914
Nicholas Pooran,2026-06-05,Eden Gardens Clay,High,106.13101892618506,14.516400432276459,0.7006079915143004,6.082794351402033,0.5177276874246869
Nicholas Pooran,2026-06-05,Chepauk Black Soil,Low,111.17771258707225,13.341967251679574,0.4840565430461806,3.4053218151498985,0.6116952289634902
Nicholas Pooran,2026-06-05,Chepauk Black Soil,Low,100.31790309928817,9.43872236925537,0.11807397505418611,1.926071253226815,0.7508315664176246
Nicholas Pooran,2026-06-05,Chepauk Black Soil,High,97.5518237267672,13.404910717431626,-0.9736097756499262,7.501443190244577,0.7260886566864256
Nicholas Pooran,2026-06-05,Chepauk Black Soil,Low,100.51511147085495,11.93876308257142,-1.0517624747252818,3.41634020084688,0.5546402229916486
Nicholas Pooran,2026-06-05,Wankhede Red Soil,High,104.89493688889443,13.109179816220344,0.6125990448443089,7.1354508466174815,0.7737601523830753
Nicholas Pooran,2026-06-05,Wankhede Red Soil,High,101.02159233417271,12.104135267644914,0.14693396820223123,3.318222855664185,0.6586465152512395
Nicholas Pooran,2026-06-05,Chepauk Black Soil,High,103.32962128776683,14.472705966811926,0.9209729792742994,4.411535996725965,0.5297306944374344
Nicholas Pooran,2026-06-05,Wankhede Red Soil,Low,100.00539540158135,12.359000183470235,0.5675078412825689,4.997359690998241,0.6662243448288784
Nicholas Pooran,2026-06-05,Wankhede Red Soil,High,106.19147251451636,9.854365757258345,-0.6700818455626607,2.1730685052448195,0.9073491656095132
Nicholas Pooran,2026-06-05,Wankhede Red Soil,Low,118.84224493953556,14.278773596723365,0.5186082232263362,5.081885565957516,0.993109078100961
Nicholas Pooran,2026-06-05,Wankhede Red Soil,Low,107.06345023184517,10.841242869147411,-0.7664890689433849,3.7961416884895502,1.02358583183237
Nicholas Pooran,2026-06-05,Wankhede Red Soil,Low,111.99861594537094,10.0010889344962,0.16700500011868852,6.755116253034978,0.8243560710396731
Nicholas Pooran,2026-06-05,Wankhede Red Soil,Low,105.59925825422518,13.731470455080592,0.3147736597955417,4.7581192933694325,0.9587327297965009
Nicholas Pooran,2026-06-05,Eden Gardens Clay,Low,116.28598743434102,8.97240325007511,0.08131271965223141,2.3520617739083503,0.9177565383400847
Quinton de Kock,2026-06-05,Chepauk Black Soil,High,102.57783739490368,9.118538591717641,0.14394979305679817,8.867607650941403,0.6811718856961342
Quinton de Kock,2026-06-05,Eden Gardens Clay,High,107.51439930938604,9.003185520719008,-0.5051934746567379,3.0669166248404602,0.5287680004396756
Quinton de Kock,2026-06-05,Eden Gardens Clay,High,108.2937631276618,11.482547665228491,0.5341099441626733,3.6619158217962817,0.9530123519019513
Quinton de Kock,2026-06-05,Eden Gardens Clay,Low,100.0316374948764,8.501483438959447,-0.4314599423864869,1.8126531180293042,0.8331289120766852
Quinton de Kock,2026-06-05,Wankhede Red Soil,High,99.30208738073803,14.654723926681235,-0.5321604939251342,6.29630375639799,0.6225143273265541
Quinton de Kock,2026-06-05,Chepauk Black Soil,Low,112.88672447500034,10.779970914915522,0.3780932063301762,6.534414491658213,0.5861717710565532
Quinton de Kock,2026-06-05,Wankhede Red Soil,High,111.86551685341554,11.471821978776713,0.43815430543417283,5.323729670342878,0.8472282755645196
Quinton de Kock,2026-06-05,Chepauk Black Soil,High,106.89215683658409,8.79263505011125,-0.43896761307941173,2.6771383890189524,0.8173675405921775
Quinton de Kock,2026-06-05,Eden Gardens Clay,Low,118.9188078632705,13.930625226952658,0.8296198057511133,4.097660638224991,0.7638336870164887
Quinton de Kock,2026-06-05,Chepauk Black Soil,Low,113.223604407374,11.452805141314489,1.0339840467726298,2.515404627362316,0.43635745047016106
Quinton de Kock,2026-06-05,Eden Gardens Clay,High,100.05677464042073,13.383427847807754,-0.4921718093852743,5.430173303817776,0.6370333565775914
Quinton de Kock,2026-06-05,Wankhede Red Soil,High,97.26218021168691,8.545050361741529,0.39201488515343,7.609949888157582,0.766488724307086
Quinton de Kock,2026-06-05,Eden Gardens Clay,Low,102.50595510338214,10.288212537839811,0.5544441823765671,6.463609617303278,0.7174000048207789
Quinton de Kock,2026-06-05,Chepauk Black Soil,High,108.18232834004965,15.255070168519309,0.20931548882832232,3.2776284575135177,0.43596717749264013
Quinton de Kock,2026-06-05,Chepauk Black Soil,Low,116.76514711538877,9.890251867099373,-1.2855989317057985,1.8785182329685521,0.6210008742654712
Quinton de Kock,2026-06-05,Eden Gardens Clay,Low,109.48764540836392,13.8272374834885,-0.9750041704368699,4.136101500712234,0.6576452645113696
Quinton de Kock,2026-06-05,Eden Gardens Clay,High,109.4306058936843,11.92403741489908,-0.23873944829568594,9.319480644521253,0.7319512562156221
Quinton de Kock,2026-06-05,Eden Gardens Clay,High,98.73071600179344,10.9765638170716,0.8997903310593593,3.1959518531259525,0.8458979652885078
Quinton de Kock,2026-06-05,Chepauk Black Soil,High,95.58764442437487,11.563204192189044,0.20683464704451798,5.388126124305037,0.504724209257834
Quinton de Kock,2026-06-05,Wankhede Red Soil,Low,117.1272402202761,12.908695728972429,-0.08149167996332861,1.6460184120299188,0.7655503231115511
Quinton de Kock,2026-06-05,Chepauk Black Soil,High,110.69925509090001,12.357869386580663,0.04070403312808873,7.52917285737645,0.7154717708171593
Quinton de Kock,2026-06-05,Chepauk Black Soil,Low,115.32070258979671,13.999701804381802,-0.39364440327871997,3.1241864628345533,0.7812877212934164
Quinton de Kock,2026-06-05,Eden Gardens Clay,High,105.98837058298146,14.084693591274021,0.86760371750051,6.088301105869616,0.7299222560429346
Quinton de Kock,2026-06-05,Wankhede Red Soil,Low,107.24564897099388,10.121106030833005,0.3104901243839111,6.1988262664305385,1.1708995384938683
Quinton de Kock,2026-06-05,Chepauk Black Soil,Low,114.35856676527884,11.30407308619966,0.770025230758817,2.2788168117825864,0.5503698291151704
Quinton de Kock,2026-06-05,Eden Gardens Clay,Low,106.80449551357853,15.56712207652729,-0.5658720422557495,3.287441386243991,0.651911620909186
Quinton de Kock,2026-06-05,Eden Gardens Clay,High,100.38103377192506,8.41178125465854,-0.4990411447787235,6.796604613532464,0.6015951318479862
Quinton de Kock,2026-06-05,Chepauk Black Soil,Low,118.98064290880323,15.9257755985961,-1.0042158098535197,1.6457291640493632,0.6719723373414953
Quinton de Kock,2026-06-05,Chepauk Black Soil,High,92.79741387258741,11.832393004513026,0.42547090385256053,8.251198455932645,0.7046900257537544
Quinton de Kock,2026-06-05,Eden Gardens Clay,Low,117.85884648272979,9.957116810478858,-0.3313584348097356,4.283939907185973,0.8651427678601757
Quinton de Kock,2026-06-05,Eden Gardens Clay,Low,119.29367973653214,15.516477453111495,0.531213269229893,3.9016199958285465,0.926724995322425
Quinton de Kock,2026-06-05,Wankhede Red Soil,Low,115.03881321628315,13.59698889751586,-0.713683391873233,1.5094076721072154,0.9367788453720894
Quinton de Kock,2026-06-05,Wankhede Red Soil,Low,107.27061567281493,10.621087758973879,0.21150617250439155,5.479522127552807,0.6658635369952567
Quinton de Kock,2026-06-05,Wankhede Red Soil,Low,110.2507227703594,14.29028420781707,-0.1466854965674381,3.823491264970836,0.7113937689553037
Quinton de Kock,2026-06-05,Chepauk Black Soil,Low,101.97888352014957,9.618000108822141,0.4973757952237241,1.553268080806344,0.6420531721601017
Quinton de Kock,2026-06-05,Eden Gardens Clay,Low,107.83895711570644,11.865673148475834,0.43660591722504494,4.6391341383985,0.8151366358202838
Quinton de Kock,2026-06-05,Wankhede Red Soil,High,109.69121943300081,10.646119169098005,-0.06512941903409893,8.331339531968368,0.7344537723394471
Quinton de Kock,2026-06-05,Chepauk Black Soil,High,108.49863798670238,8.029621105637704,-0.5636539581077192,2.850689333402851,0.49532566901517244
Quinton de Kock,2026-06-05,Wankhede Red Soil,High,109.75556895188657,8.251924150051362,0.6091515252384445,4.4065663768427745,1.0320911532520627
Quinton de Kock,2026-06-05,Chepauk Black Soil,High,97.58670415158957,9.915630078076664,-1.0582272121123542,3.13840155068683,0.5305836373369751
Quinton de Kock,2026-06-05,Eden Gardens Clay,High,103.13839269401619,12.488920102198083,-0.3851472371828657,3.265972364576963,0.5428300153215699
Quinton de Kock,2026-06-05,Wankhede Red Soil,High,107.16139640894072,14.374780387686297,-0.6723714564774674,2.705285575196226,0.603040998988052
Pat Cummins,2026-06-05,Eden Gardens Clay,High,139.45113503650308,15.016004971298756,-0.9982151370320473,5.699519956702048,0.9467699542938524
Pat Cummins,2026-06-05,Chepauk Black Soil,High,137.14868097332538,9.060012838796617,0.9601116197972713,7.33819448250588,0.9121061475458359
Pat Cummins,2026-06-05,Eden Gardens Clay,Low,134.2509100423597,8.509886267513018,0.3025708758138359,6.1835522910521945,1.4330059500422134
Pat Cummins,2026-06-05,Eden Gardens Clay,Low,142.58831971370356,12.032210642115938,-0.33173143147842077,2.566032410317752,1.044786343879023
Pat Cummins,2026-06-05,Chepauk Black Soil,High,127.37494720827424,14.151604616548923,-0.29394153745452684,6.925246855860162,1.1966264701770954
Pat Cummins,2026-06-05,Chepauk Black Soil,Low,142.62605137033765,12.578336506835763,-0.9314320791356305,4.313507684507683,1.1174476546396839
Pat Cummins,2026-06-05,Chepauk Black Soil,High,122.69240732760429,13.506793956175066,-1.2868815124262836,4.27567336356044,0.9557460551289226
Pat Cummins,2026-06-05,Eden Gardens Clay,Low,145.35145797653328,9.969034390747861,0.9394412736265354,3.5277293100372633,0.8637404994355459
Pat Cummins,2026-06-05,Wankhede Red Soil,Low,142.04327145352764,15.932708124047856,0.11488813345050382,5.330557889055844,1.1181251337475657
Pat Cummins,2026-06-05,Eden Gardens Clay,High,137.11703543008827,10.407557369196546,0.07488450210765585,2.570929172598778,1.4274279345329606
Pat Cummins,2026-06-05,Wankhede Red Soil,High,126.57103811942773,15.51893592852013,-0.29489125700771623,2.9097216891294697,1.2358052219944506
Pat Cummins,2026-06-05,Eden Gardens Clay,Low,138.60073268269178,13.769371406437635,0.904612983992173,3.0996348417467408,1.4248090400647726
Pat Cummins,2026-06-05,Eden Gardens Clay,High,133.74510868748,8.905471225716601,0.20636283798514743,6.891885575470912,1.1391933488182362
Pat Cummins,2026-06-05,Wankhede Red Soil,Low,133.56614804393502,11.174866204340436,0.5358340400888556,6.6886083494058886,1.2969014116091113
Pat Cummins,2026-06-05,Eden Gardens Clay,High,134.16212786272084,11.123897082424701,0.394736108862735,4.828547107077079,1.2056226862452337
Pat Cummins,2026-06-05,Eden Gardens Clay,Low,146.3835228187001,8.54630881665499,0.6262613620567714,4.415985476575955,0.8107229635133816
Pat Cummins,2026-06-05,Wankhede Red Soil,Low,135.1424311298215,14.879698153457273,-0.10060710100048596,2.5067669176530663,1.0567092871152624
Pat Cummins,2026-06-05,Wankhede Red Soil,High,136.74181361558374,13.37675481328353,-0.7366378518141018,2.326154314431978,1.1781526091355232
Pat Cummins,2026-06-05,Chepauk Black Soil,Low,147.22261334289888,9.735507636545242,0.9827565716637122,4.118915408534617,1.1588591575440281
Pat Cummins,2026-06-05,Eden Gardens Clay,High,138.15632789186657,8.409903238172397,-0.8920855160851522,7.120097860266088,1.2455803416679263
Pat Cummins,2026-06-05,Chepauk Black Soil,Low,130.59861645870842,8.763176986653907,0.8146110896871595,3.337755914153771,0.8470537696488439
Pat Cummins,2026-06-05,Eden Gardens Clay,High,133.70983315196523,15.534865867675421,-0.47841492766640004,2.8964991276395566,1.177678053084443
Pat Cummins,2026-06-05,Eden Gardens Clay,Low,148.09230576360525,11.363502981877561,-0.38833134159877636,4.1746916781932795,0.9898615023405816
Pat Cummins,2026-06-05,Wankhede Red Soil,High,138.45509844279087,10.131200578112013,0.24144047365230892,5.516717323110897,1.3237996408503565
Pat Cummins,2026-06-05,Chepauk Black Soil,High,126.35604196439982,10.251104010314329,-0.18281883219257192,3.7976246855969236,0.7261783263281167
Pat Cummins,2026-06-05,Chepauk Black Soil,High,143.7216842005969,14.434714587454613,0.29110395758175517,3.8534341996470847,1.0015619990110414
Pat Cummins,2026-06-05,Chepauk Black Soil,High,132.31224799741847,13.829167061354411,-0.4533568048330892,7.202211579328851,0.7719661909472607
Pat Cummins,2026-06-05,Wankhede Red Soil,High,132.77037429336457,15.769617227212636,0.05852165294490988,4.035455925560735,1.1640658660316465
Pat Cummins,2026-06-05,Chepauk Black Soil,Low,135.80046664179585,13.536978989763584,-0.9892402785373046,4.428888135929274,0.6836489728745261
Pat Cummins,2026-06-05,Wankhede Red Soil,Low,134.10528035465387,15.283172492209726,-0.6481080463928928,5.080950159751185,1.0830373666606226
Pat Cummins,2026-06-05,Wankhede Red Soil,Low,149.73747817686967,8.85742712602839,-0.06347388963418599,4.62021233814843,1.516627162880232
Pat Cummins,2026-06-05,Wankhede Red Soil,High,126.32202294479308,13.838465881751858,-0.21625473734418943,3.54937712624191,1.5674807072888197
Pat Cummins,2026-06-05,Wankhede Red Soil,Low,135.21571906771422,11.770578950384493,-0.19980334235066533,5.452781846545001,1.6241933887180529
Pat Cummins,2026-06-05,Chepauk Black Soil,High,136.5885517605911,11.762752486583997,0.08184981211768341,3.839779603561373,1.2578455724988469
Pat Cummins,2026-06-05,Eden Gardens Clay,Low,142.33869978007522,10.87401380353777,-0.6416728086895169,1.7898096787514952,1.3221117228236432
Pat Cummins,2026-06-05,Eden Gardens Clay,Low,131.7864946481552,10.452724043340567,-0.036837217722784255,5.266761860930918,1.173385641720428
Pat Cummins,2026-06-05,Wankhede Red Soil,Low,142.94029543411347,13.774934666001204,0.6632312794792731,4.09411519390661,1.169749539395875
Pat Cummins,2026-06-05,Wankhede Red Soil,Low,144.47374776967627,14.002719657049989,-0.30018623714615633,5.715494747539289,1.393285717048456
Pat Cummins,2026-06-05,Chepauk Black Soil,Low,140.37424073268497,10.75155113456365,0.000898917714271974,4.490483253348216,1.1689054217543013
Pat Cummins,2026-06-05,Chepauk Black Soil,High,139.35014392900254,15.578274286363964,0.6052698664976118,5.662693632152512,0.8336080344165732
Pat Cummins,2026-06-05,Chepauk Black Soil,Low,147.6907826935897,9.286473681544278,-1.2310072930399352,4.751227656437161,0.9196458332659189
Pat Cummins,2026-06-05,Chepauk Black Soil,High,131.0063512459552,13.202555936068205,0.8281585977237098,8.780015316888488,0.9015163692756933
Pat Cummins,2026-06-05,Chepauk Black Soil,High,126.01538970736573,12.856213011571565,0.6022065126853906,3.8018655439740217,0.8061964063649157
Pat Cummins,2026-06-05,Eden Gardens Clay,High,130.8629562493631,14.794107302572959,-0.7061174800538657,6.867373350505706,1.1246453487415415
Pat Cummins,2026-06-05,Wankhede Red Soil,High,141.45078653438566,10.721204552538852,-0.3499363598642326,2.159185505273715,1.1572185424676105
Pat Cummins,2026-06-05,Wankhede Red Soil,High,133.42582393427006,10.213089071687472,0.18687034821810702,7.185125169171645,1.6831105321525286
Pat Cummins,2026-06-05,Eden Gardens Clay,Low,131.40656698015138,10.850153410524975,0.3978666098413015,2.5695159418752036,1.1866643289417587
Mitchell Starc,2026-06-05,Eden Gardens Clay,Low,136.17659873161477,11.684098513581752,0.001026775668543145,2.2987857454997886,1.4473381411991628
Mitchell Starc,2026-06-05,Chepauk Black Soil,High,132.00419193332465,8.266114466064563,-1.1010968138701072,4.324710498773983,0.7897406459645055
Mitchell Starc,2026-06-05,Eden Gardens Clay,High,133.18249646561614,9.024863303439144,-0.22874590123185068,6.629712900453268,1.0435702420681183
Mitchell Starc,2026-06-05,Wankhede Red Soil,Low,138.60976103674514,13.141529497616109,0.4691445637290199,2.8640305959352137,1.5493316859411692
Mitchell Starc,2026-06-05,Eden Gardens Clay,Low,130.13399976617148,15.890904690164765,0.7525213714816501,3.625564829999675,1.2284346751032187
Mitchell Starc,2026-06-05,Eden Gardens Clay,High,126.94728103829017,9.357023967915833,0.6982527451210994,2.1820975515765184,1.4596084939950846
Mitchell Starc,2026-06-05,Chepauk Black Soil,Low,139.4664045389793,8.42304596134804,-1.2597346913251415,3.5102842436219195,1.0132579733261666
Mitchell Starc,2026-06-05,Chepauk Black Soil,High,122.87027405551262,13.080358110847014,0.5098157472538042,8.801015353265571,0.9958785619147366
Mitchell Starc,2026-06-05,Eden Gardens Clay,Low,135.01985474910407,9.014728302844736,-0.8813499238423146,1.5640933915774788,1.2142711471210672
Mitchell Starc,2026-06-05,Chepauk Black Soil,High,130.40874657305486,9.03264245335324,1.1673403389988293,6.030328012711113,1.0754603945986605
Mitchell Starc,2026-06-05,Eden Gardens Clay,Low,130.06065484321016,8.141848135607127,0.028139444280687487,6.369339951523217,1.0666228882175717
Mitchell Starc,2026-06-05,Chepauk Black Soil,Low,138.43605252284632,11.285163330973482,-0.051113989295147565,5.500567472623788,0.8903037905967193
Mitchell Starc,2026-06-05,Eden Gardens Clay,High,123.02935743798226,14.151922048456935,0.854519172974759,9.297690977257139,1.092222730709996
Mitchell Starc,2026-06-05,Eden Gardens Clay,Low,140.16444846065292,9.348170980142601,0.6709158110722282,3.425257071505223,1.1665250112982881
Mitchell Starc,2026-06-05,Eden Gardens Clay,Low,146.24662074069144,15.53048587351711,0.6642842513146936,4.27075654868977,1.187779400726665
Mitchell Starc,2026-06-05,Wankhede Red Soil,High,135.40889907812695,9.30554218236005,-0.47321757482096755,7.424173229493437,1.018718150877141
Mitchell Starc,2026-06-05,Chepauk Black Soil,High,136.3434029237155,12.344575987660855,-0.6645300363974249,7.78646957142357,1.059690428000133
Mitchell Starc,2026-06-05,Chepauk Black Soil,Low,141.79448274192657,13.637728094744586,1.070317847916365,3.0978649445231445,1.0098854775835897
Mitchell Starc,2026-06-05,Wankhede Red Soil,Low,145.23896161197283,15.263322481121033,-0.10563444673188177,1.682186592290682,0.9842143664915973
Mitchell Starc,2026-06-05,Eden Gardens Clay,High,137.16277467917303,15.966804428895259,0.6944675308759887,7.597993382429718,0.9538883956256522
Mitchell Starc,2026-06-05,Chepauk Black Soil,Low,140.67346777123106,15.29818161129016,0.9286089678287401,3.8392049172375304,0.9579991324681519
Mitchell Starc,2026-06-05,Eden Gardens Clay,High,124.93271836016994,15.793419367698263,-0.5698129875103226,2.1179506423701717,1.475402355115835
Mitchell Starc,2026-06-05,Wankhede Red Soil,Low,148.78284998328243,8.155286139202083,-0.4270958527237751,3.555519093829364,1.0958072730478163
Mitchell Starc,2026-06-05,Wankhede Red Soil,Low,141.8418137019054,9.190326305143287,0.4330242575239,3.9708433141974235,1.7973218454501678
Mitchell Starc,2026-06-05,Chepauk Black Soil,Low,136.82072096190032,15.389092698107929,0.004267695375844771,2.475313610700329,0.7268704866185727
Mitchell Starc,2026-06-05,Wankhede Red Soil,Low,141.89156589157992,14.595602371077936,-0.3909841956725636,1.8501446892060784,1.7836382626605543
Mitchell Starc,2026-06-05,Wankhede Red Soil,High,136.8681493199753,10.897158130001543,-0.45664478055343843,2.1796849669803757,1.5455654763707878
Mitchell Starc,2026-06-05,Eden Gardens Clay,Low,135.99269779930185,8.114879408462079,-0.42515072845940294,4.845788129986972,1.4033675912842396
Mitchell Starc,2026-06-05,Chepauk Black Soil,Low,135.54090783076214,12.806167588142394,0.21160498996265883,5.79096262957696,0.9495724889835273
Mitchell Starc,2026-06-05,Wankhede Red Soil,Low,147.9936640364238,9.251630178224474,0.06162225562182755,5.7538836842322425,1.4322186078424235
Mitchell Starc,2026-06-05,Wankhede Red Soil,High,129.79407269914535,10.936915487046434,0.24471726260638624,2.4008258698041693,1.3818697221982041
Mitchell Starc,2026-06-05,Chepauk Black Soil,Low,146.55303378876343,14.827555225888457,0.5045392593191542,4.513700194212008,0.9867858729802881
Mitchell Starc,2026-06-05,Wankhede Red Soil,Low,144.94496787443825,8.29604803468149,0.061983279655041204,2.1552712137431893,1.2381541284608848
Mitchell Starc,2026-06-05,Eden Gardens Clay,Low,141.70886278915185,9.359425279344284,-0.5154577232552779,2.052764277044335,0.8021679980704632
Mitchell Starc,2026-06-05,Wankhede Red Soil,Low,141.58257100433434,13.635796571273916,0.7046967184196102,3.9896358711719877,1.3984351220306113
Mitchell Starc,2026-06-05,Wankhede Red Soil,Low,146.6882724217593,9.270589710323254,-0.3544027934446643,6.935610917798027,1.2259836208595216
Mitchell Starc,2026-06-05,Eden Gardens Clay,Low,144.02904598103524,11.895038269948687,0.8183702210258312,3.9957566577317625,1.0764145457974172
Mitchell Starc,2026-06-05,Chepauk Black Soil,High,132.7017446354816,11.688397798268383,0.5997309630183364,7.163566325303035,0.7418836747108462
Mitchell Starc,2026-06-05,Wankhede Red Soil,High,134.70768062640582,8.177382884787798,-0.532163130857671,5.410979170049746,1.5395348110043818
Mitchell Starc,2026-06-05,Chepauk Black Soil,High,133.87964966931233,9.751862428528986,-1.0625934526707015,3.559929126210181,0.939642648245077
Mitchell Starc,2026-06-05,Wankhede Red Soil,Low,140.41109440102068,10.878191749520532,0.7790788775469064,4.876826226660959,1.2469574169098163
Mitchell Starc,2026-06-05,Chepauk Black Soil,High,127.48134076876728,9.96039774954884,-0.7334815885189426,5.374664629242701,0.9715835602316054
Mitchell Starc,2026-06-05,Wankhede Red Soil,Low,140.9101509113706,9.670416237156612,-0.3383748724341642,6.427151771540577,1.7775312631151032
Mitchell Starc,2026-06-05,Wankhede Red Soil,Low,145.81995767958603,15.43786902243645,0.6418250864165578,3.8499566187456873,1.7663419705721488
Mitchell Starc,2026-06-05,Chepauk Black Soil,Low,146.22259435702563,15.586603655856482,-0.4853054407915583,4.923729937559042,1.077948607417223
Mitchell Starc,2026-06-05,Eden Gardens Clay,High,131.18394613120074,8.595228474568309,-0.3386511338629212,6.388208208588805,1.3212936108918287
Mitchell Starc,2026-06-05,Chepauk Black Soil,High,134.8629030049667,15.938411433266207,-1.2505540678644878,3.818061768862943,0.8428605403519946
Mitchell Starc,2026-06-05,Chepauk Black Soil,Low,138.841159946851,9.432482730516208,1.2756502988958496,6.06396383461686,1.0444312985239197
Mitchell Starc,2026-06-05,Eden Gardens Clay,High,142.9781390923026,11.918585583797661,0.3685008939361121,7.597829789756739,1.0471278071960883
Mitchell Starc,2026-06-05,Chepauk Black Soil,High,134.0369837408513,12.336973761875248,1.0592803135855942,3.7488356338980036,0.7592972152847024
Mitchell Starc,2026-06-05,Wankhede Red Soil,Low,145.76639497361742,12.654683464369766,0.2529514456034564,5.076643292183775,0.9985766225005368
Jofra Archer,2026-06-05,Wankhede Red Soil,Low,149.4349030916884,10.759732846271127,0.227383714147679,3.3481606835524467,1.7115083923378667
Jofra Archer,2026-06-05,Chepauk Black Soil,Low,135.0540497434459,10.25307603214841,0.8529528421934062,3.4395524166116243,0.7549516614297594
Jofra Archer,2026-06-05,Eden Gardens Clay,Low,144.5965596082585,15.543064579333015,0.8688580322049437,3.5674616716052836,1.0786009930999279
Jofra Archer,2026-06-05,Wankhede Red Soil,Low,143.04629396987468,10.267122775191972,0.6383802918806151,5.159908702661615,1.6394148419801695
Jofra Archer,2026-06-05,Chepauk Black Soil,Low,146.2123120912639,8.790941506156326,0.36897511345338646,4.371490442327996,1.0730587102212783
Jofra Archer,2026-06-05,Wankhede Red Soil,Low,145.9011947741499,12.02150300951052,0.680363200745242,4.754946022364001,1.716755618208269
Jofra Archer,2026-06-05,Eden Gardens Clay,High,134.20146916248817,14.269322102071401,-0.2842305012109494,7.26028640923227,1.0262732239034
Jofra Archer,2026-06-05,Chepauk Black Soil,Low,149.68489807399283,13.197830445299335,0.7077114349974438,3.054744079263577,0.9668582057654591
Jofra Archer,2026-06-05,Eden Gardens Clay,Low,131.49798004739003,12.833994610374802,0.7366016780090661,2.4617361697579287,1.1771944655261088
Jofra Archer,2026-06-05,Eden Gardens Clay,High,132.2087191337798,12.446529738015201,0.3057339640877188,2.6146188967259807,1.0530826940980176
Jofra Archer,2026-06-05,Wankhede Red Soil,Low,148.89390723796208,15.39084683234287,0.46522105177925344,6.10152831685819,1.2609357336554898
Jofra Archer,2026-06-05,Chepauk Black Soil,High,137.19335633535357,13.359866661620224,-0.003980829179315104,7.027823035456664,1.0722726265678089
Jofra Archer,2026-06-05,Eden Gardens Clay,Low,143.0637057141321,13.161820429240688,0.7962882025624098,6.76426996680934,0.9279186771135942
Jofra Archer,2026-06-05,Chepauk Black Soil,High,133.5385465106658,10.01873615263331,1.2774534362485725,5.537820872263785,0.7423146013274255
Jofra Archer,2026-06-05,Eden Gardens Clay,Low,130.669351097754,14.027762634473758,0.9809979161723943,5.3070148296747615,1.343407187818733
Jofra Archer,2026-06-05,Eden Gardens Clay,Low,133.07946213834154,13.192410345806287,-0.8611439732004138,4.393962615486323,1.1010553004064128
Jofra Archer,2026-06-05,Eden Gardens Clay,High,125.90315315342075,13.163859262965389,-0.18027606628434212,2.4934108710207536,1.1515819632592594
Jofra Archer,2026-06-05,Wankhede Red Soil,High,125.25362819601726,10.750261130906235,0.5376501988994006,2.2499137981789388,1.1568265781944893
Jofra Archer,2026-06-05,Eden Gardens Clay,High,131.6552061370121,13.055904928044717,0.5591703546767883,3.3580641998991014,1.4237157323765437
Jofra Archer,2026-06-05,Wankhede Red Soil,Low,131.58753809663526,8.684209761773117,-0.2974346455521708,3.812070526685537,1.214726827005175
Jofra Archer,2026-06-05,Chepauk Black Soil,Low,147.50525433685286,9.472502189884047,-1.0329349868857216,3.538453675901308,1.1576695002999153
Jofra Archer,2026-06-05,Eden Gardens Clay,High,135.32015000052593,15.916724557640297,0.1483732420196271,6.325346508505032,0.9339300869112998
Jofra Archer,2026-06-05,Eden Gardens Clay,High,144.68124728664682,14.42131453944627,0.616201014483527,7.93007473701358,1.3034033343794402
Jofra Archer,2026-06-05,Wankhede Red Soil,High,139.75873855074406,9.88757405758346,-0.0017744208372169725,7.160172213755104,1.648532529670615
Jofra Archer,2026-06-05,Wankhede Red Soil,Low,136.07744703463766,11.583771170524312,0.29572281278805906,6.375294506423164,1.61241617907221
Jofra Archer,2026-06-05,Eden Gardens Clay,High,138.78458372060956,12.056643403132819,-0.17680352110479625,3.7220826735566623,1.1327953430672244
Jofra Archer,2026-06-05,Wankhede Red Soil,High,133.49793669476776,8.663933301279947,-0.04004050360692997,8.093271264446257,1.2472310308555714
Jofra Archer,2026-06-05,Eden Gardens Clay,High,124.3801684409471,11.797435701845824,0.6956938453506258,1.8383883316265386,1.3628002229170755
Jofra Archer,2026-06-05,Wankhede Red Soil,Low,149.7590415593921,8.009304678942645,0.7637507815148639,2.716536895166345,1.1834028690442662
Jofra Archer,2026-06-05,Chepauk Black Soil,High,134.23941522120833,14.01868260611179,-0.678053372724222,4.895742183048893,1.2323964465419333
Jofra Archer,2026-06-05,Chepauk Black Soil,Low,130.16768142786324,14.388662335621813,0.8311101908699627,6.225851947406019,0.8728670046740097
Jofra Archer,2026-06-05,Wankhede Red Soil,Low,143.87133170689933,11.519815164963713,-0.17729626830628026,3.215282612236595,1.2383686643801848
Jofra Archer,2026-06-05,Wankhede Red Soil,High,135.71441399799613,8.011383201264406,0.48129555423327575,1.9421342628947065,1.181385580844365
Jofra Archer,2026-06-05,Chepauk Black Soil,Low,142.0857205540906,13.799589135615522,0.051678989680789635,6.129566192596099,1.2633223829727989
Devon Conway,2026-06-05,Eden Gardens Clay,Low,107.98729183387412,15.576244265331564,0.03580576743837138,4.276385427322456,0.8814663328613332
Devon Conway,2026-06-05,Wankhede Red Soil,High,107.43652548859042,9.466733406637054,-0.6417973428666466,9.275193248898914,0.7514256402391498
Devon Conway,2026-06-05,Wankhede Red Soil,Low,116.6762940348785,9.865339323957242,0.5155900179528203,2.9374031430569874,0.8426295327507657
Devon Conway,2026-06-05,Chepauk Black Soil,High,98.37301876515912,11.96654633407664,1.1919527826971186,4.655253283105536,0.8357110493660705
Devon Conway,2026-06-05,Chepauk Black Soil,Low,113.77887955541439,8.114138259892213,-0.16101496151950795,5.52945223246094,0.6436888069284368
Devon Conway,2026-06-05,Eden Gardens Clay,High,108.85672837382204,15.761231240494354,0.6233345602855243,3.8700862671481895,0.8134631424498908
Devon Conway,2026-06-05,Wankhede Red Soil,Low,101.69703245196413,9.674397701750575,-0.6236951430264686,2.0243920165060736,0.9351961093847709
Devon Conway,2026-06-05,Chepauk Black Soil,High,98.5096468183772,15.060247621075437,0.42892764672840106,2.6536172939518745,0.691093612061694
Devon Conway,2026-06-05,Wankhede Red Soil,Low,111.85711207253163,12.927398575341225,0.7238124033038829,6.915988469235655,1.0103874399668644
Devon Conway,2026-06-05,Wankhede Red Soil,High,98.82790985950776,10.14771800941616,-0.3958761762422851,4.142853758194952,0.6352792253286711
Devon Conway,2026-06-05,Wankhede Red Soil,High,106.44502367707736,11.508575140036836,0.45927120560940404,6.00248545603125,1.0597908034218164
Devon Conway,2026-06-05,Eden Gardens Clay,High,97.11621733321691,11.09554629679749,-0.08042428594283124,3.1096550456845033,0.6608131805975876
Devon Conway,2026-06-05,Chepauk Black Soil,Low,115.53007227935743,10.809771496164986,-0.2509948704804638,2.2329827930713506,0.5991469376799928
Devon Conway,2026-06-05,Eden Gardens Clay,Low,101.4424787274316,15.352638835934378,0.9354407407260996,5.521698801444703,0.922179268325018
Devon Conway,2026-06-05,Wankhede Red Soil,High,113.59886804321881,11.732055302650682,0.6765935071278423,5.838947295344325,0.9677702845120022
Devon Conway,2026-06-05,Eden Gardens Clay,High,104.56765111842451,10.37730423611892,0.12162961286534402,1.930195399855597,0.8603111116328603
Devon Conway,2026-06-05,Wankhede Red Soil,Low,112.95764749268649,12.00720510275508,0.4436666374984638,3.3117952614680144,1.0378465907201335
Devon Conway,2026-06-05,Wankhede Red Soil,High,107.07936089165865,14.663938636278175,0.2084195543410907,2.168542746604965,0.8337538650519501
Devon Conway,2026-06-05,Wankhede Red Soil,Low,110.38084056325911,14.064692626159879,-0.21183478020602406,2.5318382721329593,0.9386848196801262
Devon Conway,2026-06-05,Chepauk Black Soil,Low,115.77697991774276,13.604457954344628,-0.42592233300566124,3.401571378229087,0.6279871450558292
Devon Conway,2026-06-05,Chepauk Black Soil,Low,114.0553457196318,9.180499580103266,-0.42789254764104107,1.7036677362212096,0.6829911213873647
Devon Conway,2026-06-05,Eden Gardens Clay,Low,102.65706875863174,14.591416354796603,0.8342933214295756,5.43849167800102,0.6825805091179319
Devon Conway,2026-06-05,Chepauk Black Soil,Low,113.9313109926183,13.08936067104003,-1.1092837670226205,4.409803999573783,0.6203943065765184
Devon Conway,2026-06-05,Wankhede Red Soil,Low,116.78679029441399,13.98794984000975,-0.5781794927783904,5.240945203548788,0.7586049786601669
Devon Conway,2026-06-05,Wankhede Red Soil,Low,101.61342042749696,12.546987157647353,0.41167237276895324,1.5946210792852598,1.0126691004198718
Devon Conway,2026-06-05,Eden Gardens Clay,High,97.39472122915352,9.707075689192392,-0.032721491503486355,5.013373777150072,0.6774957355738487
Devon Conway,2026-06-05,Chepauk Black Soil,Low,101.96791554933007,14.060178158444037,-0.9805594795801773,2.8846544852570726,0.8318534531639266
Devon Conway,2026-06-05,Eden Gardens Clay,Low,108.73617250709432,12.678556161980964,-0.33986491167687327,2.33725111130865,0.7602973536023601
Devon Conway,2026-06-05,Wankhede Red Soil,Low,119.21255830897977,8.239711485098718,0.7806675621703798,3.9872845547534705,1.1234315387895963
Devon Conway,2026-06-05,Wankhede Red Soil,Low,117.63883365428235,12.503824560900235,0.5360248420511322,5.399705310328967,0.7967912747321096
Devon Conway,2026-06-05,Chepauk Black Soil,High,103.21013845197565,14.07698416065789,0.1059968090433107,4.578431507528314,0.6720002904895872
Devon Conway,2026-06-05,Wankhede Red Soil,Low,107.01795594793964,15.470553016059139,-0.47512964700140725,6.34106408009478,0.7312253398051313
Devon Conway,2026-06-05,Eden Gardens Clay,Low,119.57521357434968,14.917403031150556,-0.12792146249868241,6.90325232261384,0.7552646730621513
Devon Conway,2026-06-05,Wankhede Red Soil,Low,110.18638147090252,14.679288798385077,0.40999630957262206,5.993583603531129,1.076858522845086
Devon Conway,2026-06-05,Wankhede Red Soil,High,107.93431904329624,10.390227391651031,-0.034775206164793286,5.699495506950214,0.6647941404999839
Devon Conway,2026-06-05,Eden Gardens Clay,High,113.15293276531742,10.001590309955493,0.9615921819335249,3.551210928764903,0.536529988069053
Harry Brook,2026-06-05,Eden Gardens Clay,High,98.24117692067934,10.414567314313445,-0.5303195556335543,7.800849188582115,0.7129754564973103
Harry Brook,2026-06-05,Wankhede Red Soil,High,106.67728697433738,14.887333562644777,0.5173851396689754,2.4340695085035793,1.1577090225538655
Harry Brook,2026-06-05,Eden Gardens Clay,Low,112.56469723741017,11.627402254682924,0.9054930237911876,2.06951082343729,0.5270057208793844
Harry Brook,2026-06-05,Chepauk Black Soil,Low,107.71659498580418,8.796461972664693,0.830053539789065,2.4604856922679454,0.6650421851621482
Harry Brook,2026-06-05,Wankhede Red Soil,Low,110.72449636834435,12.045226218361403,-0.27433906437513134,2.6135358475068813,0.9724698740870512
Harry Brook,2026-06-05,Wankhede Red Soil,Low,118.62281427720545,13.18786890415368,-0.1729964175026032,5.107452095372438,1.1248668318985768
Harry Brook,2026-06-05,Chepauk Black Soil,High,101.61512192150681,10.648143319664937,-1.009308134981735,2.606626836730423,0.43200684830209996
Harry Brook,2026-06-05,Wankhede Red Soil,Low,110.95031626821032,12.011974557904962,-0.25442576840569053,1.6904383412790458,1.1337182573191542
Harry Brook,2026-06-05,Chepauk Black Soil,High,102.48482955552093,12.199996947176674,-0.8575128734269161,7.2612096997406494,0.5095025842921101
Harry Brook,2026-06-05,Eden Gardens Clay,Low,108.47746162776714,10.315268135991634,0.11980762604396067,5.316041692835089,0.7201165437912331
Harry Brook,2026-06-05,Wankhede Red Soil,High,103.42128430816044,15.485099930675783,0.5287728450007455,4.024352732006526,0.8181142035298674
Harry Brook,2026-06-05,Eden Gardens Clay,Low,102.80110096842049,13.314129417260306,-0.49275115965763994,6.82323320893684,0.8831755430921526
Harry Brook,2026-06-05,Eden Gardens Clay,Low,116.73759274215172,14.221130357430859,-0.2940024119291864,4.358288382540998,0.5770315939832853
Harry Brook,2026-06-05,Chepauk Black Soil,Low,112.04688404096659,13.329065521761885,0.32998939503482516,4.776282341167809,0.837899657314895
Harry Brook,2026-06-05,Chepauk Black Soil,Low,106.71407903149587,10.597614554664283,-1.1469180825750764,4.826814170557423,0.591730543927306
Harry Brook,2026-06-05,Wankhede Red Soil,Low,103.09212749692233,8.390107516422336,0.3021607759064697,3.378627017712942,0.7200669013247843
Harry Brook,2026-06-05,Wankhede Red Soil,Low,104.08047584060702,13.227442389383711,0.5996541163807484,5.622772172963604,0.947664927146872
Harry Brook,2026-06-05,Chepauk Black Soil,Low,116.729679355033,12.21048222667281,-0.4597663487634051,6.943736528811833,0.47670779391613216
Harry Brook,2026-06-05,Wankhede Red Soil,Low,107.52434626121317,15.930997362225348,0.5485159010576158,5.5005642158321635,1.1349345472714485
Harry Brook,2026-06-05,Wankhede Red Soil,Low,116.97245086337486,9.510675607766235,-0.13913867196308657,6.611438256970789,1.1917431923673796
Harry Brook,2026-06-05,Chepauk Black Soil,Low,113.08503909045474,9.024883343949355,-0.2723864615959904,4.850176713860871,0.6021021772264843
Harry Brook,2026-06-05,Chepauk Black Soil,High,95.82743630908278,13.70690304866681,-0.8800299089469138,8.363773807522325,0.8315607232442725
Harry Brook,2026-06-05,Chepauk Black Soil,High,104.9038842564738,10.313302865228724,1.191117313325516,4.666195843636699,0.5033688698578707
Harry Brook,2026-06-05,Eden Gardens Clay,Low,114.08723950147193,11.490876277687512,-0.8226141462352075,4.6773900906556936,0.9594306339162296
Harry Brook,2026-06-05,Chepauk Black Soil,Low,104.1243110370851,14.286741838129274,-0.9812400521469932,2.325596844097052,0.6369011915604655
Harry Brook,2026-06-05,Wankhede Red Soil,High,112.04002919383262,11.371830061690943,0.015666151683553765,3.314651513664253,1.0457846213353081
Harry Brook,2026-06-05,Chepauk Black Soil,High,94.05532281581769,15.744742999205062,0.7447420790699989,7.033510459945632,0.6812027387277123
Harry Brook,2026-06-05,Chepauk Black Soil,High,109.67221478223104,13.233253702230456,-1.1330282940339471,2.7678131370327494,0.4630811905197822
Harry Brook,2026-06-05,Chepauk Black Soil,High,106.87932524487728,15.151272075387816,-0.277159251519137,4.321845845010093,0.5918973280689095
Harry Brook,2026-06-05,Eden Gardens Clay,Low,117.6893919047544,9.52931087278349,-0.533480280446164,5.744309569899695,0.5915673276270943
Harry Brook,2026-06-05,Wankhede Red Soil,Low,101.5029508051773,8.227334493308629,0.5249514881138817,3.740568178888157,1.0377787844554929
Harry Brook,2026-06-05,Chepauk Black Soil,High,102.37074672547541,11.472474608168756,0.060101187493170664,7.854058296420878,0.7921043536662884
Harry Brook,2026-06-05,Chepauk Black Soil,Low,111.92466611899184,12.912753741489462,0.38343635368141366,2.492899332863858,0.7922517681105934
Harry Brook,2026-06-05,Eden Gardens Clay,High,113.802209180443,13.598047252161965,-0.944909288521846,5.5649091006014935,0.8383775779447165
Harry Brook,2026-06-05,Wankhede Red Soil,High,109.28902329021192,8.044546593036722,-0.3302602565466861,5.260114618529672,0.6181150519693378
Harry Brook,2026-06-05,Eden Gardens Clay,Low,105.9870494496789,13.64716210335725,0.9562449196216594,2.863897287108361,0.8701913770054025
Harry Brook,2026-06-05,Wankhede Red Soil,High,96.24984797304644,10.78474511786256,-0.16831704300406738,4.973561787645771,1.058565173127833
Harry Brook,2026-06-05,Wankhede Red Soil,High,94.24584171104314,13.290110906124884,0.4661077465059684,2.4822721842899997,1.1108301779258725
Harry Brook,2026-06-05,Wankhede Red Soil,High,114.75193953765195,13.242340226077388,-0.44970377742370665,6.922461057853437,0.7244438065855479
Harry Brook,2026-06-05,Eden Gardens Clay,Low,110.17809822949778,13.52432186124718,-0.48128809536690786,5.318860158408687,0.5859377889094182
Harry Brook,2026-06-05,Chepauk Black Soil,High,112.57453872760357,11.689631152786912,-0.5255308268591437,5.790508313811942,0.5672697820828483
Harry Brook,2026-06-05,Wankhede Red Soil,High,102.79392310300507,12.304694101155885,0.20474798340697956,3.0610692816094947,0.8280474727547075
Harry Brook,2026-06-05,Chepauk Black Soil,High,95.59552331397805,12.833484779915663,-1.1996154129503593,6.487524401900064,0.5342879252988727
Harry Brook,2026-06-05,Wankhede Red Soil,High,105.67680330982142,9.83943802709024,0.6575259802892728,8.237314631069676,0.6403561520955573
Harry Brook,2026-06-05,Eden Gardens Clay,High,102.37686306098014,8.352559441587914,-0.560341112826432,6.485617593766807,0.9080087438212452
Harry Brook,2026-06-05,Eden Gardens Clay,High,114.5003503899993,12.945770850576832,-0.5990986959739024,3.732661584006696,0.5324740779745036
Harry Brook,2026-06-05,Eden Gardens Clay,High,108.07419505320259,12.288498710114364,-0.3187278744590125,6.824334805942018,0.5519778456867633
Harry Brook,2026-06-05,Chepauk Black Soil,Low,101.49520735428719,13.09055359605303,0.06998810267596334,2.0458256497344807,0.786508434315839
Harry Brook,2026-06-05,Wankhede Red Soil,High,100.94385088572182,12.519958844459897,0.4332918990141057,5.216319455404526,0.9217192215157077
Harry Brook,2026-06-05,Eden Gardens Clay,Low,101.29435602513789,10.44145698975322,0.7138777633018814,2.3000969172925716,0.7382716693143052
Harry Brook,2026-06-05,Eden Gardens Clay,Low,101.15464789092452,12.600262850414545,-0.9187104163106079,5.327886248172483,0.8217270724055348
Harry Brook,2026-06-05,Chepauk Black Soil,High,101.51616338414773,8.47012410222008,1.2537787596121865,2.4842834770132654,0.5269736414651914
Harry Brook,2026-06-05,Chepauk Black Soil,High,106.65181054687916,9.527042157260455,0.905440416162066,8.08533335210362,0.6315515953207
Harry Brook,2026-06-05,Wankhede Red Soil,High,107.64212301951815,15.29015590831817,-0.2936360526807153,6.0310966656356335,0.8692743018652274
Harry Brook,2026-06-05,Chepauk Black Soil,High,95.77759856369437,13.614606767900035,0.26651126327496877,6.081166201547048,0.6082985165281894
Harry Brook,2026-06-05,Eden Gardens Clay,Low,111.96713066995181,12.648453895699541,-0.23378471121909583,3.5307456735744545,0.7618230266446259
Harry Brook,2026-06-05,Chepauk Black Soil,Low,110.26012323681117,13.012375030400573,-0.7887787524387543,4.119782014263526,0.6251251209939062
Harry Brook,2026-06-05,Wankhede Red Soil,High,108.59932004939569,13.087620283743082,-0.7981827443985404,3.27110397503039,1.1505405030354618
Harry Brook,2026-06-05,Chepauk Black Soil,High,107.15738365131038,8.730328208116948,0.3432811002691711,2.924836866315856,0.6752720993080701
Cameron Green,2026-06-05,Eden Gardens Clay,Low,140.02315106853703,13.061781677875716,0.004134559092169088,5.448473156958318,1.3678071601926383
Cameron Green,2026-06-05,Wankhede Red Soil,Low,148.22209123380088,10.748399278523085,0.5550013411175042,3.1561618519911887,1.5414564195893483
Cameron Green,2026-06-05,Wankhede Red Soil,High,129.74391142990933,10.119298597206164,-0.7450356941126396,4.586983162764727,1.2455405540676276
Cameron Green,2026-06-05,Wankhede Red Soil,High,138.04347411085573,12.526203893186512,0.6415138239634119,7.678277443328704,1.7018722242094508
Cameron Green,2026-06-05,Eden Gardens Clay,High,133.58853318866136,15.454542743741268,0.5536855993261223,4.290664877694219,1.086673620574
Cameron Green,2026-06-05,Wankhede Red Soil,Low,146.63391361752824,10.53857336720813,0.5614790253555902,5.146259054856209,1.1137971032079674
Cameron Green,2026-06-05,Chepauk Black Soil,Low,149.33848665109127,8.503147384044826,-0.47977119943578084,5.894779559518857,1.2610080021999037
Cameron Green,2026-06-05,Chepauk Black Soil,Low,136.45828630820637,9.760915574895073,0.07141044031656761,4.107543353125246,1.221360864445774
Cameron Green,2026-06-05,Eden Gardens Clay,High,137.58290837788576,10.344863662207704,-0.10255777547700329,7.32160333529947,1.050153768740211
Cameron Green,2026-06-05,Eden Gardens Clay,Low,130.4379083611735,8.251930295011164,0.4353587555964167,1.6417311367248453,1.0718610258126808
Cameron Green,2026-06-05,Wankhede Red Soil,High,135.7564180381285,15.138233082011459,-0.33396575711148274,8.06504484030579,1.6676116948513546
Cameron Green,2026-06-05,Wankhede Red Soil,Low,145.73815793254187,10.763631639394632,-0.5375985148285782,6.884257315773056,1.2370343035154892
Cameron Green,2026-06-05,Wankhede Red Soil,Low,139.2680361753378,13.522281388401627,0.08106761986847442,3.268587551281578,1.3324546684188396
Cameron Green,2026-06-05,Chepauk Black Soil,High,127.63706931897715,12.270427467251906,0.7116671360901519,7.023756479215965,1.2676382011030713
Cameron Green,2026-06-05,Eden Gardens Clay,High,122.65971552624245,15.91898033930957,-0.5247126456665963,3.7375525193776786,1.0221559837758813
Cameron Green,2026-06-05,Eden Gardens Clay,High,140.49755298756185,10.973187564792255,-0.2619353383616556,3.394338676741524,1.428755504389933
Cameron Green,2026-06-05,Wankhede Red Soil,High,126.85227515853846,11.394230478095063,-0.49733298802429415,2.543577698579479,1.278156320488694
Cameron Green,2026-06-05,Eden Gardens Clay,Low,136.17771793266434,11.79134205190969,-0.325198345962032,3.9682107835567075,1.3809036372766093
Cameron Green,2026-06-05,Eden Gardens Clay,High,143.71969218530577,14.709820645854741,-0.8382160200538953,6.381397101783936,1.3450211077449588
Cameron Green,2026-06-05,Chepauk Black Soil,High,140.94411818465355,8.136423664923933,0.38345555171488527,3.3510179577324717,1.2384619173529243
Cameron Green,2026-06-05,Chepauk Black Soil,High,135.81081057065867,8.034339223257662,0.2791584093467393,3.673480392686508,1.1165062801110852
Cameron Green,2026-06-05,Eden Gardens Clay,Low,140.2201896219037,12.22281043963054,-0.9198060075329444,2.6894382540477797,0.8118997387748806
Cameron Green,2026-06-05,Eden Gardens Clay,High,132.00694952290232,14.834225860237021,-0.0510186635652794,3.012831116067402,0.9329129559541638
Cameron Green,2026-06-05,Chepauk Black Soil,High,127.84353600417639,8.141737245504245,0.5731606372257648,7.266863101536593,1.24428286932445
Cameron Green,2026-06-05,Chepauk Black Soil,High,140.73454817623423,13.773675138644167,-0.23970214800052408,5.357324422915354,0.7893984601570994
Cameron Green,2026-06-05,Wankhede Red Soil,Low,148.2168899444324,9.938045236510279,-0.17137092978739332,5.362036294184591,1.437395990802888
Cameron Green,2026-06-05,Eden Gardens Clay,High,143.28088168381123,15.593561552843576,-0.37430821503047174,5.325153187651837,0.8576240040117997
Cameron Green,2026-06-05,Chepauk Black Soil,Low,140.67449904795507,9.985955664310863,1.0369114028342585,5.802785061323658,1.1964712520555727
Cameron Green,2026-06-05,Wankhede Red Soil,High,127.24935690082299,8.68108970395543,0.37331481534601657,5.252087311472553,1.1500954637212826
Cameron Green,2026-06-05,Wankhede Red Soil,High,134.47748882236795,14.943156515129562,0.3754018131376167,7.907504558779184,1.6534042396513942
Cameron Green,2026-06-05,Wankhede Red Soil,Low,130.9444240023664,9.450477031727733,-0.13804422538865407,6.57815895927649,1.786888459293244
Cameron Green,2026-06-05,Wankhede Red Soil,High,132.30488826479205,10.83962502416409,0.7112732056618696,6.408180879199203,1.5093109107401048
Cameron Green,2026-06-05,Eden Gardens Clay,Low,137.37267424919156,15.959510048603086,0.19350236532293041,4.422885879807573,1.4293635390843442
Cameron Green,2026-06-05,Eden Gardens Clay,High,127.8979045217005,15.06794568107113,0.5043218507803688,5.988868335363851,1.0216866917648637
Cameron Green,2026-06-05,Chepauk Black Soil,High,130.50153751930603,14.822614820857165,1.155770531802132,3.1496772568770792,0.7347504642298442
Cameron Green,2026-06-05,Chepauk Black Soil,High,137.35923556484195,15.354741019005726,1.0443654908729418,7.55032098433827,0.7214165922708585
Cameron Green,2026-06-05,Wankhede Red Soil,Low,143.6987377681875,10.903357894506016,0.08574364936997476,6.896388294455592,1.781026278276839
Cameron Green,2026-06-05,Wankhede Red Soil,Low,131.11083309181953,15.429428361879243,0.29568450004061136,4.806664459692916,1.7380755574729039
Cameron Green,2026-06-05,Eden Gardens Clay,High,129.08572012635952,14.90292384989421,0.41510970931677527,2.528385247731107,1.0570159129406065
Cameron Green,2026-06-05,Eden Gardens Clay,High,125.34645990452948,9.641945328645361,-0.7082485141102721,6.680881223317545,1.1335733171160411
Cameron Green,2026-06-05,Eden Gardens Clay,Low,141.17489800085113,10.434957337284025,-0.11563227578202051,3.275130990454646,1.4780374397483138
Cameron Green,2026-06-05,Chepauk Black Soil,Low,143.9468921982087,14.06382930552901,-0.7885440149658033,2.1688387525208417,1.0988406621395237
Cameron Green,2026-06-05,Eden Gardens Clay,High,137.7262236450241,13.722289161627511,0.6516432962667462,2.1222593176618316,1.251756327825774
Cameron Green,2026-06-05,Eden Gardens Clay,Low,133.59117261195715,9.241899664251836,0.00902590049571872,3.830218573156507,1.3239868258524852
Cameron Green,2026-06-05,Wankhede Red Soil,Low,136.1818264647582,9.454917492833143,-0.7968802305135858,6.515425496679868,1.2285090582092357
Lockie Ferguson,2026-06-05,Chepauk Black Soil,High,137.92297744043879,11.445319552676786,-1.239220686591511,3.3369350578160204,1.1406903390255887
Lockie Ferguson,2026-06-05,Wankhede Red Soil,Low,139.66818366825942,10.835185355981054,0.23022223375893758,4.246676815144457,1.747034952946585
Lockie Ferguson,2026-06-05,Eden Gardens Clay,High,134.57248253633384,10.758328491331403,-0.4745600319758152,3.5738710681272545,1.0711655400774907
Lockie Ferguson,2026-06-05,Eden Gardens Clay,High,123.76425880846583,13.780788864924002,0.8776794522565179,4.187361002490976,1.0729043878246884
Lockie Ferguson,2026-06-05,Chepauk Black Soil,High,132.20164572577346,11.451630584474286,0.5989213286097199,5.531615701420697,0.6863573111464752
Lockie Ferguson,2026-06-05,Eden Gardens Clay,High,129.92768466550461,13.066696728245644,-0.07193107506674479,2.05857273235214,1.240523614750286
Lockie Ferguson,2026-06-05,Wankhede Red Soil,Low,137.663339396136,15.538083475544909,0.0623016051840084,6.905429585953942,1.2793025877174706
Lockie Ferguson,2026-06-05,Wankhede Red Soil,Low,143.06959093760557,14.510693138227776,0.08171324176625153,3.5286551022173316,1.4591610602734884
Lockie Ferguson,2026-06-05,Eden Gardens Clay,Low,134.01773608710624,14.314640560599866,0.6124558813449774,6.810202073331362,0.8026180385655959
Lockie Ferguson,2026-06-05,Chepauk Black Soil,High,137.3113201378796,12.834603713509111,0.22224937227402403,3.998937166237236,0.7081518524899536
Lockie Ferguson,2026-06-05,Wankhede Red Soil,High,131.42386980584521,12.525207548519852,-0.2587072051899993,8.568389074447419,1.3197978311013816
Lockie Ferguson,2026-06-05,Chepauk Black Soil,Low,141.68729777118108,9.10792974747629,0.006215151760904503,4.121897266282346,0.8291156230174845
Lockie Ferguson,2026-06-05,Chepauk Black Soil,Low,148.34899286298938,13.402123384995498,0.5946494401338309,6.078368983576591,0.6858221428653585
Lockie Ferguson,2026-06-05,Eden Gardens Clay,High,127.97029667908647,10.57522122596933,-0.4067999381610079,3.3778171742646217,1.3941012587473178
Lockie Ferguson,2026-06-05,Eden Gardens Clay,Low,141.96980237519656,13.895689692015099,-0.12476875143870414,4.526886916850526,0.9993501708208823
Lockie Ferguson,2026-06-05,Wankhede Red Soil,Low,149.5209810241454,9.754075315922746,0.44207194407031897,6.581559193118036,1.798518202214417
Lockie Ferguson,2026-06-05,Wankhede Red Soil,High,135.03115250358485,15.917741105976354,0.7171731509017656,6.311109414157673,0.962197807376608
Lockie Ferguson,2026-06-05,Eden Gardens Clay,Low,143.75702455869782,13.775392892989387,0.6739560004104814,5.240337309943253,1.0951773485571579
Lockie Ferguson,2026-06-05,Chepauk Black Soil,High,129.8518703834842,9.15423899949727,0.00878183866256972,8.220687585360885,0.7855659621545497
Lockie Ferguson,2026-06-05,Eden Gardens Clay,High,130.64873320400267,8.113918029334336,-0.21668620146943618,3.9608395852903193,1.3947084934580924
Lockie Ferguson,2026-06-05,Eden Gardens Clay,Low,135.07839348262917,11.86438951785146,-0.16386730919125192,2.301789607130725,1.0661274595711356
Lockie Ferguson,2026-06-05,Chepauk Black Soil,Low,133.2714159652986,11.320840653705961,-1.1811699622901952,3.029365234636063,1.2691634227165767
Lockie Ferguson,2026-06-05,Chepauk Black Soil,High,130.6275158916573,12.587293616940592,0.7639354531353979,6.195756395529129,1.2546313738362473
Lockie Ferguson,2026-06-05,Wankhede Red Soil,Low,134.9800552688046,15.46678956480643,0.6399052771642595,5.581118233821459,1.2999730674590422
Lockie Ferguson,2026-06-05,Wankhede Red Soil,Low,142.3734891050087,13.962375797053465,0.15450902436086977,6.344837898451894,0.9632901039632444
Lockie Ferguson,2026-06-05,Chepauk Black Soil,High,125.48128748190003,14.64240798950363,-0.3612259946128166,4.610154169956495,0.9636660569404444
Lockie Ferguson,2026-06-05,Eden Gardens Clay,Low,131.3591163790595,8.454498032588383,-0.8985266467357451,2.4007714911607936,1.0560028833853248
Lockie Ferguson,2026-06-05,Wankhede Red Soil,Low,148.4386737599735,8.252994662862793,0.5108563754685023,1.6494629672876515,1.6792628697738168
Lockie Ferguson,2026-06-05,Chepauk Black Soil,High,133.7519621173811,11.561320759651137,-1.0160569940717166,2.410686356060387,1.1572163917151914
Lockie Ferguson,2026-06-05,Wankhede Red Soil,High,138.16904422974724,10.986616202583189,0.493598780043579,5.964647918716812,1.0178557583447907
Lockie Ferguson,2026-06-05,Chepauk Black Soil,Low,146.72332574946165,14.302930252929334,-0.3875712618204006,4.474433774705476,1.1008120009076818
Lockie Ferguson,2026-06-05,Chepauk Black Soil,Low,145.63063690730087,15.536618084018304,-0.12145303760115121,5.897864927497312,0.7513038294787177
Lockie Ferguson,2026-06-05,Eden Gardens Clay,High,134.7691975429566,15.404005261310015,0.8175028627661702,7.489051867416345,1.2610463200227044
Lockie Ferguson,2026-06-05,Chepauk Black Soil,Low,149.75842107684767,12.045303039904674,-0.09889099286478285,5.93064911795753,1.164856066925157
Lockie Ferguson,2026-06-05,Wankhede Red Soil,High,129.44878163948434,11.238952352284647,-0.769847170854455,7.1559782967140535,1.111845585223109
Lockie Ferguson,2026-06-05,Wankhede Red Soil,Low,145.76974007737067,15.184521052408584,0.302171846571709,5.90650624293173,1.7003702190083962
Lockie Ferguson,2026-06-05,Wankhede Red Soil,Low,134.41489373412247,13.155693153215104,-0.15530731870826067,4.755663036814432,1.7102836054793085
Lockie Ferguson,2026-06-05,Chepauk Black Soil,High,137.43253136762814,15.889861987159213,0.754104008083476,2.144253494346282,0.8105136974105868
Lockie Ferguson,2026-06-05,Wankhede Red Soil,Low,130.11420552060181,10.424172432917985,0.25061166512153826,4.062522759985734,1.0381018420024486
Lockie Ferguson,2026-06-05,Eden Gardens Clay,Low,134.38554190628253,13.218596918646423,-0.23195404226514693,5.749912194549054,1.2096797126197127
Lockie Ferguson,2026-06-05,Eden Gardens Clay,Low,141.97145325695502,9.095151316016585,-0.11282005471103296,4.979923724364003,1.3007936868085395
Lockie Ferguson,2026-06-05,Eden Gardens Clay,Low,145.28264014832763,8.035757305346284,-0.24029555903513744,3.2318095850354345,1.0181632926871467
Lockie Ferguson,2026-06-05,Chepauk Black Soil,High,142.57085586372102,10.86115851730773,0.9753682159001157,8.170229639973503,1.0890650843734286
Lockie Ferguson,2026-06-05,Eden Gardens Clay,Low,140.64607455555043,8.89133153267002,0.32579922234739733,2.727537783964695,1.0049330478973593
Lockie Ferguson,2026-06-05,Chepauk Black Soil,Low,149.09614574303532,10.68257985548043,0.74371637272876,2.129649440913899,0.7485648970296023
Lockie Ferguson,2026-06-05,Eden Gardens Clay,Low,138.36365255261435,8.196486161594905,-0.3010285564953865,2.507151299391918,1.4896273974959424
Lockie Ferguson,2026-06-05,Wankhede Red Soil,Low,141.03650384665283,9.545025827315753,-0.4214794398614823,5.906102583648323,1.2866041882063388
Lockie Ferguson,2026-06-05,Wankhede Red Soil,Low,149.25965687187423,11.656493407117908,-0.7862038126038815,1.8808755892945452,1.6074379543157085
Lockie Ferguson,2026-06-05,Eden Gardens Clay,Low,146.6703584837817,11.355048390267708,0.7144693371580517,6.6783366381514995,1.3486427623390942
Lockie Ferguson,2026-06-05,Eden Gardens Clay,Low,130.56197089521078,9.092657545946714,-0.7715839316759383,1.9726861069263695,1.3443399316485403
Lockie Ferguson,2026-06-05,Chepauk Black Soil,High,136.7019657119667,12.183060738514708,1.0559539701499603,7.808136497904023,0.7183015085103372
Lockie Ferguson,2026-06-05,Eden Gardens Clay,High,129.63659938319296,9.829076519390352,0.7810111118751293,8.245470825931813,1.0099921477275053
Lockie Ferguson,2026-06-05,Eden Gardens Clay,Low,142.38269879314223,12.419038976016598,0.8822032424745561,4.0643465934232585,1.061400104515107
Lockie Ferguson,2026-06-05,Chepauk Black Soil,High,129.81830255231836,14.782302497375397,-0.0007130180913531126,3.7864167862448364,1.1982570297128616
Lockie Ferguson,2026-06-05,Eden Gardens Clay,High,120.92014357957486,9.26793241681925,-0.4551983666769446,8.85685335860036,1.3272056212075507
Anrich Nortje,2026-06-05,Wankhede Red Soil,Low,144.04045449230836,14.624458216784065,-0.1370780952926495,2.6272791660832784,1.280001519490678
Anrich Nortje,2026-06-05,Chepauk Black Soil,Low,138.95469896274142,12.999059344246472,-0.19907654416473267,3.3035876538967925,0.8373465788420507
Anrich Nortje,2026-06-05,Wankhede Red Soil,High,136.57500025585404,14.019699376057087,0.12606633124946215,6.119057141580756,1.1107679722128598
Anrich Nortje,2026-06-05,Chepauk Black Soil,Low,132.2780894262002,11.13755238480734,-1.0922616694630514,4.317440147630383,0.9656998523324464
Anrich Nortje,2026-06-05,Wankhede Red Soil,Low,136.37920540971973,10.016166829367126,-0.6243912201078538,6.841034785632473,1.6315333660125713
Anrich Nortje,2026-06-05,Eden Gardens Clay,High,132.66930881851414,10.108363965820148,-0.5210522096631449,6.740867579629939,0.9333724979711493
Anrich Nortje,2026-06-05,Chepauk Black Soil,High,127.57832894943222,9.639044016146237,1.2555161005369002,4.873114944350758,1.2565002916689678
Anrich Nortje,2026-06-05,Chepauk Black Soil,High,132.1388062680252,14.22976128056851,0.7707076373602068,5.749821435917659,0.8143583405420269
Anrich Nortje,2026-06-05,Chepauk Black Soil,Low,131.408220928067,10.414361005406509,-0.3315362923839477,6.838235435388579,1.2424118904961157
Anrich Nortje,2026-06-05,Chepauk Black Soil,High,128.43202373104629,9.724199491937563,-0.9573876147435099,6.771156207531618,1.1237203187162816
Anrich Nortje,2026-06-05,Wankhede Red Soil,High,142.90811828964718,14.78135370501383,0.7176817837721483,2.015810932227195,1.2617247358402872
Anrich Nortje,2026-06-05,Eden Gardens Clay,Low,133.7112408492251,14.624210416732858,-0.23408536581344785,3.577858146804177,0.822766783067509
Anrich Nortje,2026-06-05,Eden Gardens Clay,Low,141.82450493580143,10.403508992594444,0.735215918281692,3.8007264222648844,1.3510458052950511
Anrich Nortje,2026-06-05,Eden Gardens Clay,High,123.15357383757608,10.416676457072512,-0.7770784425276454,6.347275045159312,0.9591753237450823
Anrich Nortje,2026-06-05,Chepauk Black Soil,High,130.95935988997402,13.278033021094387,1.0690061924208798,4.060770326246393,0.7086021028042808
Anrich Nortje,2026-06-05,Eden Gardens Clay,High,129.41730698513686,14.826987144867214,0.7173804721133812,2.7363859327191955,1.3416225709178446
Anrich Nortje,2026-06-05,Chepauk Black Soil,High,141.74060031962082,13.854700564611655,-0.2464025856383723,2.840169773766039,0.8449924168822623
Anrich Nortje,2026-06-05,Eden Gardens Clay,Low,142.67042131387342,8.623952740889642,0.1647321266449262,6.871889446528255,1.332741822065974
Anrich Nortje,2026-06-05,Wankhede Red Soil,High,136.48487955112097,8.849491569834223,0.7047387639113311,6.151623572222466,0.9889823443401485
Anrich Nortje,2026-06-05,Chepauk Black Soil,Low,149.95691232605378,12.471400428423664,0.7348140620130844,5.927239503814875,0.7722459110162037
Anrich Nortje,2026-06-05,Eden Gardens Clay,High,143.30070474968272,12.785666763614891,-0.3601221557820826,8.983233940764544,0.9637605877808637
Anrich Nortje,2026-06-05,Chepauk Black Soil,Low,142.5971077343907,14.281441022537969,0.22865441272618478,4.915476951407754,1.112077297800847
Anrich Nortje,2026-06-05,Chepauk Black Soil,Low,146.51694712924,11.897943360962763,1.1880118619468893,5.349456370764732,1.1113333588466698
Anrich Nortje,2026-06-05,Chepauk Black Soil,Low,147.21256771806176,11.594109874126989,-0.6133600961389426,5.479986889336049,1.1804421137764622
Anrich Nortje,2026-06-05,Eden Gardens Clay,High,129.12546606580102,8.013227473268422,0.5609060773824366,6.798316655748499,1.2654689098738379
Anrich Nortje,2026-06-05,Chepauk Black Soil,Low,137.65582089001626,12.572776245732504,0.4983781158397079,1.7972559905214474,1.0827285220845402
Anrich Nortje,2026-06-05,Wankhede Red Soil,High,120.91927800989268,10.331834027570268,0.5774265176798821,8.8067658737524,1.1143096580619427
Anrich Nortje,2026-06-05,Wankhede Red Soil,Low,144.29085498535596,8.53704850647054,-0.5569811845176309,3.2704947983078743,1.4176003515399827
Anrich Nortje,2026-06-05,Chepauk Black Soil,High,134.03398337995677,14.340764273610999,-0.15647280588567195,8.255088574338181,1.2125187807058226
Anrich Nortje,2026-06-05,Wankhede Red Soil,Low,138.1806392748636,12.719400114008828,-0.6590139042443601,5.642663168573853,1.460587048747935
Anrich Nortje,2026-06-05,Chepauk Black Soil,Low,131.53578676989017,10.582589053301344,0.6515156688752025,6.697506403812792,1.17947141200908
Anrich Nortje,2026-06-05,Wankhede Red Soil,High,124.38638738769659,15.916183133415302,-0.40054461973409483,4.271003448544142,1.5921390693176825
Anrich Nortje,2026-06-05,Wankhede Red Soil,Low,140.73196622984588,12.00234905009117,-0.5861905030542796,3.122424554624608,1.6371037369299775
Anrich Nortje,2026-06-05,Eden Gardens Clay,High,129.8392889788166,10.779814779708744,0.24677572020363758,3.5581469062357156,0.8239812809069539
Anrich Nortje,2026-06-05,Wankhede Red Soil,Low,149.9710689758892,11.470519734176294,-0.2376990194577772,2.1088521080747444,1.497236172254375
Anrich Nortje,2026-06-05,Eden Gardens Clay,High,127.813249514887,8.888413626642333,-0.11959445515550704,5.57060541442693,0.9008388667811236
Anrich Nortje,2026-06-05,Chepauk Black Soil,Low,143.2750354085918,14.559359917028258,0.055883592201454384,3.9491068999529175,0.9220593450618426
Anrich Nortje,2026-06-05,Wankhede Red Soil,Low,133.93686547513113,10.188285609250542,0.39193847051447456,4.314324093344032,1.484626298024027
Jason Holder,2026-06-05,Eden Gardens Clay,High,130.0710276636816,8.034619978605603,-0.1533764685491552,5.031186392210967,1.1643015090836446
Jason Holder,2026-06-05,Wankhede Red Soil,Low,141.3437315935904,9.849096857815127,0.41986733563246637,4.987719368695972,1.4070361746506643
Jason Holder,2026-06-05,Wankhede Red Soil,Low,148.82049635947703,12.117574282249587,-0.7250056876336187,5.92242536950355,1.499642200047614
Jason Holder,2026-06-05,Wankhede Red Soil,High,136.81137856415245,9.33471763395487,-0.46794389333255515,2.630706723318853,1.2947852746742037
Jason Holder,2026-06-05,Wankhede Red Soil,High,140.11962473424506,10.779686653937992,-0.4094105801647846,5.321187954266597,1.2718979749710724
Jason Holder,2026-06-05,Wankhede Red Soil,High,137.4814561534645,15.563671182039927,0.31263098417500235,8.589697645085414,1.7239749652226073
Jason Holder,2026-06-05,Eden Gardens Clay,High,136.6452521527637,10.662675345804807,0.0507789274448609,4.812931288513838,0.934584754167098
Jason Holder,2026-06-05,Chepauk Black Soil,Low,132.39314259668106,14.31400824062693,-0.22213516703703567,1.8827618156583579,1.1814467793753052
Jason Holder,2026-06-05,Wankhede Red Soil,High,126.93987172148529,10.61131295174992,-0.13686572737656136,3.7335080251792983,1.2078291024771701
Jason Holder,2026-06-05,Eden Gardens Clay,Low,146.93038424317612,13.412098725730413,0.5682151536765907,3.671253039066032,0.9232797404215121
Jason Holder,2026-06-05,Eden Gardens Clay,Low,136.64264321133638,8.320248710276505,0.23482796910039028,6.908210078256569,0.8054862186847231
Jason Holder,2026-06-05,Eden Gardens Clay,Low,134.40819358244644,11.892604563700928,-0.5999666309774441,3.1756825527451724,1.1193928477883333
Jason Holder,2026-06-05,Eden Gardens Clay,Low,149.3706959416903,15.512614439133369,0.40303334194654106,1.984194017704228,1.3390870527197243
Jason Holder,2026-06-05,Wankhede Red Soil,Low,130.39219885600193,12.36645840737551,0.7931404368495993,6.8468640651284645,1.5992336294775678
Jason Holder,2026-06-05,Chepauk Black Soil,Low,135.47666560434655,10.736224729390042,0.8929306365442895,3.8079974165347057,1.1840962950558456
Jason Holder,2026-06-05,Wankhede Red Soil,High,126.57534104553872,12.971207197977641,-0.15199792779073304,4.614212281406201,1.0997369907322598
Jason Holder,2026-06-05,Eden Gardens Clay,Low,141.87252961589908,14.244765479761327,-0.33341867913828627,6.105376562525984,1.2211606478033556
Jason Holder,2026-06-05,Wankhede Red Soil,High,142.86392952169436,12.061885854346169,0.011403774084165442,2.407538472615492,1.519319941896094
Jason Holder,2026-06-05,Eden Gardens Clay,High,135.88080795192187,9.87860004211132,0.5893445057725462,6.7224018474909695,1.2299058951205968
Jason Holder,2026-06-05,Eden Gardens Clay,High,125.49413021889775,8.512293879587983,-0.5883546465854981,2.5059206235279317,0.975327018609739
Jason Holder,2026-06-05,Eden Gardens Clay,High,128.36588936943593,8.98455849528297,-0.5350659368381467,7.221513104780656,1.045119878644656
Jason Holder,2026-06-05,Chepauk Black Soil,High,139.52667314891536,13.028933944686662,-0.8637713056680636,8.210869316418018,0.9867064535214976
Jason Holder,2026-06-05,Eden Gardens Clay,High,128.27649352454642,8.41040375353919,0.12566216143204034,5.74586596496919,1.023684906915946
Jason Holder,2026-06-05,Wankhede Red Soil,High,141.80081801650903,9.7756509378566,0.583168130409675,3.0153928313313183,1.0055089643069577
Jason Holder,2026-06-05,Wankhede Red Soil,High,130.5950981078784,8.769444829838122,0.5096232654750547,7.179526684478131,1.3502988016146236
Jason Holder,2026-06-05,Eden Gardens Clay,Low,149.57161560538268,13.123335778524401,-0.5931375191452917,3.9528822013824603,1.173946031911587
Jason Holder,2026-06-05,Eden Gardens Clay,High,133.5085117189336,15.59494364378477,0.906681632558122,9.203240118646834,1.1795650975744536
Jason Holder,2026-06-05,Wankhede Red Soil,High,139.82294031353126,8.387713164316729,0.4637255276472727,4.823783480106521,1.7515184190523765
Jason Holder,2026-06-05,Chepauk Black Soil,High,133.92463243322734,10.022131407823942,0.265040859131972,2.3163669797900024,1.1285234352875861
Jason Holder,2026-06-05,Chepauk Black Soil,Low,149.08933728353878,15.841028602353715,0.8373595953271984,3.1020238780945952,0.7307767318960945
Jason Holder,2026-06-05,Chepauk Black Soil,High,132.78720864886367,13.396896375255597,0.7242630726173608,4.663100117587088,1.0890435368995266
Jason Holder,2026-06-05,Eden Gardens Clay,Low,130.92415666878696,9.7559664598924,-0.7140673550329208,3.79202657899431,0.9952142931371815
Jason Holder,2026-06-05,Eden Gardens Clay,Low,138.5100014177644,15.311411811666652,0.12636489838067866,5.893681763513794,1.3316618683840786
Jason Holder,2026-06-05,Wankhede Red Soil,Low,134.8889100448675,15.8386318812271,-0.046124701648354006,1.8187109283842153,1.5667210502476623
Jason Holder,2026-06-05,Chepauk Black Soil,Low,147.05708320057482,14.738013404912124,-0.81675640802548,2.1572722143996677,0.8233549519208684
Jason Holder,2026-06-05,Chepauk Black Soil,Low,137.21693449974586,12.163475520592218,0.026568513516258354,2.6841810774141415,0.7617598680886416
Jason Holder,2026-06-05,Eden Gardens Clay,High,123.52883132214124,12.753185576131237,0.4518299762127045,5.985784442711331,1.221179460865749
Jason Holder,2026-06-05,Wankhede Red Soil,Low,133.92736667884503,8.939662041741144,-0.5880443768721663,4.189424014280954,1.693501240919032
Jason Holder,2026-06-05,Wankhede Red Soil,High,128.72416898009843,9.322699596645656,-0.1408545322508406,6.214740105531596,1.5692960437582402
Jason Holder,2026-06-05,Chepauk Black Soil,Low,148.0301194471765,13.91302824358947,0.15600085119771925,5.375285760413108,1.0562471797763984
Jason Holder,2026-06-05,Chepauk Black Soil,High,141.3921602140976,15.987404979662195,-0.14888908842020906,3.8455342708803752,1.1698121743284309
Jason Holder,2026-06-05,Wankhede Red Soil,Low,149.1251123808686,11.462909369510939,0.6354138941325836,6.509114070678945,1.006481943762921
Jason Holder,2026-06-05,Chepauk Black Soil,Low,145.38500733545985,10.350376467499743,0.7934551522234219,5.7009030895054735,1.1282324153954064
Jason Holder,2026-06-05,Wankhede Red Soil,Low,149.59086675149302,12.800812991346444,-0.07457980670750218,1.9749460298861141,1.4224318040452304
Jason Holder,2026-06-05,Chepauk Black Soil,Low,144.42257056729454,8.766894611844268,-0.11032120043903713,5.154663993102253,1.2599108772091492
Jason Holder,2026-06-05,Chepauk Black Soil,Low,145.0075168486326,15.710067846431294,0.9036621692341462,5.313234972222366,0.985035776559264
Kieron Pollard,2026-06-05,Wankhede Red Soil,High,133.7349204564048,8.712482256329615,0.13961219987128767,5.880633966437299,1.5954704353459188
Kieron Pollard,2026-06-05,Eden Gardens Clay,Low,140.97825568158814,15.915179619605096,0.4324471494669164,2.8149421876824094,0.8775904169888424
Kieron Pollard,2026-06-05,Wankhede Red Soil,High,125.62822299359102,15.608476046054164,-0.051203139040247696,6.463340633701958,1.395854959689046
Kieron Pollard,2026-06-05,Eden Gardens Clay,Low,147.37376591950294,14.276866129360705,0.3495392034424447,6.572145190178935,0.967257679730344
Kieron Pollard,2026-06-05,Eden Gardens Clay,Low,130.276274909921,13.117495529234665,0.9777696484627714,2.0099226126458594,1.1609666038066548
Kieron Pollard,2026-06-05,Chepauk Black Soil,Low,141.01440170462413,13.94804908645943,-0.14116424435031588,2.0847449648421836,0.8490838253141539
Kieron Pollard,2026-06-05,Wankhede Red Soil,High,129.54889038425665,11.37782662662557,-0.6265369321274927,6.0026929883785956,1.360794739335899
Kieron Pollard,2026-06-05,Chepauk Black Soil,High,131.91957497117247,13.622247662078411,0.8790901119906195,1.7685000367546768,1.093388156175665
Kieron Pollard,2026-06-05,Chepauk Black Soil,High,142.22219586257242,14.740435899770734,1.2444169274931032,4.0616259137389,1.1190963388871407
Kieron Pollard,2026-06-05,Chepauk Black Soil,High,130.47629640862843,9.874002270215207,-0.43874794375515386,2.9817993412589856,0.8545604495708579
Kieron Pollard,2026-06-05,Eden Gardens Clay,High,137.53958707053667,11.646355442880811,0.6118991480498377,7.399248488270528,0.8774463009739865
Kieron Pollard,2026-06-05,Eden Gardens Clay,High,125.6717440953591,15.675238284782512,0.733779683048972,5.874090134471444,0.8110690446587564
Kieron Pollard,2026-06-05,Wankhede Red Soil,Low,134.84437819444133,10.805368569307802,0.19331840815812332,6.734642160209892,1.6147300966984843
Kieron Pollard,2026-06-05,Wankhede Red Soil,Low,147.49460902285983,10.763511227993106,-0.43618190626187553,6.374143040352793,1.0816906515066487
Kieron Pollard,2026-06-05,Eden Gardens Clay,Low,133.20207155364196,15.98989264495285,-0.34055841817641186,5.450903675246376,1.1611380633922113
Kieron Pollard,2026-06-05,Chepauk Black Soil,Low,142.4920092250229,13.290405239503144,-0.2755736352428227,1.8302081738328209,0.9236382820200094
Kieron Pollard,2026-06-05,Eden Gardens Clay,High,131.5043884394188,12.331532775869933,0.5808479858510001,7.162231568300845,1.4804523562153786
Kieron Pollard,2026-06-05,Wankhede Red Soil,Low,134.04180207213696,15.009190498272147,-0.6287961118748966,6.10926102518628,1.5238692205204083
Kieron Pollard,2026-06-05,Eden Gardens Clay,Low,146.87334887131053,12.028243876671842,0.45365822991075655,5.315912910497804,1.3325931102237072
Kieron Pollard,2026-06-05,Eden Gardens Clay,Low,137.0448731340763,10.57627794074346,0.18057629888094096,3.013934109945283,1.0965375845292615
Kieron Pollard,2026-06-05,Chepauk Black Soil,Low,144.69930434519785,15.7118703924991,-0.36439244275925026,2.199094174474835,0.7432888378431887
Kieron Pollard,2026-06-05,Wankhede Red Soil,High,124.824398010581,11.412661513227404,-0.7163350904050717,8.068733681748226,1.0733357791583809
Kieron Pollard,2026-06-05,Chepauk Black Soil,High,131.08645708097143,14.21082417408492,0.5688441682469809,4.445602388533319,1.0417420212228174
Kieron Pollard,2026-06-05,Chepauk Black Soil,Low,147.57697779153577,13.44301300125771,0.20079759926557514,4.360093959718704,0.7515853200836909
Kieron Pollard,2026-06-05,Wankhede Red Soil,Low,132.190488846764,12.303811836910103,0.5948343664850441,4.245506472630323,1.3958755209459015
Kieron Pollard,2026-06-05,Chepauk Black Soil,Low,148.42292321142705,11.399404587625252,-0.10777671072370305,1.8562226489092981,0.8784578464081652
Kieron Pollard,2026-06-05,Chepauk Black Soil,High,134.29748289081058,9.738023620161382,-0.10168119051068565,7.767672220653697,0.9336167395972582
Kieron Pollard,2026-06-05,Wankhede Red Soil,High,134.06380739479235,8.605255164967872,-0.6240748290771396,5.644442938006367,1.5168295944556256
Kieron Pollard,2026-06-05,Wankhede Red Soil,Low,148.0089123204193,11.253840522528234,0.11400707412006704,3.472699985952329,1.2887437913654365
Kieron Pollard,2026-06-05,Eden Gardens Clay,Low,148.4850154266339,9.669293600756262,0.020044609728100182,5.4610457265040955,0.895692009829366
Kieron Pollard,2026-06-05,Eden Gardens Clay,High,140.05588575546824,14.257298466077454,-0.6533152452075508,3.6930483893944532,1.0785246259636267
Kieron Pollard,2026-06-05,Eden Gardens Clay,Low,145.38628229538577,9.63827018675883,-0.370423624885555,2.561950142928108,1.0899656708613499
Kieron Pollard,2026-06-05,Chepauk Black Soil,High,138.0073081597673,15.93005778880368,0.43943906283113066,6.4822081852494335,0.7461049292103307
Kieron Pollard,2026-06-05,Wankhede Red Soil,High,132.95329717940007,9.9387757565438,0.7679052142733274,7.845135227061185,1.0939053087343913
Kieron Pollard,2026-06-05,Wankhede Red Soil,Low,144.9904051312368,14.798590934286773,0.2654612563835908,3.7628943288345917,1.1918394329235862
Kieron Pollard,2026-06-05,Chepauk Black Soil,Low,134.44450587179756,14.512657864967075,-0.732996773564394,2.975139084726658,0.9940799616185708
Kieron Pollard,2026-06-05,Chepauk Black Soil,Low,130.27759295053247,10.28547460364392,1.1007440926829428,5.141293397479092,0.7157057906219705
Kieron Pollard,2026-06-05,Wankhede Red Soil,High,121.02701240956222,11.643296897398535,-0.04913226061959311,3.904849872384515,1.484007585318199
Kieron Pollard,2026-06-05,Wankhede Red Soil,Low,147.74978038040092,13.08158138403305,-0.7743534747671774,5.892267375329805,1.2227919365328639
Kieron Pollard,2026-06-05,Chepauk Black Soil,High,125.39267404783867,14.28283886912304,0.640624606164532,2.0816631273932082,0.9055088294948639
Kieron Pollard,2026-06-05,Chepauk Black Soil,High,134.74314976019426,9.756639507532963,-1.2095160992925214,6.124785797262977,1.0602960886336463
Kieron Pollard,2026-06-05,Wankhede Red Soil,Low,148.00309784751914,8.942221083304002,-0.510820257206786,3.511495383955849,1.7027857776191153
Kieron Pollard,2026-06-05,Chepauk Black Soil,Low,133.64405625354112,10.709052626811172,0.8621248643104796,4.593425855272064,0.8345848537359142
Kieron Pollard,2026-06-05,Wankhede Red Soil,High,129.16771565991706,14.26316129464504,0.01481263208751642,6.674292507389127,1.7567054264157778
Kieron Pollard,2026-06-05,Chepauk Black Soil,Low,142.11684620322202,11.288558872876205,1.1554510189756633,3.124937644687003,0.7039153077608892
Kieron Pollard,2026-06-05,Chepauk Black Soil,High,135.60804126429446,14.793055015844503,0.900251959027486,2.1826284486301013,1.2408760942166355
Chris Gayle,2026-06-05,Chepauk Black Soil,Low,83.22269394480952,15.656378933079232,0.17922910162643432,6.863386131616988,0.37585452436019107
Chris Gayle,2026-06-05,Wankhede Red Soil,High,77.27115188243329,11.610037916989302,0.14692112003484256,7.868161334123126,0.840727253755777
Chris Gayle,2026-06-05,Eden Gardens Clay,High,76.98137250377118,14.765754169459058,3.7887455772208405,6.815016376110577,0.4075131900746699
Chris Gayle,2026-06-05,Eden Gardens Clay,High,86.4673291688105,13.661344316069368,-2.1950766264763493,2.1254615674344497,0.8073926900388932
Chris Gayle,2026-06-05,Wankhede Red Soil,Low,97.10861260627625,15.718638213770443,-2.2482208504902594,1.5119021742689838,0.956659555549281
Chris Gayle,2026-06-05,Wankhede Red Soil,Low,93.77120831388132,14.432714027326274,1.1712109677011733,2.6353281059246543,0.7774454117953339
Chris Gayle,2026-06-05,Eden Gardens Clay,High,74.68370637982554,11.726353621599296,0.12971775219783943,2.467571142548837,0.5435063109549099
Chris Gayle,2026-06-05,Eden Gardens Clay,Low,96.83627058616844,8.739926362813595,-2.355708446063697,4.912284735483355,0.6182652257715778
Chris Gayle,2026-06-05,Wankhede Red Soil,Low,85.57728210278961,11.680933337781179,-0.013400706712926792,6.553196225936343,0.5565239723796778
Chris Gayle,2026-06-05,Eden Gardens Clay,High,92.84063103465029,8.78424239963321,-2.382448552019649,4.606203357082926,0.4759628495683332
Chris Gayle,2026-06-05,Eden Gardens Clay,Low,83.25562503183029,15.500320155779487,-1.19066260622985,2.355293960472004,0.7529471871361796
Chris Gayle,2026-06-05,Chepauk Black Soil,High,80.29829067136257,15.682021256100235,-1.5308833977468999,4.246064145834485,0.40228594709720733
Chris Gayle,2026-06-05,Eden Gardens Clay,Low,86.49541392549428,15.476123343946199,-2.9998658205691546,4.030927422788718,0.8292034314382117
Chris Gayle,2026-06-05,Eden Gardens Clay,High,93.76490147386318,14.546681738632763,1.858257642095598,7.134323176264277,0.5260866927944747
Chris Gayle,2026-06-05,Eden Gardens Clay,Low,87.91347964705155,12.238929891846865,1.7263558663291736,3.4859178309193135,0.5275480218718975
Chris Gayle,2026-06-05,Chepauk Black Soil,High,95.80974415438038,10.313308031216273,-4.565208112672953,7.462209482068955,0.5034888637713532
Chris Gayle,2026-06-05,Wankhede Red Soil,High,82.368248865447,13.766537907716636,-1.4025930123177304,4.2222997638496205,0.8126924767578133
Chris Gayle,2026-06-05,Eden Gardens Clay,Low,88.39140995146103,15.91824471309262,-3.8067304404264446,5.56695319073488,0.43692501856885907
Chris Gayle,2026-06-05,Chepauk Black Soil,Low,91.40007261298635,11.572368745675607,2.202755917500634,5.5331156095833425,0.5429862136552555
Chris Gayle,2026-06-05,Eden Gardens Clay,Low,85.66531925355416,8.460020143606318,-1.82143402704253,3.3793998515522428,0.7951203507413701
Chris Gayle,2026-06-05,Wankhede Red Soil,Low,82.91898033017758,9.67987228848339,-2.2329076943966726,6.618999767420715,1.0315167406456076
Chris Gayle,2026-06-05,Eden Gardens Clay,High,89.32364381448268,8.752068214293159,-3.0418773993167987,5.330280241320356,0.8859874445056906
Chris Gayle,2026-06-05,Wankhede Red Soil,Low,94.82705917343333,9.827340159326697,-2.253777593552609,3.8555135251042536,1.074125847226692
Chris Gayle,2026-06-05,Chepauk Black Soil,Low,87.32923528216043,9.620081723572902,3.4462353248161586,4.3746078068921594,0.4320756385454023
Chris Gayle,2026-06-05,Eden Gardens Clay,High,87.76672292575856,14.427154420719392,3.4389697960652423,6.170130350113278,0.8533882950131577
Chris Gayle,2026-06-05,Eden Gardens Clay,High,75.4240111026834,15.8870865978487,-0.036741632257216494,5.332875022392935,0.5676124863356542
Chris Gayle,2026-06-05,Eden Gardens Clay,High,83.12594720712441,9.91382988956169,-2.895377564617159,7.680138593514423,0.5042036748126256
Chris Gayle,2026-06-05,Wankhede Red Soil,Low,91.21521908771976,8.464836636721948,1.4938242882225894,2.146772372855091,0.997333347302056
Chris Gayle,2026-06-05,Eden Gardens Clay,Low,83.26901141313769,11.909333187881707,-2.833079912274239,3.6110414176922494,0.5335428270459375
Chris Gayle,2026-06-05,Wankhede Red Soil,High,83.7419983506389,11.65956460784139,-0.04452193383031329,1.9454896811017761,0.5398251467570697
Chris Gayle,2026-06-05,Eden Gardens Clay,High,76.34338795829149,9.354882595425195,1.4364992881199745,2.0805634268672715,0.4638887338571181
Chris Gayle,2026-06-05,Chepauk Black Soil,High,90.42758654649388,11.277337549095623,3.535354309213506,3.206950687081962,0.6508232623793767
Chris Gayle,2026-06-05,Wankhede Red Soil,Low,95.3570532718512,9.494859242346955,0.8344344040784194,5.279773978719183,1.0688886425328752
Chris Gayle,2026-06-05,Chepauk Black Soil,High,80.17307171908745,14.772223011469665,-3.714025245596082,6.97451545238832,0.4806220610270043
Chris Gayle,2026-06-05,Chepauk Black Soil,Low,81.17400306120442,14.93460133185053,3.7906518007960086,3.8087858767620633,0.4059974852086433
Chris Gayle,2026-06-05,Eden Gardens Clay,Low,89.8332910348454,12.172848592167028,-3.189329463884693,6.190296205347506,0.6808014987457678
Chris Gayle,2026-06-05,Wankhede Red Soil,High,80.22305250006563,12.476749946241362,-1.7092374180457293,6.047938288213711,0.6397964444606893
Chris Gayle,2026-06-05,Wankhede Red Soil,High,80.43233689535595,12.567304752766114,-0.008569433426069395,6.021768350308682,0.9799292305223537
Chris Gayle,2026-06-05,Wankhede Red Soil,Low,98.35530250541737,14.529453061087688,-0.27533356005429116,4.099950093952372,0.8883790612126213
Chris Gayle,2026-06-05,Eden Gardens Clay,High,89.30090373503668,10.76181775917936,-3.8706647007266115,1.8502773797044851,0.7179534688513041
Chris Gayle,2026-06-05,Chepauk Black Soil,High,94.47390480351494,10.265189799473585,-4.867605806820941,7.7313646835534096,0.3943131764179868
Chris Gayle,2026-06-05,Chepauk Black Soil,High,85.92854590785497,13.331326480692148,-4.458115988378916,6.152448253443138,0.6998187220537365
Chris Gayle,2026-06-05,Chepauk Black Soil,Low,97.74745829459512,9.898511458703465,3.1191398106167294,1.6790784874462557,0.7289201843338068
Chris Gayle,2026-06-05,Chepauk Black Soil,Low,84.53126437994831,12.755262605761754,-3.921010931062986,2.0978320782511264,0.5034127066941084
Chris Gayle,2026-06-05,Chepauk Black Soil,High,90.67881001308632,12.998586283632868,-0.12018258225760663,2.329950705552657,0.4397630433154628
Chris Gayle,2026-06-05,Wankhede Red Soil,Low,81.83470961484608,12.811715699207227,1.8909758077416527,3.6093475450558588,0.7481595999030984
Chris Gayle,2026-06-05,Chepauk Black Soil,Low,99.83688363448674,10.80963622293859,2.8440930565342195,5.461302286143549,0.5909410364884691
Chris Gayle,2026-06-05,Eden Gardens Clay,Low,97.0669535630955,10.446720316103622,0.25112968150270376,1.7378622874855405,0.5307031285229727
Chris Gayle,2026-06-05,Wankhede Red Soil,High,81.46143296485309,11.088359070074896,-2.2864154763689704,4.678478679223655,1.0111281656027598
Chris Gayle,2026-06-05,Eden Gardens Clay,Low,94.44011508228554,10.383846440147302,-3.814905572020632,1.7514024053171922,0.7087149080433994
Chris Gayle,2026-06-05,Chepauk Black Soil,High,81.22258723403951,11.451842410220273,-3.8206276182974683,5.170826062897505,0.3803610324275054
Chris Gayle,2026-06-05,Chepauk Black Soil,Low,93.96416034350953,11.385032930196484,0.32403262250774995,3.7879183489533794,0.3763168400132353
Chris Gayle,2026-06-05,Wankhede Red Soil,High,79.13188376399643,11.846601885051033,2.3859975030378755,2.818450099097863,0.9301502873739476
Chris Gayle,2026-06-05,Chepauk Black Soil,High,81.48406082519838,9.046688239007489,4.016372999805991,2.348581504295795,0.6232875457935573
AB de Villiers,2026-06-05,Chepauk Black Soil,High,101.4089316981688,14.577925143633117,0.3854868413816179,2.7881071278145795,0.6583657905654042
AB de Villiers,2026-06-05,Chepauk Black Soil,High,101.11759651142071,10.034687010867337,1.0476751136895748,2.273452218686965,0.6010487807033432
AB de Villiers,2026-06-05,Chepauk Black Soil,Low,100.28689971626562,11.683051190036249,-1.0833388059047278,4.926916290150903,0.5054631595394672
AB de Villiers,2026-06-05,Eden Gardens Clay,Low,112.10501211345458,14.569480231729091,-0.7987342852030996,4.127603605576624,0.9528612249465842
AB de Villiers,2026-06-05,Wankhede Red Soil,High,98.58212117401311,8.654464764445889,0.21813058287210796,3.989220653302807,0.825899797038447
AB de Villiers,2026-06-05,Eden Gardens Clay,Low,113.82512090035462,9.275958216273978,0.423552882427251,1.6068038398517759,0.6418412016175081
AB de Villiers,2026-06-05,Eden Gardens Clay,High,108.92234278172722,9.884721775063072,-0.5409477934033375,2.2984117624299647,0.8834481019692331
AB de Villiers,2026-06-05,Wankhede Red Soil,High,110.91081730637622,10.349010972542196,-0.5894841792441531,8.506494772829507,0.9733940416893656
AB de Villiers,2026-06-05,Chepauk Black Soil,Low,104.0887822535539,13.307579237122347,-0.13252742202567327,2.051997847967782,0.8004343956276609
AB de Villiers,2026-06-05,Chepauk Black Soil,Low,108.57045372614955,10.087606563158541,-1.1262335261686462,5.593114367906037,0.8114511014897757
AB de Villiers,2026-06-05,Wankhede Red Soil,High,97.21533024706639,12.209402758804114,-0.0632583853891731,7.860261443128312,0.6421429710417158
AB de Villiers,2026-06-05,Wankhede Red Soil,Low,100.46380373565971,11.172580725388602,0.019391375343898433,3.5070887100350556,0.7755034988391565
AB de Villiers,2026-06-05,Eden Gardens Clay,Low,113.00730120545569,13.741741521174538,-0.29634549654524456,4.459936329938519,0.7516662160981384
AB de Villiers,2026-06-05,Chepauk Black Soil,High,101.41309595300248,10.483560200199973,-0.3057911841697326,5.030129190792099,0.6972929828680577
AB de Villiers,2026-06-05,Chepauk Black Soil,High,102.7854545821908,15.21322132607259,-1.108800449966212,2.7543633589754126,0.5835788044960842
AB de Villiers,2026-06-05,Wankhede Red Soil,High,109.8529340314105,10.859434576237131,-0.3609627738889685,2.5185123032705015,0.624600494133941
AB de Villiers,2026-06-05,Wankhede Red Soil,Low,102.9980863541455,10.88714147445372,0.7757213922293662,1.6183690042425312,1.0908732369838903
AB de Villiers,2026-06-05,Wankhede Red Soil,Low,114.03679260797674,12.390275466623441,-0.17229232649405138,1.5063424622739463,0.6520526824394497
AB de Villiers,2026-06-05,Eden Gardens Clay,Low,111.8114794956317,11.128452527168335,0.8475069709051855,4.452092973863089,0.5160507261669779
AB de Villiers,2026-06-05,Eden Gardens Clay,High,109.07257357096869,14.37023472420901,-0.5960912475567759,6.169348142581293,0.8845544715342402
AB de Villiers,2026-06-05,Chepauk Black Soil,High,106.17835268910464,10.032331743480086,0.8792682724285529,7.896045571437036,0.43758356342097504
AB de Villiers,2026-06-05,Chepauk Black Soil,Low,105.89124206566514,10.859523671711514,0.8406614105749983,4.646067941247161,0.6118036693225423
AB de Villiers,2026-06-05,Chepauk Black Soil,High,101.25104106087387,12.18461527319887,0.69996490282769,5.238343192039795,0.6804128637897099
AB de Villiers,2026-06-05,Wankhede Red Soil,High,103.3585765664216,10.373144311307403,-0.7781021739574847,3.0589635569258395,1.1281619339779076
AB de Villiers,2026-06-05,Eden Gardens Clay,Low,117.77856268742246,14.118534760541255,0.8583558187940399,4.473865253236662,0.5779530964053993
AB de Villiers,2026-06-05,Eden Gardens Clay,Low,117.50862676027631,8.002155116242692,-0.46561627493089786,6.125412624033786,0.869206056367944
AB de Villiers,2026-06-05,Eden Gardens Clay,High,98.41035871345755,8.048427352605028,-0.028993994522390265,8.728827298208877,0.977857516227176
AB de Villiers,2026-06-05,Chepauk Black Soil,Low,102.62334014665349,8.186244028622294,-1.2832144785914048,4.916882343633289,0.8430403230927822
AB de Villiers,2026-06-05,Eden Gardens Clay,High,105.88838681389585,13.973229031372156,-0.2931352641574001,2.6171162281444946,0.9175492712322288
AB de Villiers,2026-06-05,Wankhede Red Soil,High,109.62151564849472,15.799939513307066,0.19486676279704282,4.894040074198151,0.8065266069806118
Sachin Tendulkar,2026-06-05,Eden Gardens Clay,High,95.69150258296618,9.888837572963165,0.1478805706465096,5.312879522043451,0.8117510639250305
Sachin Tendulkar,2026-06-05,Chepauk Black Soil,High,100.92710447034143,11.106891432397234,1.2583322926259395,3.128846532400949,0.5639840589249517
Sachin Tendulkar,2026-06-05,Wankhede Red Soil,High,114.01131726676641,15.195949028497688,0.5624234540965164,6.284541450210298,0.6906386126374625
Sachin Tendulkar,2026-06-05,Chepauk Black Soil,High,114.83333625910404,12.452124427296413,0.4517912161845447,2.8472299695333874,0.6223587021814085
Sachin Tendulkar,2026-06-05,Eden Gardens Clay,Low,104.3310621250524,9.127059977594346,-0.7777254024565048,1.9546575080039947,0.5121498671066451
Sachin Tendulkar,2026-06-05,Eden Gardens Clay,High,95.83753682035483,15.59926213484091,0.24455510217831766,2.4309365432138037,0.5924525431552894
Sachin Tendulkar,2026-06-05,Chepauk Black Soil,High,108.33928353590109,13.373413375840226,-0.5668428835174305,1.8634749706042444,0.7532613264835384
Sachin Tendulkar,2026-06-05,Chepauk Black Soil,High,95.36321688990006,11.637244981419032,0.12905019533755477,5.180323100865116,0.5796724013727302
Sachin Tendulkar,2026-06-05,Wankhede Red Soil,Low,109.88155940098841,12.646775371642265,-0.7923120417345135,4.5295270986268505,1.039090793122573
Sachin Tendulkar,2026-06-05,Eden Gardens Clay,High,99.94045877078871,14.066069991225543,-0.9502285294899118,3.308448859009246,0.8422396044034905
Sachin Tendulkar,2026-06-05,Chepauk Black Soil,Low,117.2019391285854,11.346863872128043,-0.5402618073366137,4.806494045181465,0.6125525715681489
Sachin Tendulkar,2026-06-05,Eden Gardens Clay,Low,111.59173568544112,8.986359287868975,0.9952831122845718,5.370418340666196,0.557919756529716
Sachin Tendulkar,2026-06-05,Chepauk Black Soil,Low,111.23262343830308,15.33401149633136,0.8091090483567623,6.362001512513723,0.5778714172418602
Sachin Tendulkar,2026-06-05,Wankhede Red Soil,Low,106.75152388677911,15.837592600291256,-0.4584066300547644,3.8172655142965044,0.9559761795490717
Sachin Tendulkar,2026-06-05,Wankhede Red Soil,Low,118.45848976187867,12.850019361608048,-0.21105268705804364,2.714726395892078,1.0252645187542517
Sachin Tendulkar,2026-06-05,Eden Gardens Clay,Low,112.02874507903766,11.883225652996597,-0.414076551335097,4.076098842955014,0.6972211820399926
Sachin Tendulkar,2026-06-05,Wankhede Red Soil,Low,103.57815531222798,10.407782323102346,-0.428422869648284,1.8928224854219446,0.628713996015336
Sachin Tendulkar,2026-06-05,Wankhede Red Soil,High,105.83764170950987,14.362421652871834,0.6820881122365638,4.426936002779085,0.6444734650216813
Sachin Tendulkar,2026-06-05,Wankhede Red Soil,Low,103.96107631333638,15.118219854950544,-0.7517283160802336,5.5633351433359115,0.6994867763362546
Sachin Tendulkar,2026-06-05,Chepauk Black Soil,Low,108.99308298843374,14.882207844550368,-0.3187407463658807,6.095676857735481,0.7388090818657559
Sachin Tendulkar,2026-06-05,Eden Gardens Clay,High,101.0139517570272,8.518244652878362,-0.5184168178456339,6.414890689308727,0.5753613232392065
Sachin Tendulkar,2026-06-05,Chepauk Black Soil,Low,100.98170402448585,12.424988323698166,-0.7197022712747019,6.58869215527038,0.5726943125925437
Sachin Tendulkar,2026-06-05,Wankhede Red Soil,High,105.96801240049604,9.200207154352732,0.7949489762206687,6.8524141460192896,0.6968605350613303
Sachin Tendulkar,2026-06-05,Chepauk Black Soil,High,104.42373467630507,14.892277745409384,-1.0381758093237698,6.477628732069454,0.8251488883805661
Sachin Tendulkar,2026-06-05,Eden Gardens Clay,Low,115.98884882448861,11.755550622312981,0.8020846835238584,6.045566021632153,0.5832232368211354
Sachin Tendulkar,2026-06-05,Wankhede Red Soil,Low,106.36667748317093,15.529109848613816,-0.003435748658757021,3.6417582050090047,0.6683595104655301
Sachin Tendulkar,2026-06-05,Eden Gardens Clay,Low,117.92759931369432,13.515417203236588,-0.03783247290394476,6.861561176739615,0.8771623290452683
Sachin Tendulkar,2026-06-05,Chepauk Black Soil,High,93.40623761403542,14.95304815737298,1.180372638755602,7.177586333795313,0.5198554827341971
Sachin Tendulkar,2026-06-05,Chepauk Black Soil,High,114.59323496752164,11.133595719226722,-0.3688768175322656,3.2454181622048317,0.6571629568476954
Sachin Tendulkar,2026-06-05,Chepauk Black Soil,High,107.40215451250796,11.872500774672623,-1.1404396653661213,8.972035020124443,0.46282349062851663
Sachin Tendulkar,2026-06-05,Chepauk Black Soil,High,98.08890388494196,15.148736125435251,0.7600983646827983,8.755754584862585,0.5140542212849188
Sachin Tendulkar,2026-06-05,Wankhede Red Soil,High,109.70916762046186,10.90879819306347,-0.2278723991870308,4.523626329318472,0.7702852345114316
Sachin Tendulkar,2026-06-05,Eden Gardens Clay,High,101.0392041050104,14.488814510409942,-0.5426736930140406,8.594898741769828,0.7606859128695771
Sachin Tendulkar,2026-06-05,Wankhede Red Soil,High,107.8480883180267,13.363157037914831,0.17139173084832643,2.544267306592354,0.8832543909003471
Sachin Tendulkar,2026-06-05,Wankhede Red Soil,Low,102.37103780591575,15.475737110649881,-0.42371390668064973,2.548136889354125,0.9696226716372176
Sachin Tendulkar,2026-06-05,Eden Gardens Clay,Low,114.12054832460262,12.452457178393782,-0.06958078416196622,3.299099652701359,0.7573211276607466
Sachin Tendulkar,2026-06-05,Chepauk Black Soil,Low,108.45367479921849,12.263940574837243,-0.6096570597660568,6.997715061288306,0.8189695222147865
Sachin Tendulkar,2026-06-05,Eden Gardens Clay,High,103.27907758831742,12.23689307288722,-0.011727240350601686,7.401789354536647,0.6635615545173321
Sachin Tendulkar,2026-06-05,Wankhede Red Soil,Low,106.75165322365456,9.13589216696634,-0.49942104697939843,6.259591472995021,0.8149064885312839
Sachin Tendulkar,2026-06-05,Chepauk Black Soil,Low,113.79203213588478,15.86975378930919,-0.49039202071660715,1.745967290946846,0.5793515461709265
Sachin Tendulkar,2026-06-05,Eden Gardens Clay,High,103.63725992259286,15.871097010298653,-0.9440739707128039,3.154140051996962,0.5115162105840483
Sachin Tendulkar,2026-06-05,Wankhede Red Soil,High,95.95469487307392,10.6747929892426,0.20103718540820578,1.7650042703806832,0.8794839887495026
Sachin Tendulkar,2026-06-05,Chepauk Black Soil,Low,106.29897933255288,11.102898360927947,0.5199711516976889,3.701975699308276,0.7162814848324093
Sachin Tendulkar,2026-06-05,Eden Gardens Clay,High,114.12362259783043,11.843356928596172,0.7909902978413228,6.493733081947207,0.7700963363266575
Sachin Tendulkar,2026-06-05,Eden Gardens Clay,High,100.4142781920323,11.269160149429192,-0.9853536798857156,5.929949406270451,0.997202333637867
Sachin Tendulkar,2026-06-05,Wankhede Red Soil,High,116.18844103678533,15.84491499112669,0.01214827299710457,3.765952572445352,0.9047366304138234
Sachin Tendulkar,2026-06-05,Eden Gardens Clay,High,115.3096503012326,10.31680333247844,0.15585302166681725,8.373244728602128,0.6121199251572838
Sachin Tendulkar,2026-06-05,Chepauk Black Soil,Low,100.72986137180992,10.288454919727272,1.0341271711376172,5.63342970074274,0.6371051616580411
Sachin Tendulkar,2026-06-05,Wankhede Red Soil,High,112.1814288019487,13.652143787776026,0.6037755435260999,3.113452635915882,0.9463495241801341
Sachin Tendulkar,2026-06-05,Wankhede Red Soil,Low,114.10248618629167,14.260460609444381,0.6124836845096318,6.165488938596233,1.0271091295232746
Sachin Tendulkar,2026-06-05,Chepauk Black Soil,High,106.26913177296397,10.32016478889532,-0.6285896916458154,3.5536722525276567,0.7012467854132034
Sachin Tendulkar,2026-06-05,Eden Gardens Clay,Low,110.47891910368251,12.702700551308805,0.08198674538519257,4.21723341130601,0.9893329141854255
Sachin Tendulkar,2026-06-05,Chepauk Black Soil,Low,112.53636441668588,8.888740060882952,0.6514703067852541,5.880378425697441,0.48464212865350187
Zaheer Khan,2026-06-05,Chepauk Black Soil,High,138.57484536573344,8.094090916526941,0.4468160857221784,6.973265780451461,1.009563358355357
Zaheer Khan,2026-06-05,Eden Gardens Clay,Low,139.79396779833363,9.613129111831366,-0.2230121342877711,5.940910668675922,1.2717919452286244
Zaheer Khan,2026-06-05,Wankhede Red Soil,High,141.58868111843964,14.217721994307112,-0.0958597825730319,5.293890340218148,1.5916616304569031
Zaheer Khan,2026-06-05,Eden Gardens Clay,High,131.90434652231187,14.55909282417791,0.2696528859460259,5.009198472643518,1.1182318027690066
Zaheer Khan,2026-06-05,Wankhede Red Soil,Low,145.81214141382887,10.013885807168371,-0.7045773606577357,2.6618182780910797,1.3689926307499187
Zaheer Khan,2026-06-05,Chepauk Black Soil,Low,148.5230592555073,12.19234684927161,1.1479172695390025,3.9500777915156178,0.8303349011248492
Zaheer Khan,2026-06-05,Wankhede Red Soil,High,138.2529957380865,12.171331254434602,0.027454788220833495,5.189856026216765,1.5177523647286069
Zaheer Khan,2026-06-05,Eden Gardens Clay,High,129.02914535264054,13.137831049734526,0.9283303515943748,5.8543253935795025,1.2635472350188457
Zaheer Khan,2026-06-05,Wankhede Red Soil,Low,147.1950522343098,11.046822456659129,0.290927907470166,2.079288871938708,1.4091578847243538
Zaheer Khan,2026-06-05,Wankhede Red Soil,Low,137.41929216203823,12.58420733096504,-0.14157717197090208,4.325249658460582,1.4513668644580544
Zaheer Khan,2026-06-05,Eden Gardens Clay,High,133.85135611373437,8.58262995450446,0.13032660692389642,4.309672655873639,1.3720676971819663
Zaheer Khan,2026-06-05,Eden Gardens Clay,Low,148.39893349489785,15.267596011856831,-0.37474035486634616,2.200036819590191,0.8218596920823229
Zaheer Khan,2026-06-05,Eden Gardens Clay,High,132.25619563259306,9.254676006449717,0.6314939974501661,5.9830638199845,1.4256409345801702
Zaheer Khan,2026-06-05,Chepauk Black Soil,High,140.43996209463097,13.877280236804111,0.1909013096851667,6.960814834067808,1.1665929844212988
Zaheer Khan,2026-06-05,Chepauk Black Soil,High,134.03725136319005,11.692478457204409,-0.5444286769939317,7.739732162337891,0.9155654056443636
Zaheer Khan,2026-06-05,Chepauk Black Soil,High,143.09537780650945,9.714938650511646,-0.07256399015541125,4.512688616961854,0.8124912993063511
Zaheer Khan,2026-06-05,Chepauk Black Soil,High,133.82516762150482,9.229991688923437,-1.0209686341412305,3.154264346491435,0.9755784020057485
Zaheer Khan,2026-06-05,Eden Gardens Clay,Low,131.61576408984772,13.171093536031645,0.8483685137545924,6.417424936737332,1.2193419631498568
Zaheer Khan,2026-06-05,Wankhede Red Soil,Low,133.40746614314523,15.140800591226517,0.7098584544959803,4.520379126041347,1.6539440873115534
Zaheer Khan,2026-06-05,Eden Gardens Clay,High,136.74285888322333,13.494648357466668,0.44762545783418206,4.307063169056832,0.9277235751520457
Zaheer Khan,2026-06-05,Chepauk Black Soil,High,128.40915173149162,10.148429212468372,-1.0173097463895768,3.715087386808533,0.8467637001316419
Zaheer Khan,2026-06-05,Wankhede Red Soil,Low,137.32988121844105,15.461088715873775,0.6665566282564926,3.8382654983317908,1.7195569479304924
Zaheer Khan,2026-06-05,Chepauk Black Soil,Low,147.9211416854669,15.035808623344495,-1.2774474362172534,5.670938047733702,1.1376203031076464
Zaheer Khan,2026-06-05,Eden Gardens Clay,Low,130.23699347183566,13.734098427139472,0.4753325155180619,5.299589602957084,1.2981844355574161
Zaheer Khan,2026-06-05,Wankhede Red Soil,Low,131.57193219684547,8.654430226964758,0.3973821483669074,4.270393733027713,1.3001346664866087
Zaheer Khan,2026-06-05,Eden Gardens Clay,High,127.74441106789607,15.552941364724106,0.5985967856859522,3.4559089360152924,1.3717156920240323
Zaheer Khan,2026-06-05,Chepauk Black Soil,Low,131.45005768998033,13.395849671273261,0.7708380837805034,5.547461720129696,0.7748749250248832
Zaheer Khan,2026-06-05,Eden Gardens Clay,Low,141.4324517499154,8.768824319350355,-0.3891258966343214,4.370936982978007,1.292164085344282
Zaheer Khan,2026-06-05,Eden Gardens Clay,High,130.39920349535572,9.29230452480471,0.5379360849479284,3.2102186585608954,1.146411092927735
Zaheer Khan,2026-06-05,Eden Gardens Clay,High,130.17343026609558,8.475113076028814,-0.2277801583579342,6.463530808957549,1.4430371376927456
Zaheer Khan,2026-06-05,Chepauk Black Soil,High,140.4010380314459,10.298595109801859,-0.1769304850945201,5.7881452802179725,0.7789924992465731
Zaheer Khan,2026-06-05,Eden Gardens Clay,High,141.35562029124793,10.00159788906828,0.23794214122192558,8.315650888471012,1.331874384146722
Zaheer Khan,2026-06-05,Eden Gardens Clay,High,121.1770699744016,13.485977349185895,-0.5206598868268606,5.5547313055622585,1.3426400505523337
Zaheer Khan,2026-06-05,Chepauk Black Soil,High,133.29308876646272,15.149853631760807,-0.8978101179018888,4.380449263972534,1.2595795445572444
Zaheer Khan,2026-06-05,Eden Gardens Clay,Low,140.71680678113285,9.934939669482528,-0.25309221632925083,3.620283212881541,0.8167210839321236
Zaheer Khan,2026-06-05,Chepauk Black Soil,Low,135.79848310046617,10.299838929923233,0.23867766293477571,4.709573617923488,1.1177333558941034
Zaheer Khan,2026-06-05,Chepauk Black Soil,High,135.75626358985826,9.025647500385226,0.7103588851846923,7.03031285772772,1.1054811688063124
Zaheer Khan,2026-06-05,Wankhede Red Soil,High,131.27100793073618,15.491454884719145,0.6423621483951909,5.51240950307595,1.4588825660909026
Yuvraj Singh,2026-06-05,Wankhede Red Soil,High,109.02715386289147,13.933759324210822,-0.13278719335972422,6.418381148580643,1.0411701080590012
Yuvraj Singh,2026-06-05,Wankhede Red Soil,Low,116.20460253802976,8.681808498639572,0.6285091387389459,3.925963353621185,0.8000876748256002
Yuvraj Singh,2026-06-05,Eden Gardens Clay,High,105.42910842041857,8.25963534310571,0.6394729441852729,5.141354214547249,0.5407934602745317
Yuvraj Singh,2026-06-05,Chepauk Black Soil,Low,100.71310676264672,8.817396382332038,-1.1189399418380164,2.0513997520729244,0.6716372845042228
Yuvraj Singh,2026-06-05,Eden Gardens Clay,Low,106.22526996075871,8.259419862264853,0.05658879661874061,6.845536891065176,0.7017120275652025
Yuvraj Singh,2026-06-05,Eden Gardens Clay,Low,117.16060227058766,10.760462646372012,0.22023613822534194,4.632677902119601,0.9883992410820055
Yuvraj Singh,2026-06-05,Wankhede Red Soil,Low,111.13527090160974,10.64197406057877,0.22097396346343726,5.237412480315543,1.0930290153723163
Yuvraj Singh,2026-06-05,Eden Gardens Clay,Low,111.34204892706961,14.92301937321749,0.9920081310773028,6.519667612976622,0.6246057532227469
Yuvraj Singh,2026-06-05,Chepauk Black Soil,Low,113.75248881857434,10.662133861506266,1.1407300207468622,3.142806385007086,0.8082257847155229
Yuvraj Singh,2026-06-05,Eden Gardens Clay,Low,109.89580638164934,10.6329297995944,0.3129695998249138,5.6702579000380195,0.5626511255714985
Yuvraj Singh,2026-06-05,Chepauk Black Soil,Low,101.67496137818831,10.668653097784645,-0.3841988321077234,6.686840914096738,0.6019322865182105
Yuvraj Singh,2026-06-05,Chepauk Black Soil,High,108.73311844181654,15.500445273402383,0.09359106566452069,2.2989888037509165,0.46808587741383717
Yuvraj Singh,2026-06-05,Chepauk Black Soil,Low,104.13631211574558,8.78963863173485,-1.2087372187473675,2.1340551625449904,0.46438777820882426
Yuvraj Singh,2026-06-05,Chepauk Black Soil,Low,105.1940055916817,12.4552625156815,-0.7207793487277159,4.844391107416622,0.4250194188977678
Yuvraj Singh,2026-06-05,Eden Gardens Clay,Low,114.83451237178512,13.645502724923768,0.8001326806966249,2.548592570728016,0.760312458787809
Yuvraj Singh,2026-06-05,Wankhede Red Soil,Low,110.61619974477722,13.217057508393278,0.331130819442615,6.6127323453315405,0.7515928940808847
Yuvraj Singh,2026-06-05,Eden Gardens Clay,High,100.73008216296955,13.263097381868395,-0.009155522751860934,4.277555928438833,0.5660230032098237
Yuvraj Singh,2026-06-05,Chepauk Black Soil,High,114.67927392843725,10.549475391219882,0.009309636513998144,7.10025019540906,0.574117943156565
Yuvraj Singh,2026-06-05,Chepauk Black Soil,High,101.11095623616725,10.577229923789556,-0.7497380418579956,3.7007980762300092,0.4788695755746807
Yuvraj Singh,2026-06-05,Eden Gardens Clay,High,100.92857229008533,10.03130433273286,0.19725338752342103,3.424613024649117,0.908989288820107
Yuvraj Singh,2026-06-05,Eden Gardens Clay,High,100.71368142970412,14.491673922296766,0.009143227365909778,5.605602969423878,0.9508367438073209
Yuvraj Singh,2026-06-05,Chepauk Black Soil,Low,118.87322438356729,11.244636552520568,-0.6863578427622636,5.571644037691747,0.5856335940050765
Yuvraj Singh,2026-06-05,Wankhede Red Soil,Low,110.78287342327135,13.050008731015616,0.5098459303078816,3.2987842110726846,0.8485353874913782
Yuvraj Singh,2026-06-05,Chepauk Black Soil,Low,118.8240878720322,14.33514372112709,0.43465412843695644,2.440027306036966,0.5255905283422193
Yuvraj Singh,2026-06-05,Chepauk Black Soil,High,111.30529090374955,15.905381814330088,0.8813947377454419,3.3608292188585818,0.5320566085365659
Yuvraj Singh,2026-06-05,Wankhede Red Soil,Low,101.09808032201393,13.092333310045394,0.23309416208450973,3.959147677566221,0.6303956537025142
Yuvraj Singh,2026-06-05,Eden Gardens Clay,High,106.19592821227161,15.852426681988986,0.9072786308275727,7.018807507787317,0.7116865885559805
Yuvraj Singh,2026-06-05,Wankhede Red Soil,High,112.0784827856207,12.722394599982529,-0.7817118184447231,8.440510434468681,0.7440442856153734
Yuvraj Singh,2026-06-05,Chepauk Black Soil,Low,119.18153258721739,12.110827182215814,-1.11405211342561,2.5618666546328113,0.4412640597002109
Yuvraj Singh,2026-06-05,Eden Gardens Clay,Low,116.5870136350893,13.860108409075524,-0.8119811267008303,3.2226168529110653,0.9401266199380549
Yuvraj Singh,2026-06-05,Chepauk Black Soil,High,99.36984723942713,13.356441657689519,0.48081775241355945,1.8290759983906861,0.5170543600459313
Yuvraj Singh,2026-06-05,Chepauk Black Soil,Low,103.3851929076789,9.15940529085119,-0.804794225218631,6.576164048113929,0.5787620099865602
Yuvraj Singh,2026-06-05,Chepauk Black Soil,Low,112.40207640938914,9.034919810530642,0.5228133515958855,5.31054897056382,0.7259525358976682
Yuvraj Singh,2026-06-05,Wankhede Red Soil,Low,106.69380776260671,12.20595545814557,0.5427314446863102,4.899370416941919,1.0466529323200375
Yuvraj Singh,2026-06-05,Eden Gardens Clay,Low,119.93959830701269,12.246788587893361,0.28392184514442853,5.79208010103055,0.8738043890599358
Yuvraj Singh,2026-06-05,Eden Gardens Clay,Low,110.95065996900239,11.4962122548291,0.6781437254890266,3.01410637384646,0.8651755084971755
Yuvraj Singh,2026-06-05,Wankhede Red Soil,Low,106.64559743606972,13.681943379259474,-0.5320949341186204,3.2245496532815485,0.8948436357540214
Yuvraj Singh,2026-06-05,Eden Gardens Clay,High,113.89002741437977,12.980799950210315,0.7696821314853513,7.562037481810238,0.7691356619584764
Yuvraj Singh,2026-06-05,Chepauk Black Soil,High,108.21383217563809,14.080597671922774,0.5844191790628039,3.891133304422656,0.5874764863101952
Yuvraj Singh,2026-06-05,Wankhede Red Soil,High,103.59741169220631,10.980042845198476,0.6548688211145717,7.850196259289436,1.1093028082993672
Yuvraj Singh,2026-06-05,Chepauk Black Soil,High,113.11731175823772,13.316976968903479,0.773805173845163,4.84393223908653,0.840462687509834
Yuvraj Singh,2026-06-05,Chepauk Black Soil,High,104.54503058162331,8.829921628805943,-0.692486993779012,4.4658808315479215,0.6514930742743507
Suresh Raina,2026-06-05,Wankhede Red Soil,High,112.53332950403514,14.078407974152652,-0.6880749803550521,5.261551427663264,1.1382463925595767
Suresh Raina,2026-06-05,Eden Gardens Clay,Low,112.3914478191808,14.376107542654799,-0.44533440430162274,4.249014364784792,0.6219189978080764
Suresh Raina,2026-06-05,Chepauk Black Soil,High,102.5711027305222,10.669079398945406,0.6513568084022116,5.844012465829072,0.7995306885480749
Suresh Raina,2026-06-05,Eden Gardens Clay,Low,112.7397111147085,12.269578010605377,-0.9489219859105726,5.956120645510395,0.9133269019869908
Suresh Raina,2026-06-05,Chepauk Black Soil,High,99.89360473263112,15.151103485270696,-0.19219416258433233,7.246961426365763,0.42631718330722723
Suresh Raina,2026-06-05,Chepauk Black Soil,High,99.26271059124369,8.92133378355587,0.2314851407899576,7.188167966850991,0.5743564487952418
Suresh Raina,2026-06-05,Chepauk Black Soil,High,99.97900475108035,14.666407608955696,0.7078218682858899,5.297655185985174,0.7970448749581807
Suresh Raina,2026-06-05,Eden Gardens Clay,Low,117.04856201947018,13.767164401644362,-0.41680768875852103,5.601122159858559,0.9237408799748579
Suresh Raina,2026-06-05,Eden Gardens Clay,High,108.0285602893207,14.943365449599792,0.07454182191713299,5.039316272458121,0.7878847529859789
Suresh Raina,2026-06-05,Eden Gardens Clay,High,110.47426469596678,12.430539066966249,-0.7545087455155359,8.868164519719743,0.8856079583619858
Suresh Raina,2026-06-05,Chepauk Black Soil,Low,104.769214303996,9.71902990805227,-0.4540544451977314,3.0702564939873787,0.8300898680464158
Suresh Raina,2026-06-05,Wankhede Red Soil,Low,106.67619536988734,10.793789209334744,-0.6281441260567855,5.160402453858478,0.7749039905069554
Suresh Raina,2026-06-05,Eden Gardens Clay,High,97.9579314929329,8.16172470450646,0.32458644923595603,4.735164037782386,0.67843978563993
Suresh Raina,2026-06-05,Chepauk Black Soil,High,107.80698220920883,13.790471821125696,-0.7434380568598605,3.753856655080379,0.8145614179083442
Suresh Raina,2026-06-05,Eden Gardens Clay,High,116.16694244872008,12.482144772401192,0.5763238980277752,4.720793259581402,0.6599122747891003
Suresh Raina,2026-06-05,Chepauk Black Soil,High,93.49030288496759,13.250792382607967,1.1307374403793913,3.529889129353842,0.501980717348213
Suresh Raina,2026-06-05,Eden Gardens Clay,High,97.19070570443644,9.72389295948367,0.7343281808565778,7.0382291255302665,0.9325755085645842
Suresh Raina,2026-06-05,Chepauk Black Soil,High,94.25534715585916,12.720936333663621,-1.0669591190389116,8.771317277530631,0.47734707055159087
Suresh Raina,2026-06-05,Chepauk Black Soil,Low,103.88370851261547,8.964225092323215,1.0929154781190125,3.0364364433967315,0.7653077158976126
Suresh Raina,2026-06-05,Wankhede Red Soil,High,111.17825574555762,8.030417889205456,-0.5670046824834056,3.6466687614181357,0.8201483034462639
Suresh Raina,2026-06-05,Wankhede Red Soil,High,100.23260645371323,12.799761523301216,-0.04060142228946955,4.4930901345797665,0.9749284430489807
Suresh Raina,2026-06-05,Eden Gardens Clay,Low,105.3358376671918,8.20593245599727,-0.05393394205748647,1.8752521176229047,0.861839479125217
Suresh Raina,2026-06-05,Chepauk Black Soil,Low,119.96130622148588,13.097648125390348,1.2626102079398946,6.274543336046063,0.7299235586448188
Suresh Raina,2026-06-05,Eden Gardens Clay,High,107.49572230544756,9.958039989537,-0.9449818969872108,1.8701926239688533,0.6167600970261649
Suresh Raina,2026-06-05,Chepauk Black Soil,Low,105.81097802947973,13.172138232810653,-1.1869682640498098,2.988458617487849,0.7068411104575867
Suresh Raina,2026-06-05,Eden Gardens Clay,High,99.99860138327142,9.629013951392697,-0.28315459669472176,6.477226360453692,0.9901797431498687
Suresh Raina,2026-06-05,Chepauk Black Soil,Low,116.05303120114732,9.64784059631679,-0.8124259566921258,2.4529804797534562,0.4531076769354196
Suresh Raina,2026-06-05,Chepauk Black Soil,Low,115.65237183326522,12.82709210646512,-1.1686572417728471,3.7517036281431566,0.5958292241275408
Suresh Raina,2026-06-05,Eden Gardens Clay,Low,109.10574941755677,9.868966638515273,-0.680007960317182,3.383494751327401,0.6682003127269088
Suresh Raina,2026-06-05,Wankhede Red Soil,High,103.74233244739641,15.29296689177594,0.6704861295049049,5.078426739832288,0.6424392897255475
Suresh Raina,2026-06-05,Wankhede Red Soil,Low,118.1007986583832,10.618570302997956,0.348859403218847,3.949039505610098,1.0751010793929758
Suresh Raina,2026-06-05,Chepauk Black Soil,High,109.45025335042315,15.619510782719292,0.6079626429818943,6.290681812639688,0.7005707821352353
Suresh Raina,2026-06-05,Chepauk Black Soil,High,102.39609215857908,8.912124429445864,0.5267870755820026,2.6398290121977497,0.6941204285666397
Suresh Raina,2026-06-05,Eden Gardens Clay,Low,111.08438100587868,9.420799134071938,0.653749186627856,1.800708964659369,0.5959224046646796
Suresh Raina,2026-06-05,Wankhede Red Soil,High,97.45843072113766,13.587365597766798,-0.38537339608345267,3.2291649871135086,1.1277531002169856
Suresh Raina,2026-06-05,Chepauk Black Soil,Low,116.28007413959836,15.566506141322304,-0.6785429103878907,3.7136065356852184,0.6049352932310579
Suresh Raina,2026-06-05,Wankhede Red Soil,High,105.32024538908169,9.25868831034256,0.4559806714071455,6.746700100976673,0.7012656501655842
Suresh Raina,2026-06-05,Chepauk Black Soil,High,100.46237710104042,10.917347844375573,-0.4719809669631578,4.222410287082828,0.7300169507333778
Suresh Raina,2026-06-05,Chepauk Black Soil,Low,111.75978523922106,12.843308525068622,0.6947803614173858,6.746443388936899,0.840144204085137
Suresh Raina,2026-06-05,Chepauk Black Soil,High,102.4483008854626,9.953379208721309,0.17011050140940046,4.857302959840613,0.6493085225628068
Suresh Raina,2026-06-05,Eden Gardens Clay,High,102.52764005527283,14.759843062582249,-0.1354725931671974,8.464082537644597,0.9446279032655669
Suresh Raina,2026-06-05,Chepauk Black Soil,High,97.2226642142411,9.05103210827842,0.8256872964275659,9.452643829456019,0.601884680370891
Suresh Raina,2026-06-05,Wankhede Red Soil,High,95.18000938903016,14.307263820451002,-0.13684274475057806,4.427216375499657,0.6545236270217122
Suresh Raina,2026-06-05,Chepauk Black Soil,Low,112.45657955175103,13.05696799227293,-0.004988052658795139,2.3311310056344263,0.6657670058047209
Suresh Raina,2026-06-05,Chepauk Black Soil,Low,105.68693488627532,12.14096974718549,-0.35876312643521535,1.8065347927482767,0.6006590963373784
Suresh Raina,2026-06-05,Chepauk Black Soil,Low,108.42679544423484,11.220495942457887,-0.6852923680731035,3.535262280550514,0.8197836174953679
Suresh Raina,2026-06-05,Wankhede Red Soil,Low,119.02485892475603,8.494262244764274,-0.5865234937130792,3.1502882500508766,0.7000142456666857
Suresh Raina,2026-06-05,Wankhede Red Soil,High,108.81384259674009,14.15335841021975,0.36163412627291563,7.878649389905765,1.126754326719682
Harbhajan Singh,2026-06-05,Wankhede Red Soil,High,78.45287433755723,13.191882612944285,3.1909463269863623,6.642876095246997,0.5949387838540908
Harbhajan Singh,2026-06-05,Wankhede Red Soil,Low,88.11919475920655,11.31057607738833,2.236094092845397,3.1676040570669666,0.6912433137215608
Harbhajan Singh,2026-06-05,Eden Gardens Clay,Low,83.2082709681478,12.606816519910206,-2.2712965426410516,3.1517278459282414,0.5611599100022115
Harbhajan Singh,2026-06-05,Wankhede Red Soil,Low,99.25137378835018,13.054404389111784,-0.9042744177537145,4.148999492470843,0.990740757309086
Harbhajan Singh,2026-06-05,Eden Gardens Clay,Low,93.1426865583144,8.89325929724605,2.175189498370849,1.8932827665925984,0.5074441822784963
Harbhajan Singh,2026-06-05,Chepauk Black Soil,High,79.81154275815024,10.354207346650647,-3.757007004725412,4.6151393632145785,0.7185022076100351
Harbhajan Singh,2026-06-05,Chepauk Black Soil,Low,92.55779509646626,15.546409473984829,-1.8358652741262047,2.7275734907858826,0.7170441766160471
Harbhajan Singh,2026-06-05,Chepauk Black Soil,Low,81.92324929396189,8.929496833814543,-2.6189587456670638,5.516945756068876,0.6409247787142921
Harbhajan Singh,2026-06-05,Eden Gardens Clay,Low,94.74849662844136,10.609808777299474,-2.4784270397684383,6.088804377108525,0.6198548570279085
Harbhajan Singh,2026-06-05,Eden Gardens Clay,Low,98.89391312906146,8.05430014654762,0.9904478329905437,1.745107334193737,0.40700703282417816
Harbhajan Singh,2026-06-05,Chepauk Black Soil,High,83.923057219296,11.335729765174136,1.8656806952569387,2.122604464067928,0.49687807297542946
Harbhajan Singh,2026-06-05,Eden Gardens Clay,Low,87.29511712666047,10.84560111997619,1.7229745542852903,1.6367211856487576,0.8549151740276711
Harbhajan Singh,2026-06-05,Eden Gardens Clay,Low,94.28824162690734,15.606937158154647,2.4637344250481155,6.95299595579777,0.6246912554543929
Harbhajan Singh,2026-06-05,Chepauk Black Soil,Low,90.56318455803375,8.515814151217551,4.519254863716532,6.919215711338063,0.4345209255635192
Harbhajan Singh,2026-06-05,Eden Gardens Clay,Low,97.39522125349143,14.703337843252726,-1.4823647787674803,6.327909737922553,0.44243231982683096
Harbhajan Singh,2026-06-05,Eden Gardens Clay,High,81.87992425777331,10.94312850933817,-1.0113348461398868,7.275130649453727,0.8928034599720827
Harbhajan Singh,2026-06-05,Chepauk Black Soil,High,90.82783080734598,11.196263523955395,-1.2340164866134942,4.038326885833337,0.6943181325419274
Harbhajan Singh,2026-06-05,Wankhede Red Soil,Low,82.144273826497,13.798794814618189,-1.0968431146263684,2.610336887094866,0.7214603749625442
Harbhajan Singh,2026-06-05,Wankhede Red Soil,Low,82.47522623853558,13.544397786994761,-0.7757544525774591,2.2094220485393654,0.8866059478537137
Harbhajan Singh,2026-06-05,Wankhede Red Soil,High,79.84549441911108,10.127951043025064,-0.5546406686947002,7.2743614386278095,0.8025383539852194
Harbhajan Singh,2026-06-05,Chepauk Black Soil,Low,93.50935340580585,12.569335005067813,-4.610350570400476,1.5202889851539754,0.6605140765218758
Harbhajan Singh,2026-06-05,Chepauk Black Soil,High,91.37461972097664,13.794271185423913,-3.110710504838994,8.743984347362773,0.40893581822891695
Harbhajan Singh,2026-06-05,Wankhede Red Soil,Low,82.65546074894381,13.467790133325993,-0.6034791077566667,2.5205215835691352,0.8871317431197895
Harbhajan Singh,2026-06-05,Chepauk Black Soil,High,91.99818000195083,15.84222804985362,-0.56357131535063,2.810224929466419,0.45027700099307905
Harbhajan Singh,2026-06-05,Eden Gardens Clay,Low,91.7901605692989,11.764658651775527,3.354675452362546,2.3866400259841525,0.8448317726084267
Harbhajan Singh,2026-06-05,Eden Gardens Clay,Low,80.94606756233523,12.22856806208324,0.5452885284172,2.900560252404139,0.5475939592386082
Harbhajan Singh,2026-06-05,Wankhede Red Soil,High,92.43657014983718,12.605451021838373,-2.230850911141862,3.600246040913996,0.5020674116440628
Harbhajan Singh,2026-06-05,Chepauk Black Soil,High,91.14624801970247,15.142207073712997,1.2793588043425141,6.902419377437098,0.5163144237013849
Harbhajan Singh,2026-06-05,Wankhede Red Soil,High,80.20922233078221,12.243742516545844,2.691872472567309,6.702392436001323,1.0398049302667114
Harbhajan Singh,2026-06-05,Chepauk Black Soil,Low,81.57654838731523,14.610744592322781,3.4102489649219856,2.468102225762921,0.7561942075102874
Harbhajan Singh,2026-06-05,Eden Gardens Clay,High,78.99344291917619,8.65792098661532,-2.5093178247849437,3.928530083249757,0.45114904826424956
Lasith Malinga,2026-06-05,Wankhede Red Soil,High,128.21276258627202,10.436085623509165,-0.7945857662961651,3.5140043643682657,1.6219527661265511
Lasith Malinga,2026-06-05,Chepauk Black Soil,High,129.62931879126117,14.180439665517964,-0.18670661588526435,5.18447872655896,0.9055075463760143
Lasith Malinga,2026-06-05,Wankhede Red Soil,Low,145.0332093907368,9.19806315433412,-0.5112166890927087,2.7797201507293003,1.0986573282756535
Lasith Malinga,2026-06-05,Wankhede Red Soil,Low,138.59377601042684,11.305100038647256,0.026623751095086058,2.6418509121094154,1.3824843289882907
Lasith Malinga,2026-06-05,Chepauk Black Soil,Low,138.57113580196793,14.623550690559046,-0.9441667185307885,2.6137636471760795,1.1280662660439604
Lasith Malinga,2026-06-05,Chepauk Black Soil,High,138.1150516792509,15.441549625777096,0.7886330482723443,4.412995296630504,0.9979229310854483
Lasith Malinga,2026-06-05,Eden Gardens Clay,Low,131.88808440885057,13.983350379070593,0.19225851884256517,4.423917937341727,1.1036622254993278
Lasith Malinga,2026-06-05,Wankhede Red Soil,High,128.78922728183684,14.534969757849348,0.39499200392559164,2.689146024544968,1.6269634245326445
Lasith Malinga,2026-06-05,Eden Gardens Clay,Low,135.31270186954265,14.164584457029548,0.26597733815427227,1.6495186784595437,0.9641298939491031
Lasith Malinga,2026-06-05,Eden Gardens Clay,High,129.4961633653482,11.774127459576441,0.5487131026662493,1.7560943485546237,1.1924975329029373
Lasith Malinga,2026-06-05,Chepauk Black Soil,Low,132.60805598160957,12.136595108568223,0.028051352188159663,5.987643389177229,0.75364975723756
Lasith Malinga,2026-06-05,Wankhede Red Soil,Low,131.15956453125995,15.61337203045612,0.4712586221551167,4.030944705845755,1.619829485880187
Lasith Malinga,2026-06-05,Chepauk Black Soil,Low,145.2885701578707,10.276640755653764,0.987150868110733,2.6170179149443387,1.1533208280095872
Lasith Malinga,2026-06-05,Chepauk Black Soil,High,128.01601544872344,13.648614032639657,0.3849417157429747,6.546802586853848,1.2359700414099577
Lasith Malinga,2026-06-05,Eden Gardens Clay,Low,147.50480047075106,9.444531456520199,0.6737128680552322,6.821140765075707,1.3227670819970991
Lasith Malinga,2026-06-05,Wankhede Red Soil,High,126.74931796450515,14.751585438291324,0.48421748713278223,7.289266714411792,1.2611971625686251
Lasith Malinga,2026-06-05,Chepauk Black Soil,Low,147.5756874441515,9.675046564421876,-0.8175176534856451,6.360389557196878,1.0601187732748314
Lasith Malinga,2026-06-05,Eden Gardens Clay,Low,146.74431289867485,14.135840197245455,-0.4245193390837769,2.307185594410469,1.0810066617883711
Lasith Malinga,2026-06-05,Eden Gardens Clay,Low,138.8390418779936,12.301341603716885,0.3518424432769107,3.38158603624964,0.8019372753836648
Lasith Malinga,2026-06-05,Wankhede Red Soil,High,135.79100936715923,14.912954286008178,-0.5987414428867623,1.6889899543301403,1.3744011692151057
Lasith Malinga,2026-06-05,Chepauk Black Soil,Low,145.88642093756664,8.591744647034698,-1.2066050460109634,4.918892554636889,0.8089587912074505
Lasith Malinga,2026-06-05,Eden Gardens Clay,High,130.63491132787198,13.574372654086018,-0.4711816706366456,3.1183805098298354,1.455537342493536
Lasith Malinga,2026-06-05,Eden Gardens Clay,Low,141.01402435590293,13.658351090411553,0.595669714735755,5.255460855893745,1.2770204918221268
Lasith Malinga,2026-06-05,Wankhede Red Soil,High,124.6054010863705,15.698027833344565,-0.7698025551137846,3.6790187049739345,1.6808861201609313
Lasith Malinga,2026-06-05,Eden Gardens Clay,Low,134.40611051263005,8.908631208664698,-0.4126473231597838,5.774050765140459,0.9612608546184624
Lasith Malinga,2026-06-05,Chepauk Black Soil,High,124.93058552345137,15.670315082471552,-1.25751391382958,2.837421690464201,1.2575211858299895
Lasith Malinga,2026-06-05,Wankhede Red Soil,High,128.70024973271717,15.913135514937942,0.5576278928886156,8.01929172807496,1.367469922924778
Lasith Malinga,2026-06-05,Eden Gardens Clay,High,138.66175062205107,8.903563081828546,0.26340988278299804,5.626240722559486,1.396840402502608
Lasith Malinga,2026-06-05,Eden Gardens Clay,Low,147.54829450205995,12.449230583502636,0.9069820914186895,3.0756219737949553,1.0201933252729833
Lasith Malinga,2026-06-05,Wankhede Red Soil,Low,149.97530611407754,8.838789269307831,-0.46867671208106626,3.7967595094310576,1.08262222847671
Lasith Malinga,2026-06-05,Chepauk Black Soil,High,141.06674014853337,10.703282058713421,-0.11384910083887785,6.2982270273521594,0.7708094747252734
Lasith Malinga,2026-06-05,Eden Gardens Clay,Low,132.30173775289475,14.581909330141773,0.8798844942319568,3.323578994675008,1.1280878930933385
Lasith Malinga,2026-06-05,Chepauk Black Soil,Low,149.35888329751813,14.50768825516398,-0.04597557066961129,5.141377087094009,1.2506801748856093
Lasith Malinga,2026-06-05,Chepauk Black Soil,Low,147.49955295528287,12.250944606410334,-0.6265550773061119,4.708870713779787,0.937930247695384
Lasith Malinga,2026-06-05,Eden Gardens Clay,Low,149.84848996457526,9.667748152423783,0.9872715624702109,6.777703360294734,1.1068630225399347
Lasith Malinga,2026-06-05,Chepauk Black Soil,High,139.5612235599919,13.633740995671147,-0.35198739240025956,5.525415769909774,1.1399587772433422
Lasith Malinga,2026-06-05,Wankhede Red Soil,Low,146.27369733076827,10.583157948640377,-0.7508669077671959,4.440565834503968,1.6656656327043096
Lasith Malinga,2026-06-05,Wankhede Red Soil,High,135.68906691841863,8.168840067344272,-0.7358201884798679,4.897849914516968,1.7538609336141484
Lasith Malinga,2026-06-05,Chepauk Black Soil,Low,142.68412822893922,8.821752834735328,-0.7050057631771103,4.4026181014824095,0.864748678904694
Lasith Malinga,2026-06-05,Eden Gardens Clay,Low,136.83953400185436,14.602719902030412,-0.541827353587943,6.4046879540197255,0.9225244244061701
Lasith Malinga,2026-06-05,Eden Gardens Clay,Low,142.00266061784816,15.177495118845442,0.9862676544291151,4.7773057561508505,1.3029509765845904
Lasith Malinga,2026-06-05,Wankhede Red Soil,Low,143.02801709495785,8.197041697635303,0.09556481756166219,1.6603304363470297,0.9831260725623284
Lasith Malinga,2026-06-05,Chepauk Black Soil,High,135.46261042801203,9.305862018362397,-0.4607107789510511,5.6125382787805576,1.1968820876096775
Lasith Malinga,2026-06-05,Chepauk Black Soil,High,126.02782227598122,15.500598165424801,-1.2557472415228037,3.973596130872246,0.8288222832603359
Lasith Malinga,2026-06-05,Chepauk Black Soil,Low,140.24554971718396,10.371832914106806,0.535941614785967,6.19938385227864,1.1171352831864603
Lasith Malinga,2026-06-05,Eden Gardens Clay,Low,136.41125036062348,8.468214653480274,0.2053280316920405,1.5946294950554094,0.9697196127241478
Lasith Malinga,2026-06-05,Chepauk Black Soil,High,142.1323948314725,12.29827161664144,-0.7834066568147469,7.019252989320333,1.2688565120207973
Lasith Malinga,2026-06-05,Chepauk Black Soil,High,126.11845819853473,10.077497095668733,0.7267919817656009,2.093838737003576,1.0443922414548505
Lasith Malinga,2026-06-05,Chepauk Black Soil,High,121.82637467217504,11.614533372511255,-0.6886337957418293,5.787916845679809,1.0947471725424052
Lasith Malinga,2026-06-05,Wankhede Red Soil,High,140.382036081573,11.193908393101962,-0.2608421738326349,7.363510932081972,1.73135929293593
Lasith Malinga,2026-06-05,Chepauk Black Soil,High,134.8759520212104,13.796739706133476,0.41581296665491424,8.244060943412075,0.9064447770236662
Lasith Malinga,2026-06-05,Wankhede Red Soil,High,133.24717178320861,13.244397537919927,-0.6023459875927859,6.170893964541743,1.1164787830069869
Dale Steyn,2026-06-05,Chepauk Black Soil,High,131.79534253426235,10.928501199468062,-0.4436361728597136,2.325087220582592,1.0360274853472515
Dale Steyn,2026-06-05,Eden Gardens Clay,High,122.34751505161651,9.664816957106353,-0.9326435294653714,2.419639250393868,1.014373625974762
Dale Steyn,2026-06-05,Wankhede Red Soil,Low,140.0425664356045,13.567029961807021,0.16173667921614304,2.967836496838999,1.414168209915654
Dale Steyn,2026-06-05,Chepauk Black Soil,High,140.44314772173573,13.259079540839952,-0.07446844553733822,3.0295750373875285,1.1919560445686213
Dale Steyn,2026-06-05,Chepauk Black Soil,High,132.56364553136547,11.363418009160757,-1.269921890668898,5.391592869942522,0.7941227090686549
Dale Steyn,2026-06-05,Eden Gardens Clay,High,137.64775167598225,14.787878625621936,0.14364828867557078,7.755749134754216,1.439421325605014
Dale Steyn,2026-06-05,Wankhede Red Soil,Low,140.6490050265488,14.900720037872151,0.6880901977260621,4.851457375573856,1.049799779613547
Dale Steyn,2026-06-05,Eden Gardens Clay,High,136.86800472537178,9.506320478743756,0.8108669914241968,3.5407572225852273,1.3412060389320073
Dale Steyn,2026-06-05,Wankhede Red Soil,Low,144.73819398431618,8.359366462659969,-0.08524511555123411,3.819458087370683,1.194558715975091
Dale Steyn,2026-06-05,Wankhede Red Soil,Low,134.3375163493484,13.175619230856677,0.2257140158017874,4.735631250589076,1.4128171691993987
Dale Steyn,2026-06-05,Wankhede Red Soil,High,131.6698394309271,13.929429464290967,0.2661412221489039,3.882323745251625,1.1803226432403233
Dale Steyn,2026-06-05,Wankhede Red Soil,Low,139.44599092813402,15.285504320291274,0.11286690992382803,6.7852661400184955,1.465324952685117
Dale Steyn,2026-06-05,Eden Gardens Clay,High,123.03774357171669,15.825816164532334,0.17438595799866596,6.122216746241815,0.8207234402216513
Dale Steyn,2026-06-05,Wankhede Red Soil,High,126.40291559449507,11.447210260759412,0.5700252532701239,2.543700535873648,1.154103826878985
Dale Steyn,2026-06-05,Eden Gardens Clay,High,139.9325217243599,11.05127871907608,0.184764450532797,7.924723424241294,0.8099455881619929
Dale Steyn,2026-06-05,Eden Gardens Clay,High,132.79454073083485,10.015253380460479,-0.46368025083986497,2.76312221495717,0.8027407226120411
Dale Steyn,2026-06-05,Eden Gardens Clay,High,123.48426682604214,11.502648647165373,0.17192985725718346,9.123352462499733,1.190607784303544
Dale Steyn,2026-06-05,Wankhede Red Soil,Low,141.9915627303457,10.750164291398486,0.5668556326392393,1.9234478745468817,1.5809568813827026
Dale Steyn,2026-06-05,Wankhede Red Soil,Low,133.47719683676854,14.00193744152298,0.09775860060644295,5.774734526745375,1.4379145056769984
Dale Steyn,2026-06-05,Chepauk Black Soil,High,126.87790693301031,12.756322184228633,0.27995667728766654,4.950102247046807,0.9193847139336151
Dale Steyn,2026-06-05,Chepauk Black Soil,High,130.40266105840468,14.049530233992877,-0.20561180374948937,7.476180835682819,1.2113274014027988
Dale Steyn,2026-06-05,Eden Gardens Clay,High,128.9748480751886,15.270155701674287,-0.0729358127201647,5.627683837039659,0.995544282926896
Dale Steyn,2026-06-05,Eden Gardens Clay,Low,135.8676996187658,9.393866806436908,-0.020728623462205498,4.759241640666341,1.0471763689501636
Dale Steyn,2026-06-05,Eden Gardens Clay,High,128.8567057038006,14.588471265752982,0.4298580788543591,4.901445126419255,1.3727567260186022
Dale Steyn,2026-06-05,Eden Gardens Clay,High,129.6393763797858,11.195325316609539,0.668771732752995,7.487545071256462,0.9593869168648754
Dale Steyn,2026-06-05,Wankhede Red Soil,Low,133.63973111834437,9.906844746891931,0.6816107082903081,4.111820843733641,1.6660038192528002
Dale Steyn,2026-06-05,Eden Gardens Clay,Low,130.5106733382776,9.65615869128358,0.6378493946418375,3.929920905103634,1.4150229458980679
Dale Steyn,2026-06-05,Chepauk Black Soil,Low,139.29030342345422,10.827162643926687,-0.17394053482527347,2.637596118348137,0.9616099375849477
Dale Steyn,2026-06-05,Eden Gardens Clay,Low,143.9489771061094,11.373701616379883,0.2949964016192843,2.749327806703055,0.9934060778023971
Dale Steyn,2026-06-05,Chepauk Black Soil,High,137.96938921788964,8.05745322055642,-0.08240954461397532,6.916019203830061,1.2607356925600977
Dale Steyn,2026-06-05,Eden Gardens Clay,High,125.63080903974765,9.432527213325294,-0.8346099727584946,5.071931943504153,1.3900824737441049
Dale Steyn,2026-06-05,Wankhede Red Soil,High,126.94068533376473,11.861798882426365,0.45601243555048737,1.7449999811865828,1.318453013568717
Dale Steyn,2026-06-05,Chepauk Black Soil,High,138.32549071444456,8.643155857952802,-0.03443914704185154,2.0283030016928385,1.178293977203923
Dale Steyn,2026-06-05,Chepauk Black Soil,High,134.89875817042847,8.802204879930361,-0.31088426318041806,6.5485799760514825,1.2557601523273434
Shane Watson,2026-06-05,Wankhede Red Soil,Low,134.12197474407293,8.427395785844961,-0.5793911972072527,5.362597708615993,1.0207081539902365
Shane Watson,2026-06-05,Eden Gardens Clay,High,135.6341783592611,10.46293727640522,-0.9801881897648672,3.2411938507888682,1.4783221302861995
Shane Watson,2026-06-05,Chepauk Black Soil,High,137.77834117484971,10.368479969741841,1.0817618792761334,7.294103406735858,1.1510216313477792
Shane Watson,2026-06-05,Wankhede Red Soil,High,137.61696950205692,8.084685169833635,-0.4175825539442983,3.39752439314769,1.7148801778201481
Shane Watson,2026-06-05,Wankhede Red Soil,Low,144.6677531939,9.793382199479822,0.7553885346225027,1.5708323003415356,1.6415864446762942
Shane Watson,2026-06-05,Chepauk Black Soil,Low,147.38674622635313,13.07072689317702,0.7195010714480372,2.453986652880393,1.2467782684174455
Shane Watson,2026-06-05,Eden Gardens Clay,High,129.34272829042337,8.043708749376174,-0.17537323448756403,3.649039383751769,0.9733479816583004
Shane Watson,2026-06-05,Chepauk Black Soil,High,137.95716417346475,15.816123882280056,-0.7814586715197382,4.178997864526029,0.7223487536993765
Shane Watson,2026-06-05,Eden Gardens Clay,High,138.8760792613805,12.859421263431464,-0.7782972484366424,2.807229791600535,0.9477832488520791
Shane Watson,2026-06-05,Chepauk Black Soil,Low,142.63509101104054,13.126696534136638,-0.7721732534200361,6.538022363282395,0.9579940244695219
Shane Watson,2026-06-05,Chepauk Black Soil,High,141.6834074329995,14.67495992190645,0.4894527105727497,6.737323361191244,1.2474511747500927
Shane Watson,2026-06-05,Chepauk Black Soil,High,124.04278705385828,15.152068655862092,0.25747104156747436,5.727149700191949,0.8364868183410794
Shane Watson,2026-06-05,Eden Gardens Clay,High,141.62034676617722,15.519225115554171,-0.01998297691875517,2.3432916514391287,0.8296718288953332
Shane Watson,2026-06-05,Chepauk Black Soil,Low,141.78700060413001,12.428472788597889,-0.010355350577131573,5.588825331652965,1.098247736789096
Shane Watson,2026-06-05,Wankhede Red Soil,Low,140.2893336231342,10.419271902971804,0.1636571967203672,5.962603629526699,1.674208995097173
Shane Watson,2026-06-05,Eden Gardens Clay,Low,131.31393683194236,9.095413587595967,-0.41562743627847,4.999509493175477,1.4650618851524253
Shane Watson,2026-06-05,Eden Gardens Clay,Low,144.88819943709254,8.461728604327655,0.3050751346732188,2.5503740061825573,1.3427343901297664
Shane Watson,2026-06-05,Chepauk Black Soil,High,120.50820929545303,10.493689480085266,0.9868031197414993,5.1143513513164285,0.7070919495876798
Shane Watson,2026-06-05,Chepauk Black Soil,Low,145.10989135749728,15.664912203583917,0.3795604553630958,1.9433048524168262,0.9855944134046745
Shane Watson,2026-06-05,Wankhede Red Soil,Low,142.0412323950035,11.034843140364334,0.25761524118231044,4.006590286997257,0.9630290138749439
Shane Watson,2026-06-05,Eden Gardens Clay,Low,140.82322860746274,13.593980465377456,-0.7975914210946775,5.607418011973927,0.8136016144390112
Shane Watson,2026-06-05,Chepauk Black Soil,High,142.0080060586412,12.048887650269595,0.7427609136030171,4.945119521927957,1.1203619969839003
Shane Watson,2026-06-05,Chepauk Black Soil,High,137.94166384984604,10.825069765070154,0.6316825098584289,6.620761538686803,1.2611700461981445
Shane Watson,2026-06-05,Wankhede Red Soil,High,138.4543791243995,9.587092647540407,-0.09389006507764269,6.564300370295087,1.4910579391683332
Shane Watson,2026-06-05,Wankhede Red Soil,Low,149.4260972653062,12.256799759944396,-0.5471837691025601,3.9642686864620083,1.4899064910543078
Shane Watson,2026-06-05,Chepauk Black Soil,High,129.89650152214756,13.031114701499863,-1.1493290057729815,4.281903160345767,1.0200354753192868
Shane Watson,2026-06-05,Eden Gardens Clay,Low,145.50011440681322,8.389271772194462,0.24401777319725304,4.532831319540643,1.4947266350458643
Shane Watson,2026-06-05,Chepauk Black Soil,Low,131.98528967491293,15.489801146664181,-0.8223085953699952,1.7001188850119067,1.2716866208340423
Shane Watson,2026-06-05,Eden Gardens Clay,High,130.6417956585369,15.176072339980998,0.8136051475302177,3.2777496583874144,1.094312167596792
Shane Watson,2026-06-05,Eden Gardens Clay,Low,134.2872400702328,14.161644680199554,0.8587003742138111,2.953383524662546,1.3033823451019697
Shane Watson,2026-06-05,Eden Gardens Clay,High,134.4647111823336,14.424750742784065,0.08395698482956959,5.20992981763693,1.1262772349805676
Shane Watson,2026-06-05,Chepauk Black Soil,Low,137.08466730595342,11.191173721372534,-0.7579126203724772,3.14217730027687,0.8241250474002797
Shane Watson,2026-06-05,Eden Gardens Clay,Low,132.32933694539085,11.703925852505055,0.3340756140324672,2.7189962834954464,1.0203516763763714
Shane Watson,2026-06-05,Chepauk Black Soil,High,131.81238843305178,14.616025420549692,0.4216596567845862,4.464856975328477,1.2216148941416476
Shane Watson,2026-06-05,Eden Gardens Clay,High,128.1876778231534,10.23005190013447,-0.1960845062645269,8.747415992002164,1.2471030932892164
Shane Watson,2026-06-05,Eden Gardens Clay,High,121.95221928218889,10.86529739673152,-0.8288082547122502,1.9151867340441855,1.1560624167842535
Shane Watson,2026-06-05,Wankhede Red Soil,Low,139.09668467564305,11.79567510477494,-0.3045865144125687,6.885371484115565,1.136371975398914
Shane Watson,2026-06-05,Eden Gardens Clay,High,124.45895863855243,13.152510660290837,-0.3446680337847494,7.817416312835828,1.266455677847126
Shane Watson,2026-06-05,Eden Gardens Clay,Low,139.3745001334252,14.482748206990365,0.3227224298599698,6.880786610970745,0.8841131960332291
Shane Watson,2026-06-05,Chepauk Black Soil,Low,137.28821893252055,8.86932183262206,-0.5296156598866699,4.864919013698541,0.8730043228072841
Shane Watson,2026-06-05,Wankhede Red Soil,Low,148.86977193228157,11.421637453752574,-0.5102170441595684,5.765482961629004,1.3643942296696947
Shane Watson,2026-06-05,Eden Gardens Clay,Low,131.64311368185315,11.832071823889965,0.3550176891293231,3.3162484878088527,1.277122681991118
Shane Watson,2026-06-05,Wankhede Red Soil,Low,135.249520391747,8.695713199511275,-0.47426106418280567,5.036522876511734,1.5339719776781775
Shane Watson,2026-06-05,Wankhede Red Soil,Low,132.28156479002487,10.86519945412599,0.002533072960881988,2.592596312194044,1.645693462702669
Shane Watson,2026-06-05,Chepauk Black Soil,High,138.8642690869568,13.27975293527645,0.46361012719390066,3.2774774054684204,0.9181993008602893
Shane Watson,2026-06-05,Eden Gardens Clay,Low,148.09700194066994,9.10166481138858,0.11702764320226611,4.8748721782404285,1.099022839945794
Shane Watson,2026-06-05,Wankhede Red Soil,Low,137.1893433808607,13.206919275977917,0.04337863710837713,5.260737387419544,1.2233757771525564
Shane Watson,2026-06-05,Chepauk Black Soil,High,138.50436718884902,12.421861474545015,1.0433287310374728,3.7289933414096312,1.265686990940616
Shane Watson,2026-06-05,Eden Gardens Clay,Low,140.46145233258352,9.412085582234344,-0.5032042212569996,3.714194203228719,1.302637782357702
Shane Watson,2026-06-05,Chepauk Black Soil,High,134.64645768361368,8.981229852942366,-0.9666249296025374,5.046789414975928,1.209580445964629
Gautam Gambhir,2026-06-05,Chepauk Black Soil,Low,106.37468572183414,11.97504345106202,-0.18871987659447412,4.272973254192985,0.4869107201015886
Gautam Gambhir,2026-06-05,Wankhede Red Soil,High,96.73583688794092,10.592104001250082,0.5155632895798824,5.938483699255488,0.7929087928924227
Gautam Gambhir,2026-06-05,Eden Gardens Clay,Low,109.23636836042297,10.62881697464687,0.3554963015188968,3.1261607871192485,0.824059001821836
Gautam Gambhir,2026-06-05,Eden Gardens Clay,Low,110.92975709245343,13.389121283539037,0.04126828451826614,3.849407498659502,0.8468158921951077
Gautam Gambhir,2026-06-05,Wankhede Red Soil,Low,100.41727850521778,8.955878242450595,-0.3377081794447172,2.7619977934407305,0.7168376241750418
Gautam Gambhir,2026-06-05,Eden Gardens Clay,High,101.72851354665174,12.388717519691639,-0.18907536302726435,6.781078966154672,0.7668709265786482
Gautam Gambhir,2026-06-05,Eden Gardens Clay,Low,115.31584710332132,13.395502216100217,0.4159994144159356,2.100610071874451,0.7111320931511558
Gautam Gambhir,2026-06-05,Wankhede Red Soil,High,109.26648974575042,14.211584777422548,-0.3089452545142315,7.093125869558642,0.959357065156782
Gautam Gambhir,2026-06-05,Wankhede Red Soil,Low,102.59517407656973,10.181636241498962,-0.01840452215249524,6.362706514285234,1.0651215697760017
Gautam Gambhir,2026-06-05,Wankhede Red Soil,High,111.32259003460653,12.641496572562804,0.12596776267200643,7.408636005851738,0.6069112507431892
Gautam Gambhir,2026-06-05,Wankhede Red Soil,High,106.18675171872326,10.80256328430412,-0.5828355802994603,7.909401460987803,0.715501557629951
Gautam Gambhir,2026-06-05,Chepauk Black Soil,High,112.32296730212248,12.331686181745335,-1.2757984640408877,5.583273494977267,0.7188880388071104
Gautam Gambhir,2026-06-05,Wankhede Red Soil,Low,114.54183718471978,13.632133657435007,-0.006441038096904883,2.023971666178479,0.7671615662910736
Gautam Gambhir,2026-06-05,Eden Gardens Clay,High,102.5947559536338,15.985682033060673,0.053703933950617344,6.068549973362575,0.5138096148042022
Gautam Gambhir,2026-06-05,Chepauk Black Soil,Low,112.62809314777954,8.951776298259645,0.3285385841511024,1.6164079616514178,0.6799483250218236
Gautam Gambhir,2026-06-05,Wankhede Red Soil,High,101.35719782337011,8.890856858443382,-0.7335161529027675,5.709928013378626,0.9468305682719189
Gautam Gambhir,2026-06-05,Eden Gardens Clay,High,106.45280141113125,13.402644833093913,0.639225715804439,6.922924075140902,0.9623842688775197
Gautam Gambhir,2026-06-05,Wankhede Red Soil,Low,108.15084766328809,13.201955716262026,0.7554076154774445,2.6731668066008107,1.1126309298888915
Gautam Gambhir,2026-06-05,Wankhede Red Soil,Low,103.35001833412679,8.20945126549325,-0.6494393218421912,4.574831199497763,0.9568481081599267
Gautam Gambhir,2026-06-05,Chepauk Black Soil,Low,114.2801939109318,15.953994760818238,0.5765688414140585,3.7631504180377844,0.8273146876534735
Gautam Gambhir,2026-06-05,Chepauk Black Soil,Low,114.74913062851105,12.669823860408913,0.7410646608774365,4.9293179287303595,0.4511344307568928
Gautam Gambhir,2026-06-05,Eden Gardens Clay,Low,116.0255398711858,9.820892967361466,-0.7109762427161064,6.190856124640474,0.749451094016383
Gautam Gambhir,2026-06-05,Chepauk Black Soil,Low,112.45868708727073,8.879991799585223,-0.12237123002588327,5.652922227631008,0.6747996403543531
Gautam Gambhir,2026-06-05,Chepauk Black Soil,Low,114.0382963502943,13.634291301197665,1.296883978717095,6.880350328681424,0.5428132908505786
Gautam Gambhir,2026-06-05,Wankhede Red Soil,High,105.55748487351056,10.908919483567827,-0.22139751035395552,3.0556810048332212,0.8414424230670295
Gautam Gambhir,2026-06-05,Wankhede Red Soil,Low,118.79290359735647,13.480402660314034,-0.6147800848500149,5.83853687602953,1.1645425502599163
Gautam Gambhir,2026-06-05,Eden Gardens Clay,High,112.53892374742041,11.265547801684638,-0.09043011893245256,6.5895096632982115,0.5736102321298778
Gautam Gambhir,2026-06-05,Wankhede Red Soil,Low,109.24014382615371,14.870976421375556,-0.4143139748982245,5.139330264658463,1.0928476342483417
Gautam Gambhir,2026-06-05,Chepauk Black Soil,Low,111.78655152248083,10.876612065985086,0.01633172844788613,3.6661835949838193,0.5722897539521535
Gautam Gambhir,2026-06-05,Eden Gardens Clay,High,96.20921427114175,15.31683623925469,0.046922701801862976,3.9921973631986156,0.6773350544194343
Gautam Gambhir,2026-06-05,Eden Gardens Clay,High,108.45313290023681,12.510014076356901,-0.32489019092461846,4.983606203438381,0.8028003140481736
Gautam Gambhir,2026-06-05,Chepauk Black Soil,Low,106.77088735243008,12.634109493011273,1.0062490335786065,3.878111898747748,0.5963982819683821
Gautam Gambhir,2026-06-05,Chepauk Black Soil,High,98.44518152561797,13.516444743682962,0.9343590406668021,3.506386201244986,0.8271375370815651
Gautam Gambhir,2026-06-05,Chepauk Black Soil,High,98.93473159167925,8.75631391737534,-0.35617012193014613,5.132499136412819,0.6427156607020031
Gautam Gambhir,2026-06-05,Eden Gardens Clay,High,112.56653725600789,11.170453248639586,-0.0720733702387748,7.313354508836129,0.9164897716808003
Gautam Gambhir,2026-06-05,Chepauk Black Soil,High,107.9384058537565,10.618860209901708,0.42042686731876294,8.544446055799428,0.8229122543610611
Gautam Gambhir,2026-06-05,Chepauk Black Soil,Low,115.05125616411681,11.995749288890769,1.14730168668571,5.23194088469765,0.6810993171936116
Gautam Gambhir,2026-06-05,Eden Gardens Clay,Low,115.75714955625513,10.915901661560833,0.4632017241835549,5.6942056949257625,0.9845473011339858
Gautam Gambhir,2026-06-05,Wankhede Red Soil,High,104.93562477604802,8.292972012066695,0.5040539451378144,6.160167072370545,0.9878272573448893
Gautam Gambhir,2026-06-05,Wankhede Red Soil,High,104.68379534099041,9.53312763659656,0.6692784114707302,4.7485160035591285,0.7197368014798388
Gautam Gambhir,2026-06-05,Chepauk Black Soil,Low,112.7545697976046,8.268382187111742,0.5485310022724784,4.4001632538650455,0.49429936593832396
Gautam Gambhir,2026-06-05,Eden Gardens Clay,Low,116.78595893143871,15.652033617394213,-0.021427039193137265,4.693295383111984,0.6476547393357523
Gautam Gambhir,2026-06-05,Chepauk Black Soil,High,110.36723637545553,10.653071049665094,0.5876987776366122,6.3525403392645,0.6765908956030541
Gautam Gambhir,2026-06-05,Chepauk Black Soil,High,98.28191734784352,14.132470245435528,-0.650250257863128,4.641122476009945,0.8084944561958791
Gautam Gambhir,2026-06-05,Eden Gardens Clay,High,107.81512314182902,13.108154535194487,0.6554192864887438,5.52577328311008,0.6657934614524985
Gautam Gambhir,2026-06-05,Wankhede Red Soil,Low,101.90824673145019,11.06197784852112,0.3224672285036905,1.883150987271454,0.9299935170730457
Gautam Gambhir,2026-06-05,Wankhede Red Soil,High,102.33687281389723,8.014610525159085,0.39401297240259386,2.619783652592675,0.8942897070178537
Gautam Gambhir,2026-06-05,Eden Gardens Clay,Low,117.24576574133027,10.897940971278297,0.19965883310258303,2.550921667202992,0.9552302151684052
Gautam Gambhir,2026-06-05,Wankhede Red Soil,Low,110.42550252270864,9.656855702943375,0.11455295060625802,4.01942767093243,1.1910522337298413
Gautam Gambhir,2026-06-05,Wankhede Red Soil,Low,117.52456507942316,10.849002378478596,-0.18492271307427277,5.648893640020907,0.9582253835216038
