session_id,player_name,date,balls_faced_played,wickets_lost_taken,bowling_speed_tracked,line_length_accuracy_pct
S_9007,SC Ganguly,2024-02-28,58,2,,89.0120415952737
S_6392,SC Ganguly,2024-01-14,50,2,134.43185651532258,90.97494247831483
S_3983,SC Ganguly,2024-03-30,74,3,144.11930938202693,78.84405216332756
S_1920,BB McCullum,2024-01-13,52,4,126.98878424260901,60.85402735447883
S_4241,BB McCullum,2024-02-03,49,2,135.86811402081636,92.86736944795138
S_8206,RT Ponting,2024-02-15,48,0,,76.79564671063682
S_1271,RT Ponting,2024-02-25,29,0,,78.2881717072083
S_4760,RT Ponting,2024-01-03,64,1,,68.17627128674685
S_9623,DJ Hussey,2024-03-05,72,0,,73.70705491891246
S_2828,Mohammad Hafeez,2024-03-01,62,3,,90.76914076467577
S_9202,Mohammad Hafeez,2024-03-02,96,1,,94.69090191479418
S_6690,Mohammad Hafeez,2024-03-12,39,4,138.23210384636576,77.9440978855778
S_8274,Mohammad Hafeez,2024-04-07,76,1,,93.5044592044164
S_4845,R Dravid,2024-01-05,24,0,137.91822217291022,78.37610253010939
S_8657,R Dravid,2024-02-04,69,1,124.61687719019565,88.55415937467163
S_5876,R Dravid,2024-03-29,92,3,122.74460512193265,90.71113019206331
S_8490,R Dravid,2024-04-01,48,0,,89.82677366714528
S_1954,W Jaffer,2024-04-07,98,2,134.87627205236313,62.83661755676768
S_4020,W Jaffer,2024-01-28,88,4,134.85439581041922,76.82053020643268
S_3162,V Kohli,2024-02-27,86,1,145.93478640922046,85.68684716337955
S_8314,JH Kallis,2024-03-20,59,3,146.01882602879408,84.79270418502622
S_1362,JH Kallis,2024-02-14,72,1,,84.46467583138556
S_5795,JH Kallis,2024-01-07,24,2,133.9641002630995,90.76750180798462
S_8561,JH Kallis,2024-02-01,72,1,144.96402533873226,77.76137068162927
S_6343,CL White,2024-01-13,65,2,138.95440581050005,69.0931253372456
S_5543,CL White,2024-03-28,54,2,136.23799736028332,93.7047201350648
S_2435,CL White,2024-02-29,98,4,,92.80299705327579
S_2265,MV Boucher,2024-03-08,83,0,141.2571601380789,76.5750860952281
S_9213,MV Boucher,2024-03-30,69,4,,82.66507751906677
S_6043,MV Boucher,2024-03-16,26,4,,71.32635767023395
S_4356,MV Boucher,2024-01-04,32,0,,87.81833420624753
S_2098,B Akhil,2024-02-01,21,3,128.19778580994628,93.28022467876437
S_1988,AA Noffke,2024-01-21,66,4,131.92783193888383,69.59753208220346
S_6626,AA Noffke,2024-01-01,77,3,142.37511036092894,67.01257002420495
S_4056,AA Noffke,2024-01-25,43,3,134.14597380307538,79.01314820264854
S_6179,AA Noffke,2024-02-15,36,4,143.12765533932156,89.56741298409106
S_7342,P Kumar,2024-01-03,83,3,,92.22967467354904
S_3946,P Kumar,2024-01-20,65,0,,80.94145427928494
S_2875,P Kumar,2024-04-09,28,0,,82.80318133807927
S_7644,P Kumar,2024-01-02,91,2,124.48741928002697,76.26095088225335
S_2389,Z Khan,2024-04-04,57,2,145.80367191567615,87.29478461126725
S_1778,Z Khan,2024-03-26,70,0,,94.53319076435012
S_9783,SB Joshi,2024-02-23,39,0,120.29312542257551,71.42614578853971
S_1001,SB Joshi,2024-04-06,52,0,,61.16210880769783
S_8833,SB Joshi,2024-01-22,85,1,144.0176009732725,67.00525854856835
S_9619,SB Joshi,2024-02-18,94,4,120.94758434476927,92.76742861852915
S_1552,PA Patel,2024-03-16,27,1,143.50268177824844,81.42902950584053
S_3430,PA Patel,2024-01-07,94,3,137.9242758789579,87.43413936966017
S_1894,PA Patel,2024-01-03,60,3,122.44889946091769,62.11232293966973
S_2560,ML Hayden,2024-02-14,38,3,146.15498336919364,75.17793668847361
S_1306,ML Hayden,2024-02-13,89,1,129.96943876065328,78.98675225017786
S_9946,ML Hayden,2024-02-04,80,4,,67.12523981197849
S_8005,MEK Hussey,2024-03-25,50,1,132.76480003344227,72.1077247391437
S_4453,MEK Hussey,2024-01-20,79,1,137.3602622571718,75.35153967163566
S_6631,MEK Hussey,2024-04-09,85,1,139.65028016496325,94.72466607192354
S_5732,MS Dhoni,2024-01-12,22,4,,89.25993223234232
S_8904,MS Dhoni,2024-04-08,45,3,125.39049326610726,68.31401637233571
S_1001,SK Raina,2024-02-06,88,4,,63.408768739374324
S_2646,SK Raina,2024-01-14,21,0,,93.92943128173506
S_5356,JDP Oram,2024-03-05,59,3,,93.94373657774906
S_4374,JDP Oram,2024-01-31,30,1,,65.94152667806392
S_6724,S Badrinath,2024-01-10,95,0,,68.70499954056704
S_8115,S Badrinath,2024-01-01,76,3,,81.1938355175709
S_7116,K Goel,2024-03-16,56,0,144.1701045885016,80.48740275388633
S_2742,K Goel,2024-01-06,80,3,,61.99803996312602
S_1281,K Goel,2024-01-29,20,2,,92.68562561347667
S_2229,JR Hopes,2024-01-12,39,4,,84.00887075940445
S_8473,KC Sangakkara,2024-01-29,76,2,,83.34024901411365
S_7294,KC Sangakkara,2024-02-14,71,1,,83.5701351663721
S_9320,Yuvraj Singh,2024-01-08,48,4,127.65919574185295,83.15713226299013
S_6238,Yuvraj Singh,2024-03-30,62,1,,68.5451551647831
S_4719,SM Katich,2024-02-16,95,2,140.68580253094683,83.67796850220363
S_4124,SM Katich,2024-02-17,88,0,,83.02458566110626
S_1703,IK Pathan,2024-03-10,82,0,149.80010812075886,86.33497169154504
S_4828,IK Pathan,2024-03-17,50,0,,82.76790767271005
S_2667,T Kohli,2024-01-19,89,1,143.93440946575905,75.24541601845266
S_6450,T Kohli,2024-01-01,73,0,,82.05730619152004
S_5806,YK Pathan,2024-01-15,40,2,,75.70427679178857
S_9927,YK Pathan,2024-02-04,63,1,125.05333155428158,82.49015891315163
S_3989,SR Watson,2024-01-09,22,4,135.57245355408654,76.77136571704058
S_2177,SR Watson,2024-01-25,31,4,,80.30603292295663
S_9234,M Kaif,2024-02-17,89,1,135.63702397456004,88.78376965859704
S_5431,M Kaif,2024-02-16,34,0,131.40223526811616,66.90039443005071
S_1140,M Kaif,2024-03-26,38,1,,81.60731150945409
S_9564,M Kaif,2024-02-21,46,4,136.17483830025765,70.89576947046012
S_7787,DS Lehmann,2024-03-30,94,3,,78.38071842834711
S_4654,DS Lehmann,2024-03-03,75,0,127.69688351104091,93.70244063331529
S_2798,DS Lehmann,2024-02-23,20,3,,82.16029814579079
S_7284,DS Lehmann,2024-01-22,40,3,,67.42156939678793
S_6752,RA Jadeja,2024-02-11,91,0,,87.31839303353516
S_7807,RA Jadeja,2024-01-19,79,1,142.99968405601217,65.23963887849352
S_1482,M Rawat,2024-04-07,52,4,,60.82735051162177
S_1987,M Rawat,2024-03-11,51,2,,73.68170985669302
S_7652,M Rawat,2024-02-26,44,1,,80.89664209134921
S_7780,D Salunkhe,2024-02-08,60,0,,71.93815085659772
S_3349,D Salunkhe,2024-01-19,87,1,,91.69336773153859
S_6101,SK Warne,2024-02-05,55,2,,72.84346277216802
S_3472,SK Trivedi,2024-03-08,32,0,140.08807848401887,62.4476061998302
S_5255,SK Trivedi,2024-01-21,27,1,126.92487567462037,75.9900525708129
S_6249,G Gambhir,2024-03-27,63,1,,94.841817174649
S_5211,G Gambhir,2024-01-08,41,3,,93.65830075841846
S_4374,V Sehwag,2024-02-24,99,1,,75.76298276903648
S_4083,S Dhawan,2024-01-17,35,3,134.24659630518656,73.38841980854029
S_8446,S Dhawan,2024-04-01,24,3,136.19871390841678,89.47116530317474
S_1148,S Dhawan,2024-03-24,89,1,145.94058576100622,81.2970244430927
S_3785,S Dhawan,2024-01-14,55,0,,71.95860756639223
S_1340,L Ronchi,2024-01-02,92,0,,73.89435309759992
S_2689,ST Jayasuriya,2024-03-08,74,2,137.237621469533,79.83013767599965
S_9435,ST Jayasuriya,2024-01-12,68,1,138.83850158317907,83.6006332243167
S_8629,ST Jayasuriya,2024-01-06,86,3,129.67583933539245,60.801283874164206
S_5225,DJ Thornely,2024-02-04,97,3,147.98192221428764,80.13071726738187
S_5259,DJ Thornely,2024-04-04,33,0,142.94429402708985,66.11935195411444
S_3530,DJ Thornely,2024-02-10,25,0,123.65285733375825,76.73819080668252
S_1536,RV Uthappa,2024-03-19,87,4,148.9746648345966,75.13742574155462
S_9734,RV Uthappa,2024-03-18,39,1,,89.80070231429428
S_3719,RV Uthappa,2024-04-02,62,1,124.56074559385944,62.147236948873385
S_7488,RV Uthappa,2024-01-02,30,1,,84.32623301004936
S_6078,PR Shah,2024-03-23,28,2,,87.39436142604522
S_7406,AM Nayar,2024-03-20,35,3,138.99568878040392,68.01131116963148
S_2382,AM Nayar,2024-02-21,71,3,132.78250151671114,64.57486318590698
S_8870,SM Pollock,2024-03-02,26,2,,88.9638263448406
S_7140,SM Pollock,2024-03-26,24,1,,74.65032175683774
S_5837,SM Pollock,2024-03-19,40,1,125.69084544524031,81.66318675527026
S_7356,SM Pollock,2024-03-30,72,1,,61.492162325046145
S_5592,Harbhajan Singh,2024-02-29,30,4,122.94247742352734,77.08843979576224
S_9737,S Chanderpaul,2024-02-21,71,4,,87.475579034297
S_3672,S Chanderpaul,2024-03-04,36,0,144.26650384908984,62.6745900803318
S_8177,S Chanderpaul,2024-02-27,79,4,134.86356310382945,73.52221184469104
S_7869,S Chanderpaul,2024-03-12,68,0,,78.14428076808214
S_8083,LRPL Taylor,2024-03-05,27,4,,86.11725401186435
S_4456,LRPL Taylor,2024-02-20,43,2,,93.4775489404818
S_7420,LRPL Taylor,2024-02-27,50,3,,87.11287359134137
S_9754,AC Gilchrist,2024-02-27,24,4,142.9311798666521,69.27662499137514
S_7511,AC Gilchrist,2024-04-01,27,0,140.02051194139284,60.36496947890911
S_2827,AC Gilchrist,2024-03-08,97,0,135.90906399747476,61.468292820107266
S_3196,Y Venugopal Rao,2024-02-05,31,2,138.05644768908965,80.38479303725363
S_4983,Y Venugopal Rao,2024-02-01,51,3,,61.530746905798935
S_8569,VVS Laxman,2024-02-24,92,0,,79.25321791603545
S_8128,A Symonds,2024-01-22,49,3,,66.9114671450978
S_1685,A Symonds,2024-01-21,51,0,,79.04058027139631
S_8165,RG Sharma,2024-01-21,27,3,,71.20209413823443
S_5330,SB Styris,2024-03-29,41,3,,65.7685185505303
S_5558,SB Styris,2024-02-21,46,1,,77.70484425331401
S_9652,AS Yadav,2024-01-22,62,4,135.2508164074884,70.41419579615872
S_3066,AS Yadav,2024-01-23,48,3,142.83364611129474,65.60250722341006
S_9553,AS Yadav,2024-02-27,35,0,146.44352339025065,69.72657340371038
S_6343,AS Yadav,2024-03-04,29,4,138.47956350780538,66.58086571153956
S_3159,SB Bangar,2024-01-13,28,3,145.44143373392316,89.39873930987639
S_2037,WPUJC Vaas,2024-02-03,72,0,142.68793973674357,89.46896300238481
S_6189,WPUJC Vaas,2024-02-25,77,3,,82.51778129691246
S_2929,WPUJC Vaas,2024-01-24,45,4,120.05639650574732,66.24304045075654
S_6891,WPUJC Vaas,2024-02-29,76,4,,80.58707934319366
S_4292,RP Singh,2024-01-14,22,4,136.8445376387857,79.62310330456599
S_1161,RP Singh,2024-01-30,38,3,134.9476704679036,62.69703976970159
S_1663,RP Singh,2024-03-16,49,1,143.6584489401722,78.10441697545633
S_9623,RP Singh,2024-02-14,74,0,,63.101015038786606
S_2136,WP Saha,2024-04-01,66,2,128.9833053147566,66.0718025993085
S_2283,WP Saha,2024-01-20,66,2,149.7337929546391,86.15268557097131
S_4471,WP Saha,2024-03-09,80,1,,60.91688479862227
S_7397,WP Saha,2024-03-10,70,4,,89.8454806956499
S_8999,LR Shukla,2024-02-06,68,4,,76.90391052298743
S_4331,LR Shukla,2024-02-08,54,0,120.21087611440858,62.00480878771682
S_8531,DPMD Jayawardene,2024-02-29,76,3,148.69843863250372,62.41353057247474
S_5713,DPMD Jayawardene,2024-01-30,26,2,,87.54943109105614
S_3014,S Sohal,2024-03-29,96,3,,89.85813681912776
S_3643,S Sohal,2024-03-22,76,4,132.3328680780212,72.15701641905949
S_1671,B Lee,2024-03-15,39,4,,74.65776616759565
S_7285,B Lee,2024-02-26,56,1,124.34895217139452,85.38045046428903
S_9100,B Lee,2024-03-28,68,2,,93.1462595708553
S_7588,PP Chawla,2024-02-10,52,1,132.53969801611453,63.10940857806475
S_1597,PP Chawla,2024-02-02,43,4,,74.13922567142919
S_3090,PP Chawla,2024-02-10,58,0,122.45176037240334,76.04052245350297
S_4648,PP Chawla,2024-03-14,24,1,126.48271359555923,63.414687858375494
S_4750,WA Mota,2024-03-26,95,3,,94.2321636290735
S_2854,WA Mota,2024-02-18,83,4,,71.55752727050242
S_6774,WA Mota,2024-03-25,98,3,127.16388634144617,75.79337704633458
S_3105,WA Mota,2024-01-28,45,0,,62.28216069411722
S_4970,Kamran Akmal,2024-03-12,63,0,,87.9420465878515
S_7744,Kamran Akmal,2024-02-19,62,2,,66.84632455655803
S_1007,Shahid Afridi,2024-01-24,60,3,,70.93221856599297
S_6000,Shahid Afridi,2024-02-16,34,1,,84.35646913590809
S_3822,Shahid Afridi,2024-03-20,22,4,128.30713462133426,94.42325154503277
S_4200,Shahid Afridi,2024-01-08,51,3,129.39485984451846,87.9507645333963
S_6906,DJ Bravo,2024-02-01,28,3,129.59000497321634,94.59455962942268
S_6108,DJ Bravo,2024-01-21,49,4,,94.89773549785815
S_9438,MA Khote,2024-01-27,88,0,,61.02774556858373
S_8833,MA Khote,2024-01-05,80,3,144.5719054158497,78.92778142449406
S_8544,A Nehra,2024-01-11,85,3,,72.52293928639047
S_1587,A Nehra,2024-04-01,49,1,,63.95301229439107
S_9381,A Nehra,2024-02-02,54,3,142.1901390218029,66.69411462701053
S_8096,GC Smith,2024-01-23,67,0,134.13861502194493,94.2686728305304
S_9915,GC Smith,2024-01-16,53,1,,60.13359969435215
S_2958,GC Smith,2024-03-10,92,3,,89.2964393835029
S_9831,Pankaj Singh,2024-03-03,86,3,126.46589606373996,72.61322369756216
S_5628,Pankaj Singh,2024-04-08,76,4,,86.5737056571295
S_7115,Pankaj Singh,2024-03-16,36,0,139.94954710427987,69.11004001481011
S_5741,RR Sarwan,2024-03-31,42,2,,75.64694403322488
S_1141,S Sreesanth,2024-04-09,91,2,,88.08240152057425
S_6626,S Sreesanth,2024-03-24,44,1,123.82361878268607,84.76909142157166
S_3946,VRV Singh,2024-02-11,38,0,149.45396079781884,81.74705740387353
S_2531,VRV Singh,2024-01-19,66,3,,84.62900921112785
S_3723,SS Tiwary,2024-02-09,49,0,,76.4068787912577
S_2762,DS Kulkarni,2024-02-28,97,0,,91.60132483171955
S_8804,R Vinay Kumar,2024-03-26,60,4,128.5587101507195,75.0213907688725
S_1778,R Vinay Kumar,2024-03-04,69,4,121.90922727859927,89.09807300349985
S_8851,R Vinay Kumar,2024-02-02,92,4,,90.3993027212101
S_5577,R Vinay Kumar,2024-03-28,84,4,122.46621191135345,91.87368028022988
S_1526,AB Agarkar,2024-01-19,45,3,,81.2481352551564
S_8986,AB Agarkar,2024-02-07,39,0,127.1230040512442,77.93273221410267
S_1771,M Kartik,2024-01-22,95,4,127.88026927795956,69.5049067662864
S_3394,M Kartik,2024-02-24,20,0,,61.39180877459994
S_9921,M Kartik,2024-01-27,27,2,,94.00364418153677
S_3800,M Kartik,2024-04-08,59,2,,76.60009471509412
S_7796,I Sharma,2024-03-01,68,0,,61.28524768752874
S_5697,AM Rahane,2024-02-08,68,1,,92.61138018014857
S_2800,AM Rahane,2024-03-28,56,0,123.41515180429805,72.08280999805922
S_1182,AM Rahane,2024-02-10,58,4,121.34560704070707,75.7708956644097
S_4629,AM Rahane,2024-02-14,20,3,146.46775668284542,83.48300516598778
S_7588,Shoaib Malik,2024-02-02,64,1,144.6359484765068,60.05477868170155
S_9365,MK Tiwary,2024-03-27,49,4,121.21676212634044,90.50592045508807
S_5033,MK Tiwary,2024-03-08,52,3,,64.23587501698175
S_1935,MK Tiwary,2024-03-24,95,1,,86.24477675527632
S_6054,KD Karthik,2024-01-29,93,1,137.96077206957293,77.57537634866954
S_5658,KD Karthik,2024-03-13,58,3,,82.32569824322718
S_2628,R Bhatia,2024-02-07,22,1,,74.77119910446737
S_3282,MF Maharoof,2024-03-05,74,4,,91.8547122873747
S_5669,MF Maharoof,2024-02-18,44,0,,73.55874049840307
S_2130,MF Maharoof,2024-01-18,55,2,,78.9887028986288
S_4259,VY Mahesh,2024-04-07,51,2,,80.27432238371844
S_6160,VY Mahesh,2024-03-03,42,2,131.13517270312883,81.03759583800816
S_5000,TM Srivastava,2024-01-24,58,1,,75.06852684617726
S_4267,TM Srivastava,2024-02-06,75,0,,65.40609115281633
S_4273,TM Srivastava,2024-02-29,37,3,,73.50560760132906
S_2829,TM Srivastava,2024-03-04,88,1,137.40664556355088,79.5890955693279
S_6744,B Chipli,2024-02-19,88,2,124.07367141191811,63.475577096379254
S_8597,B Chipli,2024-03-04,70,1,,65.1471647698306
S_5340,B Chipli,2024-01-30,61,4,131.1119095882592,73.11812487236287
S_7789,DW Steyn,2024-03-08,37,3,122.64605111369612,81.24070695519255
S_6619,DW Steyn,2024-01-17,41,3,134.33635344066727,78.62901359021416
S_9556,DW Steyn,2024-03-26,72,2,130.68556941352782,88.93852408287466
S_8730,DB Das,2024-03-25,65,3,,89.07409786820268
S_4456,MK Pandey,2024-04-01,82,4,,81.91820124973724
S_7652,MK Pandey,2024-01-17,43,1,,85.5786310049133
S_3567,MK Pandey,2024-01-28,24,0,147.20828426504502,64.63303326622403
S_4162,MK Pandey,2024-04-07,30,4,,61.32935471514487
S_7538,HH Gibbs,2024-04-01,24,0,134.00346231693564,61.206144079875
S_1882,HH Gibbs,2024-01-19,45,3,,90.22416328800908
S_8929,DNT Zoysa,2024-04-09,94,0,133.2367114096598,81.20143560986699
S_3808,DNT Zoysa,2024-03-21,70,4,132.22752625721452,88.9631622737206
S_7142,DNT Zoysa,2024-01-04,26,4,,94.86430323738044
S_1115,D Kalyankrishna,2024-02-14,91,2,,68.9616647786734
S_7980,D Kalyankrishna,2024-01-13,66,4,120.57348283289292,76.6895213911236
S_4420,D Kalyankrishna,2024-03-26,62,2,124.03305388224365,70.47884559300884
S_2999,D Kalyankrishna,2024-03-16,85,0,,67.3746737353521
S_8901,SE Marsh,2024-02-16,54,2,,94.81270245459993
S_9733,SA Asnodkar,2024-01-07,86,0,,82.15172157374519
S_6668,SA Asnodkar,2024-01-13,27,4,144.27549513417094,90.9548496425692
S_4175,SA Asnodkar,2024-01-23,28,1,,74.26400608613508
S_9605,SA Asnodkar,2024-04-04,94,2,138.96269488518726,80.19642325616688
S_6409,Sohail Tanvir,2024-02-14,80,2,128.98697033861623,62.69017263466572
S_8913,Sohail Tanvir,2024-01-16,79,1,,74.1005648921423
S_3555,Sohail Tanvir,2024-02-03,58,2,147.8768416089556,74.17859430846482
S_4701,Sohail Tanvir,2024-04-02,72,0,126.57821885771627,61.178421237485544
S_8480,Salman Butt,2024-01-25,50,0,146.0080040505565,75.8881396837925
S_8651,Salman Butt,2024-03-12,73,3,135.78835381014608,76.21104508629696
S_9244,Salman Butt,2024-01-24,98,3,,87.13711526410975
S_7046,BJ Hodge,2024-03-18,53,1,141.65164658151537,69.50414665939348
S_8758,BJ Hodge,2024-02-26,45,1,,84.74417706095007
S_7056,Umar Gul,2024-01-06,88,3,129.4881044918792,63.566233582310474
S_3624,Umar Gul,2024-01-19,28,2,137.1542749082146,91.75199375462178
S_3224,Umar Gul,2024-03-10,75,3,123.48068044044508,61.48021122279384
S_8094,AB Dinda,2024-01-10,66,4,139.99156240734618,93.81166267950371
S_1522,SP Fleming,2024-01-17,87,0,,63.687772278779974
S_8122,SP Fleming,2024-03-23,31,4,,72.60176630653424
S_6423,SP Fleming,2024-01-28,60,2,,67.31089534018074
S_7093,SP Fleming,2024-04-08,90,0,,79.32242776286823
S_5424,S Vidyut,2024-02-07,94,0,142.62069104785147,61.257853622254366
S_4976,S Vidyut,2024-03-28,27,3,129.4688203129005,82.56914114078099
S_4220,S Vidyut,2024-01-28,73,0,128.62228789396738,72.87250957146534
S_8480,S Vidyut,2024-02-18,73,1,122.99600463408535,84.08155553426049
S_4748,JA Morkel,2024-01-24,21,0,,74.47749362215224
S_9578,AB de Villiers,2024-01-17,31,3,,76.24333058087264
S_2401,LPC Silva,2024-02-29,84,3,,69.35384204277584
S_3745,LPC Silva,2024-03-16,46,4,,73.39031132497225
S_3792,LPC Silva,2024-02-03,56,4,,85.86592952257855
S_3566,LPC Silva,2024-02-26,31,2,136.45146108586962,90.77392901962347
S_5552,DB Ravi Teja,2024-02-01,94,0,128.73432743355536,67.24832213618
S_9835,DB Ravi Teja,2024-03-07,48,0,138.0987541714483,76.56903085232194
S_6243,DB Ravi Teja,2024-03-27,63,1,149.70626680762865,68.37055722237851
S_7683,Misbah-ul-Haq,2024-01-22,36,2,138.59203714299267,91.36262891281007
S_8468,Misbah-ul-Haq,2024-03-23,30,4,139.07864121491184,73.58579971444485
S_4483,Misbah-ul-Haq,2024-03-15,84,0,130.1202042305107,85.37434094734184
S_3606,Misbah-ul-Haq,2024-01-31,65,1,147.91820414539612,77.40593561591403
S_3295,YV Takawale,2024-02-23,52,1,,86.63809071083564
S_4644,RR Raje,2024-01-21,65,4,147.8598086104465,86.62990205800735
S_2932,RR Raje,2024-04-04,22,4,,91.41861354372848
S_9811,RR Raje,2024-02-02,94,4,131.75574889227238,83.06898175643343
S_3743,RR Raje,2024-03-04,78,1,126.57352438409815,76.06372177820545
S_8186,PJ Sangwan,2024-03-27,74,1,125.70322949351183,87.74082907009341
S_4642,PJ Sangwan,2024-04-07,36,2,,93.35138785992396
S_6366,Mohammad Asif,2024-01-08,32,1,,85.14159113802015
S_7976,Mohammad Asif,2024-02-12,58,0,,79.77798593584647
S_7236,GD McGrath,2024-03-26,63,0,143.53262574010253,73.1944939674198
S_5009,GD McGrath,2024-02-12,61,3,,78.01392659925037
S_6722,Joginder Sharma,2024-01-22,46,0,,91.31249791521721
S_2196,Joginder Sharma,2024-01-10,28,2,134.8402556877385,77.94520867344198
S_5422,Joginder Sharma,2024-03-07,39,4,,62.01960249455646
S_4674,Joginder Sharma,2024-03-30,97,0,127.53004149786901,79.74259100917313
S_2105,MS Gony,2024-03-08,84,1,146.3206683661578,94.10302835377402
S_4786,MS Gony,2024-02-10,24,1,124.44533784689837,83.7842474496868
S_3780,MS Gony,2024-03-08,88,2,132.82505493984334,71.42184508261956
S_2132,M Muralitharan,2024-02-29,90,1,132.5834398187194,87.31279260524086
S_9275,M Muralitharan,2024-01-15,27,0,,80.78308682833654
S_5570,M Muralitharan,2024-03-08,34,2,132.28236215451054,88.38075033527714
S_4607,M Ntini,2024-01-24,23,2,133.8988095981839,61.58911485140424
S_7771,M Ntini,2024-01-23,88,4,120.00034904266099,74.57980399688023
S_6445,M Ntini,2024-02-26,29,4,,68.06458317410724
S_6810,M Ntini,2024-03-26,66,3,126.72880449855136,83.20665171311978
S_4240,DT Patil,2024-03-09,32,1,,71.38532969080609
S_7680,DT Patil,2024-01-27,70,0,,91.56790688622024
S_4811,DT Patil,2024-02-08,35,4,124.48804348580857,73.3241388406303
S_4273,A Kumble,2024-02-01,78,1,137.51318341542336,93.32776249941581
S_3832,A Kumble,2024-03-08,67,3,123.89824116803824,79.60320941051884
S_3800,A Kumble,2024-03-05,82,0,,94.03469996640362
S_8361,S Anirudha,2024-01-15,58,2,123.66091482965545,64.37938399996115
S_1508,S Anirudha,2024-02-26,53,2,,64.97596563463634
S_5357,S Anirudha,2024-03-24,71,4,141.0350958477078,85.44698665653866
S_3230,MM Patel,2024-03-04,84,0,,65.70623679260568
S_2567,MM Patel,2024-04-05,87,1,,87.37599420819362
S_4490,MM Patel,2024-03-18,77,0,133.1298398444461,68.22406917485834
S_3972,CK Kapugedera,2024-03-23,25,0,136.22203701399312,75.03585802516227
S_2476,CK Kapugedera,2024-01-27,99,4,141.43232290879794,93.33634908407464
S_4663,CK Kapugedera,2024-02-12,93,0,,70.84257507231847
S_4093,A Chopra,2024-02-26,91,2,149.45717094229616,81.97976839114344
S_5595,A Chopra,2024-03-20,91,3,,60.692848042153905
S_1139,A Chopra,2024-01-17,25,0,,90.72945739446922
S_7261,T Taibu,2024-02-28,52,1,,83.99053591276655
S_9058,J Arunkumar,2024-03-06,66,3,143.5458546887664,85.67203612722363
S_7358,PP Ojha,2024-01-19,73,4,,69.72484716313993
S_7481,PP Ojha,2024-03-03,93,0,122.02507640051466,78.15453480332083
S_7160,PP Ojha,2024-03-06,25,1,,74.12603508265569
S_4802,SP Goswami,2024-02-18,95,2,135.50369817384475,85.90564790665121
S_6755,SR Tendulkar,2024-01-24,93,1,122.30938401194899,62.64542648489235
S_7163,SR Tendulkar,2024-03-31,60,3,138.70946334870797,82.69766870415408
S_3849,U Kaul,2024-01-22,86,2,141.1988960963613,81.350259597782
S_5195,U Kaul,2024-02-28,21,4,,64.0973114498459
S_7409,TM Dilshan,2024-02-22,98,2,146.48981474489318,67.09214219473701
S_9801,A Mishra,2024-01-30,44,4,,60.538821209195795
S_1816,A Mishra,2024-01-09,55,2,131.97105952927305,89.39305623325494
S_8071,AD Mascarenhas,2024-02-01,25,0,,85.99887412172107
S_4490,AD Mascarenhas,2024-03-25,44,3,144.51756934100464,77.94542379916216
S_9089,NK Patel,2024-01-19,36,2,127.26066239942631,84.99184531823444
S_9560,NK Patel,2024-01-23,71,0,,69.47822148129404
S_6039,NK Patel,2024-02-03,59,2,,85.64567161751577
S_2184,LA Pomersbach,2024-03-15,35,1,,71.65622051318894
S_2361,LA Pomersbach,2024-02-07,38,3,136.32761898341093,67.0098706253669
S_1869,Iqbal Abdulla,2024-03-05,27,2,132.82486951070277,67.2176091779449
S_8786,Iqbal Abdulla,2024-03-29,58,0,147.4577155475347,90.09383423869465
S_4258,Younis Khan,2024-03-25,21,4,139.13862788054217,89.17750969503854
S_1679,Younis Khan,2024-02-05,56,3,,77.50280413950539
S_8352,PM Sarvesh Kumar,2024-03-17,23,4,,60.99089460409337
S_4278,PM Sarvesh Kumar,2024-01-01,74,2,,82.93108000835183
S_8552,PM Sarvesh Kumar,2024-02-07,48,4,148.2759392256035,86.13718238368013
S_3668,PM Sarvesh Kumar,2024-02-16,54,3,,70.84324063628641
S_3330,DP Vijaykumar,2024-02-25,42,0,,72.38262055577526
S_4927,DP Vijaykumar,2024-01-25,74,4,,72.40487320775692
S_3854,DP Vijaykumar,2024-03-20,80,0,,89.01049466885355
S_8206,DP Vijaykumar,2024-01-22,60,4,145.1372512455541,90.05674977723153
S_7968,Shoaib Akhtar,2024-03-26,92,4,,74.3882763108154
S_7815,Shoaib Akhtar,2024-02-15,42,4,,60.06972473266746
S_5545,Shoaib Akhtar,2024-01-06,37,0,,74.49703239501406
S_8081,Abdur Razzak,2024-03-18,29,3,123.55245117527795,67.41630156540381
S_8178,Abdur Razzak,2024-03-18,58,2,,86.22866584804056
S_6783,Abdur Razzak,2024-03-12,28,0,,78.93167513433283
S_7318,Abdur Razzak,2024-03-05,48,1,,79.1339839284751
S_5188,H Das,2024-02-17,96,0,,92.6594532042908
S_3687,DR Smith,2024-03-28,45,0,,73.71507806158091
S_6126,DR Smith,2024-02-27,68,4,138.34009806649942,90.00581158262943
S_9442,DR Smith,2024-01-03,98,4,140.65894887923628,68.86453342329503
S_4893,SD Chitnis,2024-01-28,92,0,,90.5959738754959
S_7773,CRD Fernando,2024-03-11,97,4,,89.9240906846516
S_5994,VS Yeligati,2024-01-11,72,0,147.05322085638687,67.12154598741586
S_4719,L Balaji,2024-01-22,25,3,,86.0078538870983
S_4406,L Balaji,2024-04-01,76,0,,73.14141249632752
S_3604,L Balaji,2024-03-19,39,4,129.6348645790786,67.70389640666636
S_9397,L Balaji,2024-03-04,59,2,131.2344119990405,72.9318676910983
S_7239,A Mukund,2024-03-31,49,2,145.26976514249802,73.06344047327319
S_1670,A Mukund,2024-04-07,80,0,132.7821293287829,79.1811324832484
S_4439,A Mukund,2024-02-14,81,1,120.43884776633027,67.25348049191074
S_4612,RR Powar,2024-02-28,90,3,,91.1643331026765
S_3972,RR Powar,2024-02-27,36,2,,87.10059390306083
S_1489,RR Powar,2024-03-26,81,1,,74.52399253900273
S_7410,RR Powar,2024-02-23,35,2,,80.99199602396743
S_2629,JP Duminy,2024-04-03,95,1,125.63761142445969,62.69400842833059
S_3561,JP Duminy,2024-02-19,31,2,139.78532305922312,87.8684507689479
S_5334,A Flintoff,2024-03-07,57,2,129.73535400526026,69.43291518022954
S_5251,A Flintoff,2024-01-21,32,2,127.93905080776072,83.1689130677854
S_2230,A Flintoff,2024-01-04,42,3,142.43515723236214,65.27128361263959
S_9960,A Flintoff,2024-02-06,82,4,127.30190049655592,79.50680093505528
S_2837,T Thushara,2024-02-19,67,0,146.6435456680211,71.38517164266118
S_9092,T Thushara,2024-03-11,96,1,127.4702620832727,80.18458396002147
S_6669,T Thushara,2024-02-17,46,3,148.00713250372945,88.0471797155833
S_2474,T Thushara,2024-03-31,54,4,,93.64057954985577
S_3964,JD Ryder,2024-02-23,94,3,126.96054540926433,60.50335061252298
S_1919,JD Ryder,2024-02-18,51,2,,92.84448103503505
S_5804,JD Ryder,2024-03-25,29,2,149.72037471197297,86.48555584739988
S_4521,KP Pietersen,2024-03-14,80,2,137.0845345251676,90.39437757794838
S_1650,KP Pietersen,2024-04-07,74,3,126.34907695709583,94.84708883246091
S_3827,KP Pietersen,2024-02-19,23,0,,92.89761271894378
S_5383,T Henderson,2024-01-11,80,1,,90.22744974538156
S_8031,T Henderson,2024-03-27,94,4,121.63172245566933,82.54898532777841
S_3505,Kamran Khan,2024-01-22,84,3,,67.14582957088851
S_8086,RS Bopara,2024-03-21,65,1,,87.26859052385254
S_9566,RS Bopara,2024-02-28,62,3,,83.99951900267754
S_3690,CH Gayle,2024-01-28,75,1,,65.37918649954716
S_9996,CH Gayle,2024-02-18,85,3,,85.91976531408285
S_7055,MC Henriques,2024-02-12,41,3,,74.81673004536191
S_6021,MC Henriques,2024-03-21,74,2,,90.20488909756052
S_2262,MC Henriques,2024-02-25,67,2,128.5955864678137,88.09241093235254
S_3259,MC Henriques,2024-02-06,76,4,,71.73476675274036
S_6750,R Bishnoi,2024-01-12,68,0,148.13895694301684,62.97862201419249
S_2546,R Bishnoi,2024-04-07,69,3,,76.62328378423119
S_5145,R Bishnoi,2024-03-28,29,3,,78.54584413809842
S_9775,FH Edwards,2024-02-09,75,2,,70.47841807968719
S_7711,KV Sharma,2024-02-29,29,3,,83.58979728510056
S_5131,KV Sharma,2024-01-26,23,1,,90.2630622650349
S_8542,PC Valthaty,2024-01-11,65,4,,87.31946094105248
S_4199,PC Valthaty,2024-01-24,63,3,,62.87953134969717
S_4318,PC Valthaty,2024-04-04,76,1,,72.73333743993267
S_6208,RJ Quiney,2024-02-17,37,2,139.92605139215357,66.97360840429099
S_7094,RJ Quiney,2024-03-03,58,4,146.6855793313129,73.00135419185318
S_8124,AS Raut,2024-03-22,96,0,,76.9113302159784
S_2234,AS Raut,2024-02-29,90,0,132.2041440285517,71.48815869874188
S_1186,AS Raut,2024-03-29,81,4,144.53568916965088,77.85519331597132
S_2881,Yashpal Singh,2024-01-14,73,3,147.96968274686634,85.95609168081249
S_4262,M Manhas,2024-02-07,72,2,,66.3993222954086
S_3785,M Manhas,2024-03-20,41,4,136.76297833873193,72.9909330606836
S_5482,M Manhas,2024-02-28,95,0,137.19669583348775,71.8177255699732
S_4416,AA Bilakhia,2024-02-10,50,4,127.4900685822069,69.2136571281304
S_5620,AA Bilakhia,2024-02-14,61,1,,73.17856007262544
S_1336,AA Bilakhia,2024-02-23,55,0,125.98515944788825,70.28821853559141
S_6447,AA Bilakhia,2024-03-31,42,2,,91.79520931577814
S_9347,AN Ghosh,2024-03-29,80,1,135.38766494324298,84.64291449624687
S_7751,AN Ghosh,2024-04-02,32,2,,67.15569303624956
S_7992,AN Ghosh,2024-02-09,34,0,,87.07434596527105
S_8069,BAW Mendis,2024-02-02,76,3,149.89194881037167,87.86025908495492
S_4791,DL Vettori,2024-01-09,51,3,123.34778999871742,81.29118250027201
S_9263,DL Vettori,2024-01-27,81,3,,88.05060216780338
S_8850,DL Vettori,2024-04-04,36,0,,83.70875954611054
S_9615,MN van Wyk,2024-01-23,75,1,,86.2299102093283
S_5917,RE van der Merwe,2024-03-12,68,2,,70.23807489166882
S_8282,RE van der Merwe,2024-03-06,82,2,137.9187726106041,82.86842244675383
S_2051,RE van der Merwe,2024-03-06,57,4,142.17200927818118,69.7112637903734
S_3105,TL Suman,2024-01-13,71,1,141.18738487665786,81.7941339332429
S_2517,TL Suman,2024-03-23,77,3,,62.76287910312944
S_5891,TL Suman,2024-01-01,61,1,136.2300869678299,94.46960103884828
S_7513,Shoaib Ahmed,2024-01-04,57,3,,68.39962773544852
S_1183,Shoaib Ahmed,2024-03-16,50,4,,77.55312861225582
S_2273,Shoaib Ahmed,2024-01-24,92,1,128.1912185798342,66.20173753539169
S_5247,Shoaib Ahmed,2024-01-05,86,1,143.526185230958,76.18369119193892
S_7305,GR Napier,2024-03-27,69,3,128.8521704779293,70.45999973406607
S_1128,KP Appanna,2024-03-29,85,2,,75.04851669229376
S_6552,KP Appanna,2024-03-26,81,4,128.63836028027978,77.24868545864886
S_1249,KP Appanna,2024-02-21,98,0,,64.08040760944938
S_3672,KP Appanna,2024-02-16,87,2,144.62943051897423,79.8311840616912
S_9383,LA Carseldine,2024-03-07,59,1,148.27977530899892,62.895691386828474
S_5298,LA Carseldine,2024-03-01,83,4,,62.64813863664388
S_5538,LA Carseldine,2024-04-02,88,0,143.5050024253577,84.48968221348167
S_6898,NV Ojha,2024-04-01,95,1,142.44482479163057,79.64394873262233
S_8036,NV Ojha,2024-02-23,92,1,,72.16315783598141
S_7686,NV Ojha,2024-02-21,95,0,,67.9282569112637
S_3432,SM Harwood,2024-03-05,82,1,,88.82432793141366
S_5117,SM Harwood,2024-02-07,99,0,,67.31707807973962
S_9848,SM Harwood,2024-02-07,97,4,126.63716089338192,73.334694578394
S_4580,M Vijay,2024-01-27,32,0,,67.14863656192585
S_8984,SB Jakati,2024-01-23,53,1,129.35406410867307,68.74202568562819
S_3618,SB Jakati,2024-03-04,37,3,141.44259829331838,62.395765839810586
S_8566,SB Jakati,2024-01-19,82,2,,84.26673038071473
S_3466,SB Jakati,2024-01-19,39,3,148.20549573756247,61.6375045740119
S_7524,DA Warner,2024-01-17,90,2,133.32345739488997,86.2509944249767
S_2956,DA Warner,2024-03-19,87,2,,91.75371305247421
S_5524,DA Warner,2024-03-30,47,4,122.87187164233193,71.11931441415068
S_4854,DA Warner,2024-02-12,50,0,,89.27744717163117
S_4575,RJ Harris,2024-02-26,99,2,,71.01890402730771
S_6316,RJ Harris,2024-04-02,58,3,,91.27581052575461
S_3710,RJ Harris,2024-03-09,25,1,,63.76649646659506
S_3053,D du Preez,2024-02-01,37,1,129.2540484446845,80.05647702166556
S_7519,M Morkel,2024-03-03,86,1,,94.24241754698998
S_6054,M Morkel,2024-03-08,60,2,,83.48826049800917
S_8701,M Morkel,2024-03-05,41,2,,87.30662439690482
S_8483,M Morkel,2024-03-16,33,0,,70.65723864621327
S_2814,AD Mathews,2024-03-14,66,4,,79.12604896048435
S_3971,J Botha,2024-04-07,44,1,122.52382986778149,73.75863676457904
S_7782,J Botha,2024-02-10,44,2,124.89057341444659,68.18344915825725
S_2620,C Nanda,2024-01-21,64,0,,90.39433333814269
S_7197,C Nanda,2024-03-15,35,0,,90.028428182027
S_9378,C Nanda,2024-03-30,35,0,129.19298468110114,61.409030105323126
S_6877,SL Malinga,2024-01-02,78,2,128.14476007628133,91.64851519926478
S_2902,SL Malinga,2024-02-15,82,3,,89.13272388813482
S_1016,SL Malinga,2024-03-03,55,4,,63.14706857008958
S_3851,SL Malinga,2024-01-28,66,3,,69.79110887191749
S_1969,Mashrafe Mortaza,2024-03-11,71,3,141.82587690675285,76.95369149602972
S_6555,Mashrafe Mortaza,2024-01-19,96,1,,70.37372024063492
S_9476,A Singh,2024-01-20,44,3,,64.3947952523038
S_8108,A Singh,2024-02-23,49,4,,88.09979231484411
S_2909,A Singh,2024-04-02,41,3,128.9186161284398,68.04978138871341
S_7382,GJ Bailey,2024-03-19,76,3,144.7305134174805,73.89472567726159
S_7781,GJ Bailey,2024-03-15,56,1,,94.64147446932671
S_6929,GJ Bailey,2024-01-09,26,3,143.8145431172412,83.07980367286991
S_6308,AB McDonald,2024-01-31,72,1,,75.6254672628792
S_3363,Y Nagar,2024-03-28,36,4,,69.76283266257168
S_6002,Y Nagar,2024-03-25,23,1,127.60752350989108,76.48325205703802
S_2371,SS Shaikh,2024-04-05,84,3,143.74390622668557,81.08644407462093
S_7553,SS Shaikh,2024-03-15,59,1,145.4066167328686,71.35152820730313
S_3537,SS Shaikh,2024-01-27,73,1,120.1621477101801,60.04711948347973
S_8845,R Ashwin,2024-01-28,44,4,,93.00716640924401
S_6856,R Ashwin,2024-03-17,61,4,126.37001922860674,64.27025947519111
S_7897,R Ashwin,2024-01-27,60,1,,80.79496519647601
S_7155,R Ashwin,2024-02-09,92,3,,81.79562988024917
S_4809,Mohammad Ashraful,2024-02-17,39,3,140.18541400465634,85.34890846246967
S_2409,CA Pujara,2024-01-31,76,1,,91.16345122993431
S_3172,CA Pujara,2024-01-24,40,1,145.19461056610464,64.46199880490862
S_6247,OA Shah,2024-02-27,95,3,141.80516493144714,87.46693886387457
S_5535,OA Shah,2024-03-29,52,4,148.3777393209626,70.35384341237877
S_9044,Anirudh Singh,2024-01-16,78,4,139.01134799296588,80.77114839466533
S_3014,Anirudh Singh,2024-03-18,89,3,,83.27695961523209
S_3364,Anirudh Singh,2024-03-11,65,3,133.82009489500467,77.4639890919818
S_8940,Anirudh Singh,2024-01-27,97,2,,84.92479660582117
S_5571,Jaskaran Singh,2024-03-23,73,4,136.9723485183987,78.0061464708963
S_8774,AP Tare,2024-01-22,85,4,126.77183171517382,73.64649112018782
S_9832,AP Tare,2024-03-24,63,2,149.30383118482757,74.16537723403806
S_3575,AT Rayudu,2024-04-08,39,2,129.80823073010026,70.7010385106552
S_6968,AT Rayudu,2024-03-06,48,3,129.45718303948354,64.662347344782
S_6594,R Sathish,2024-03-16,39,0,132.77813125400817,94.81394578187705
S_8130,R Sathish,2024-02-14,62,4,143.02496491772115,70.76354284216598
S_3158,R Sathish,2024-02-22,62,2,,79.28678336532263
S_4823,R McLaren,2024-01-26,42,2,,87.00292216994707
S_5306,R McLaren,2024-02-08,70,3,,62.33428584919071
S_3657,AA Jhunjhunwala,2024-02-12,38,3,,81.47732660462843
S_6696,AA Jhunjhunwala,2024-04-08,91,2,,91.27723386711467
S_1262,AA Jhunjhunwala,2024-01-11,80,3,,84.560839585704
S_9106,P Dogra,2024-02-20,56,4,,61.99084892221763
S_9792,P Dogra,2024-02-23,76,3,131.8781167858785,86.4688826997852
S_8382,A Uniyal,2024-02-14,42,1,149.07965436852538,73.22437248045154
S_8008,A Uniyal,2024-02-05,33,2,149.932481670306,75.81088165935053
S_3547,MS Bisla,2024-04-02,64,0,,73.55460439986945
S_7719,MS Bisla,2024-02-07,83,0,139.46296158478157,93.40980751005839
S_2464,YA Abdulla,2024-01-07,69,2,,64.43884078926466
S_2211,EJG Morgan,2024-02-03,23,0,140.94595292029499,67.52207859853517
S_8345,JM Kemp,2024-03-13,80,2,,68.89914310057026
S_3339,JM Kemp,2024-02-19,62,2,124.45081011868551,66.02301113584193
S_2436,JM Kemp,2024-01-16,66,2,,80.84879384565353
S_4622,S Tyagi,2024-02-17,65,1,,77.58718068894262
S_8837,RS Gavaskar,2024-01-22,94,1,144.85958718354868,87.42143460172437
S_1692,RS Gavaskar,2024-03-11,20,1,129.7705440619186,73.79476163739199
S_3645,SE Bond,2024-01-19,37,4,,91.3272851097936
S_7089,SE Bond,2024-01-12,46,0,120.38721683942975,67.93417282262233
S_9938,SE Bond,2024-03-02,34,1,131.42855535070424,61.90978928989446
S_3306,SE Bond,2024-01-07,62,1,,67.57164721707895
S_5675,KA Pollard,2024-03-22,87,0,122.04327074170567,67.63610153576457
S_3181,S Ladda,2024-02-11,44,0,,68.6589911470421
S_6982,S Ladda,2024-01-14,58,3,,60.501581705345046
S_9456,S Ladda,2024-02-27,64,4,142.91076808050963,78.31904798227029
S_4854,DP Nannes,2024-03-11,48,2,,66.45606678709592
S_3395,DP Nannes,2024-01-29,98,2,,73.92277043251843
S_4138,MJ Lumb,2024-01-08,27,1,,77.69938603234809
S_1556,DR Martyn,2024-01-08,35,4,126.05525506091274,69.0336375206164
S_2016,S Narwal,2024-03-11,34,1,,78.94445388295873
S_3313,AB Barath,2024-03-20,91,0,,65.946047562667
S_2689,Bipul Sharma,2024-03-18,60,3,,94.63268666845129
S_6649,FY Fazal,2024-03-02,32,2,122.30274185666214,60.146560526978526
S_6560,FY Fazal,2024-04-01,70,2,132.41036036955782,82.85405226677787
S_8235,FY Fazal,2024-02-15,86,1,141.8596885270981,71.03773101431412
S_4340,AC Voges,2024-03-09,44,3,,87.912991585377
S_5041,AC Voges,2024-02-14,66,3,,69.82102846332705
S_4510,MD Mishra,2024-03-15,38,2,,84.05534469038811
S_5658,UT Yadav,2024-02-12,42,2,,85.58046210216561
S_6979,UT Yadav,2024-02-29,78,0,144.12496694951653,90.32481142388951
S_8204,J Theron,2024-01-26,59,4,137.05656766813837,62.071197515223965
S_5539,SJ Srivastava,2024-02-14,65,3,137.15367947807943,75.19182616283348
S_7040,SJ Srivastava,2024-03-05,25,2,134.51407619581943,74.64363366824168
S_2181,SJ Srivastava,2024-03-17,37,0,125.96442182812208,71.02536775141986
S_3987,SJ Srivastava,2024-03-22,66,2,,87.30744269874717
S_3693,R Sharma,2024-03-31,28,4,143.88730828369162,85.72588151664382
S_3159,R Sharma,2024-02-14,96,0,,69.14665562598843
S_7772,R Sharma,2024-04-01,36,3,128.64553577878587,60.22625252263987
S_3181,R Sharma,2024-03-15,57,4,,63.66365896874367
S_6622,Mandeep Singh,2024-04-08,43,2,136.51595041788676,74.25779334744914
S_2058,Mandeep Singh,2024-03-02,20,3,,77.30823937921429
S_4553,Mandeep Singh,2024-03-29,35,1,144.2518464691207,81.40762467864974
S_6618,KM Jadhav,2024-03-13,20,1,,69.40791652605694
S_8915,KM Jadhav,2024-02-24,37,1,,80.79173129483839
S_6753,SW Tait,2024-03-10,67,2,,66.01403111251804
S_7899,KB Arun Karthik,2024-01-18,79,3,,81.16938002769034
S_1515,KB Arun Karthik,2024-03-03,59,0,,70.27371773605311
S_1271,KAJ Roach,2024-01-15,71,4,,79.76067236267122
S_1622,PD Collingwood,2024-01-02,32,3,141.6047238279282,70.05274232218028
S_1066,PD Collingwood,2024-03-03,28,4,,91.61282695706475
S_5471,CK Langeveldt,2024-01-13,31,4,,86.53141473539257
S_1198,CK Langeveldt,2024-01-02,75,3,,94.17963581630164
S_2174,VS Malik,2024-01-29,97,1,142.97575931654225,84.20794781532895
S_8601,VS Malik,2024-01-20,74,0,,93.78233734910073
S_1731,VS Malik,2024-03-10,86,1,,67.23033556776232
S_9516,A Mithun,2024-03-23,78,3,,66.95210648516542
S_5239,A Mithun,2024-03-28,87,0,,86.78178418140372
S_8088,A Mithun,2024-03-23,26,2,147.0974431528539,69.35953474652376
S_6810,A Mithun,2024-03-12,99,3,,79.107323665815
S_2030,AP Dole,2024-01-27,29,1,,91.91365200401322
S_7358,AN Ahmed,2024-01-06,48,0,,83.42749444842619
S_8037,AN Ahmed,2024-04-07,47,2,,60.17988696549461
S_8769,RS Sodhi,2024-02-17,40,2,148.3724910667779,70.95218418100879
S_6178,RS Sodhi,2024-03-11,28,4,142.25933188541958,83.72031344204622
S_1378,RS Sodhi,2024-01-03,26,2,126.53137538934455,63.085325534782555
S_4624,DE Bollinger,2024-03-15,61,4,132.05379405328273,80.22397900290025
S_6818,DE Bollinger,2024-03-21,67,4,147.97466770769407,92.68530799961871
S_9802,DE Bollinger,2024-01-14,82,4,124.25982778056255,70.64846523395185
S_6969,S Sriram,2024-02-19,97,1,,93.64958168747174
S_7414,S Sriram,2024-02-19,55,2,145.90453825107346,64.63007816778634
S_6607,S Sriram,2024-04-05,80,3,149.27336455646798,72.91976678332216
S_8265,S Sriram,2024-03-22,90,4,,64.26608288862947
S_5645,B Sumanth,2024-01-14,27,2,,62.56774236108609
S_5435,C Madan,2024-03-25,80,4,146.85169811999498,89.86348642189911
S_4199,C Madan,2024-02-12,36,1,,92.57884262465399
S_2505,AG Paunikar,2024-04-03,25,0,133.0578683896966,92.22419902725169
S_2551,AG Paunikar,2024-02-20,56,0,,67.68722250080991
S_9456,AG Paunikar,2024-04-09,83,1,,64.21272516734952
S_8104,MR Marsh,2024-04-06,20,3,130.46495722375892,73.11887235224992
S_2567,MR Marsh,2024-02-02,47,1,,61.245658078226676
S_3365,AJ Finch,2024-03-20,53,1,,61.363524622196245
S_3741,AJ Finch,2024-03-17,62,4,145.84337058063971,90.31124862660148
S_3809,STR Binny,2024-04-07,77,3,134.49696227626305,94.54135808859041
S_5565,STR Binny,2024-03-05,87,0,122.92100681373664,84.72301988834987
S_3568,STR Binny,2024-02-16,95,1,,88.6604244682165
S_7103,Harmeet Singh,2024-01-27,57,0,124.11062730108962,78.8154618992398
S_9274,Harmeet Singh,2024-03-26,82,0,,74.60881738152018
S_7429,Harmeet Singh,2024-04-02,41,2,134.7887091496758,71.55545826104616
S_3657,Harmeet Singh,2024-03-05,50,1,,70.43231704095015
S_2230,IR Jaggi,2024-02-25,41,2,123.71538080117452,62.46874731575348
S_8970,IR Jaggi,2024-01-01,71,4,122.33569558826309,93.44068670033236
S_9683,DT Christian,2024-03-01,73,1,143.0832773826467,92.71784311224741
S_1534,DT Christian,2024-01-07,63,4,,70.11389837223705
S_7957,DT Christian,2024-03-08,97,2,125.82820713005404,75.65203612757533
S_2861,RV Gomez,2024-01-22,51,0,124.67319781740511,79.14658709654522
S_9081,RV Gomez,2024-01-06,64,0,,69.58958348144901
S_4918,RV Gomez,2024-02-13,46,1,140.98789599070585,89.85242343491035
S_6338,RV Gomez,2024-02-26,88,4,144.8745192085242,77.7849601532818
S_8798,MA Agarwal,2024-03-20,97,4,,81.96841070055831
S_3460,MA Agarwal,2024-02-03,60,0,146.62406820638648,81.89017075583077
S_4114,AUK Pathan,2024-01-07,20,4,,82.24758626834146
S_4174,AUK Pathan,2024-01-10,90,1,144.43151762007244,73.37432230609906
S_5078,UBT Chand,2024-02-11,70,3,140.88239584701117,72.68756945860297
S_1283,DJ Jacobs,2024-03-21,83,2,125.40475943197858,63.8452089809274
S_8366,DJ Jacobs,2024-01-13,34,0,120.76045812791816,84.15164109433073
S_1992,DJ Jacobs,2024-03-15,93,0,127.2241144821952,73.5382534718158
S_1343,Sunny Singh,2024-02-09,36,4,131.9181441852138,68.59427190805718
S_4720,NJ Rimmington,2024-03-08,36,4,137.44692613313967,85.0143486332507
S_2364,NJ Rimmington,2024-01-21,37,4,136.03677657468927,66.841030012894
S_1495,NJ Rimmington,2024-03-24,64,1,,91.15828176285198
S_1156,NJ Rimmington,2024-04-04,23,1,137.4938347035861,80.26378621035315
S_8246,AL Menaria,2024-01-27,34,3,,86.03668155557531
S_1153,AL Menaria,2024-02-15,68,1,125.71010925285142,92.1027207138702
S_1786,AL Menaria,2024-01-17,52,3,130.25547125751774,75.1793015962133
S_9857,AL Menaria,2024-04-08,91,3,138.0415221206569,71.87271044371244
S_8055,WD Parnell,2024-01-24,80,0,,74.06566949328588
S_3511,WD Parnell,2024-01-16,77,4,,81.67215110522542
S_5243,WD Parnell,2024-03-20,90,0,,63.94951155142675
S_8328,WD Parnell,2024-01-26,64,3,,93.85449166296041
S_3506,JJ van der Wath,2024-01-02,33,3,,91.42843256647566
S_7048,R Ninan,2024-01-13,97,1,135.32912229135187,75.00675018901393
S_2601,R Ninan,2024-03-13,98,4,145.17299096398835,79.27311607327975
S_2299,R Ninan,2024-02-28,65,2,,84.53029946939
S_9269,R Ninan,2024-01-16,53,3,122.05322127727878,91.40890614125553
S_4089,S Aravind,2024-01-12,71,2,129.77473752058347,66.71076760865932
S_5575,S Aravind,2024-02-17,38,3,122.64403292930075,87.18794530230207
S_7666,MS Wade,2024-01-15,83,2,,84.73114451479762
S_4364,MS Wade,2024-01-09,34,2,,67.41110517183468
S_5500,MS Wade,2024-03-12,40,0,145.73804741991987,83.34246066105382
S_5726,TD Paine,2024-01-14,33,1,135.82763919816497,69.06164961775988
S_4240,TD Paine,2024-01-10,36,0,144.34716013054646,76.87959000285403
S_5611,TD Paine,2024-02-11,32,1,,81.60179794909384
S_3244,SB Wagh,2024-01-19,21,3,137.751509066772,66.72081791977206
S_4518,SB Wagh,2024-02-26,31,0,,69.78727114726222
S_1739,SB Wagh,2024-01-10,27,3,,75.26861092250051
S_6645,SB Wagh,2024-02-23,40,3,,92.65036915443216
S_7998,AC Thomas,2024-01-07,28,0,145.0924678973957,90.18713676644053
S_3603,AC Thomas,2024-03-14,81,1,,81.82317183109541
S_6682,AC Thomas,2024-01-10,91,4,138.42558732957033,68.28134239476276
S_3007,AC Thomas,2024-02-02,78,1,,63.71561237416135
S_6935,JEC Franklin,2024-02-11,46,1,143.0624139408754,62.16812815026458
S_9216,JEC Franklin,2024-03-15,42,1,,74.87337316718506
S_9534,JEC Franklin,2024-04-02,50,0,127.87225129467906,74.75994161340708
S_8393,JEC Franklin,2024-03-24,54,2,137.12721161256434,71.63493422610279
S_7727,Shakib Al Hasan,2024-01-30,63,4,,86.83085806492181
S_1138,Shakib Al Hasan,2024-03-06,77,1,138.02376448018856,84.53029940353579
S_7353,Shakib Al Hasan,2024-04-03,38,1,128.45755066791756,71.13138640930819
S_5887,Shakib Al Hasan,2024-02-03,72,0,,91.94802801427517
S_6533,DH Yagnik,2024-02-23,32,2,,89.82169455316425
S_4326,S Randiv,2024-03-16,21,2,135.98481112204183,90.12337376261098
S_6092,S Randiv,2024-01-07,45,1,123.78345967126232,80.36025346157169
S_6307,S Randiv,2024-03-13,51,4,125.75866316987177,85.17320466654513
S_6812,BJ Haddin,2024-02-19,34,1,,83.44140579263868
S_9446,NLTC Perera,2024-01-15,89,0,,84.35282384292609
S_5516,NLTC Perera,2024-01-23,59,4,,67.12372058604137
S_9446,NLTC Perera,2024-03-08,99,4,,60.30720241817753
S_5452,NLTC Perera,2024-04-06,28,3,,82.20947637095337
S_1098,NL McCullum,2024-03-09,96,1,,88.4571979024942
S_8242,NL McCullum,2024-02-11,57,3,126.45466864872166,81.96137645681254
S_4172,NL McCullum,2024-02-20,93,2,142.1563816019089,62.23280946887593
S_4666,NL McCullum,2024-02-23,70,1,,94.40314078441453
S_9167,JE Taylor,2024-02-05,44,3,,82.01055139458614
S_1572,JE Taylor,2024-02-22,37,2,126.56315125232639,71.4177177443326
S_2997,J Syed Mohammad,2024-01-04,60,4,,70.2092707752555
S_7731,RN ten Doeschate,2024-03-09,20,1,,93.38808243728216
S_5951,RN ten Doeschate,2024-02-04,65,1,120.49981413732648,71.8630671371957
S_2173,RN ten Doeschate,2024-01-04,68,2,,77.66230507921023
S_5567,RN ten Doeschate,2024-04-04,50,2,145.7050604916953,76.34073346930865
S_4151,TR Birt,2024-02-26,96,2,,76.62879277261425
S_4491,TR Birt,2024-03-07,68,3,132.51492836927108,90.72122917019186
S_8865,AG Murtaza,2024-03-27,72,3,,94.01458554639197
S_1164,AG Murtaza,2024-01-21,98,0,,90.02502242311212
S_9605,AG Murtaza,2024-02-14,37,3,,87.30168304640152
S_8467,Harpreet Singh,2024-01-07,63,4,,92.89735305099981
S_5150,M Klinger,2024-01-10,61,0,,91.18990321277283
S_2381,AC Blizzard,2024-03-31,79,2,123.7394228697844,93.64950891482736
S_4149,AC Blizzard,2024-03-25,49,4,,61.647043281100665
S_4645,I Malhotra,2024-04-04,71,4,133.71178977797328,70.15892868803853
S_6111,I Malhotra,2024-04-06,81,4,149.60062834851072,68.78057151006387
S_1261,L Ablish,2024-02-26,20,1,,93.08800773651723
S_5175,L Ablish,2024-02-25,39,0,124.28442913418603,80.29403516167038
S_6724,L Ablish,2024-01-19,84,4,,80.24896363712361
S_1551,CA Ingram,2024-03-07,44,4,127.76377225093572,71.07599958060456
S_5052,S Nadeem,2024-02-25,74,2,,72.15172586467742
S_1848,P Parameswaran,2024-03-06,38,2,137.1054489526408,81.3568603145042
S_3376,CJ Ferguson,2024-01-17,46,1,,84.25181188586687
S_6585,CJ Ferguson,2024-03-11,58,3,,61.94973926403358
S_4992,CJ Ferguson,2024-03-09,49,3,121.77150433374815,69.50824669772794
S_5109,VR Aaron,2024-03-09,37,1,138.3402496874318,72.98407994072592
S_1343,VR Aaron,2024-03-15,42,0,120.86832950230101,68.38760247351448
S_1919,VR Aaron,2024-02-29,54,2,,88.34925602892153
S_4392,VR Aaron,2024-03-25,68,4,127.82547737886267,60.31804622329257
S_3939,AA Chavan,2024-03-26,37,2,139.63039378958572,90.53819831402768
S_2502,AA Chavan,2024-02-03,90,3,,76.0265103294475
S_3440,ND Doshi,2024-03-13,91,2,127.42894929214316,72.18181844170621
S_7310,ND Doshi,2024-03-24,83,0,124.81900837855652,66.05583544129075
S_5911,ND Doshi,2024-01-20,57,3,124.16906975659873,86.15541451459498
S_7276,B Kumar,2024-02-19,61,3,132.33340250984546,75.56494719004175
S_3064,B Kumar,2024-03-08,90,0,138.219732503792,63.10024188728254
S_1118,B Kumar,2024-02-03,89,1,142.18743531665228,67.38394617169827
S_2101,Y Gnaneswara Rao,2024-03-10,69,4,,67.61557789760755
S_3261,Y Gnaneswara Rao,2024-03-26,93,2,,66.96826969775739
S_9879,Y Gnaneswara Rao,2024-01-17,26,4,123.76930477236942,70.14047943083752
S_6648,Y Gnaneswara Rao,2024-02-21,25,2,,84.64110084070799
S_4557,S Rana,2024-01-04,43,2,,75.55384664578781
S_1687,S Rana,2024-02-23,54,3,,63.202063143561055
S_1845,S Rana,2024-01-13,46,0,,68.13414161750445
S_3024,BA Bhatt,2024-01-02,96,3,,66.16086642643968
S_3581,F du Plessis,2024-02-24,86,2,149.5171909169149,91.84102903494394
S_2036,F du Plessis,2024-02-10,76,4,135.94437738845463,76.02871250713375
S_7183,F du Plessis,2024-03-20,64,2,,71.68218089744292
S_3886,RE Levi,2024-02-25,29,1,133.33882973741714,60.947839678451786
S_5934,RE Levi,2024-03-06,89,0,,82.83665844275313
S_3785,RE Levi,2024-02-19,99,0,128.93864793950596,75.92764724321346
S_9060,GJ Maxwell,2024-01-23,89,1,138.8522087292297,75.35271564525945
S_4932,GJ Maxwell,2024-03-12,56,0,133.75090438278917,78.50475619594184
S_3833,SPD Smith,2024-02-07,56,2,,79.08997825740995
S_5777,SPD Smith,2024-02-17,63,1,,63.61258271076499
S_8525,SPD Smith,2024-02-04,47,1,134.01782988022507,63.7349136685824
S_3790,MN Samuels,2024-02-14,39,4,,63.93389595116045
S_1922,MN Samuels,2024-01-26,26,1,124.00602699482248,73.53437574956116
S_7881,MN Samuels,2024-02-22,34,1,137.1651588535131,92.63218495717987
S_5732,SA Yadav,2024-02-20,58,3,,87.61836390770648
S_3419,SA Yadav,2024-01-11,77,2,145.09135732231198,94.10537587234663
S_5161,KK Cooper,2024-03-31,55,2,146.37973390087683,77.99794539430921
S_4483,KK Cooper,2024-01-01,44,2,,61.3981790650133
S_5305,JP Faulkner,2024-03-04,93,4,133.9086622303035,87.44949547573509
S_4185,JP Faulkner,2024-03-16,55,4,,94.03988824774079
S_9880,JP Faulkner,2024-01-03,93,4,,83.887910554067
S_8397,HV Patel,2024-01-26,91,4,,82.94284901461394
S_4727,DAJ Bracewell,2024-02-06,22,3,149.1838110496933,94.40726448651871
S_1148,DJ Harris,2024-03-06,73,2,127.33965163814139,74.74553085716776
S_6336,DJ Harris,2024-01-11,91,0,125.77479451907482,63.56575674488448
S_2982,DJ Harris,2024-03-25,83,3,138.17261191562804,82.11580557364098
S_9175,Ankit Sharma,2024-01-09,34,1,141.8235717385836,90.43657602062916
S_9740,SP Narine,2024-03-26,90,0,120.52494641962166,61.715162573994576
S_5468,GB Hogg,2024-04-06,92,0,128.22638667372442,60.931292812718944
S_2840,GB Hogg,2024-02-12,91,4,126.17645964534964,72.33683664301729
S_2081,RR Bhatkal,2024-02-15,85,0,138.59243563474698,62.70940431946627
S_1947,RR Bhatkal,2024-01-25,73,4,137.3626942908,81.63997573548019
S_4670,RR Bhatkal,2024-01-02,95,4,,93.26074548076633
S_7720,CJ McKay,2024-03-05,20,4,,80.29274953415343
S_8938,CJ McKay,2024-02-15,74,2,,81.74292856680586
S_9089,CJ McKay,2024-03-17,84,1,135.01858597001794,91.912478933362
S_3063,CJ McKay,2024-02-28,73,0,,89.1442811222297
S_2603,N Saini,2024-02-12,88,2,,60.08131921461756
S_9488,N Saini,2024-02-19,90,2,,69.06365617587413
S_3208,DA Miller,2024-02-17,98,1,125.06248315194688,93.89144360347393
S_9867,Azhar Mahmood,2024-02-01,47,4,,66.59058837209872
S_6231,Azhar Mahmood,2024-01-30,73,3,,63.66311541212684
S_3642,P Negi,2024-03-05,88,2,,82.52001323310658
S_6491,P Negi,2024-02-22,55,3,144.64413758328573,72.39225968242829
S_6009,RJ Peterson,2024-01-22,85,4,,61.91426111016937
S_2308,KMDN Kulasekara,2024-02-23,36,3,144.97173125105724,94.70685200364298
S_1100,KMDN Kulasekara,2024-01-02,67,2,126.78832002431422,64.61323904638378
S_2537,KMDN Kulasekara,2024-02-10,35,3,132.9042819629048,75.3217769245845
S_9697,A Ashish Reddy,2024-02-01,93,2,,90.6160277379798
S_4720,A Ashish Reddy,2024-02-18,52,3,,69.37990434095323
S_8281,A Ashish Reddy,2024-03-18,44,1,,73.13624710205548
S_6560,V Pratap Singh,2024-02-18,63,2,132.15591427725988,80.86152584171765
S_9511,V Pratap Singh,2024-02-14,77,3,149.98050901416602,67.40009402996189
S_4936,BB Samantray,2024-04-01,71,4,,86.950742995954
S_5652,BB Samantray,2024-01-09,51,0,,63.50542491273684
S_3251,BB Samantray,2024-01-29,22,1,,63.093893850136546
S_7041,BB Samantray,2024-01-02,81,2,132.48482839218474,65.82884797240445
S_3722,MJ Clarke,2024-02-24,28,1,,61.98189450821453
S_7719,MJ Clarke,2024-01-31,66,1,,70.7063184641532
S_9249,MJ Clarke,2024-02-13,93,2,,86.34966162819843
S_2790,MJ Clarke,2024-03-10,74,2,134.2360068786732,88.56198649900132
S_6317,Gurkeerat Singh,2024-02-12,79,1,144.4082644010207,85.0233488243122
S_8129,AP Majumdar,2024-01-18,71,3,127.09424736716083,67.40273622486188
S_5350,AP Majumdar,2024-01-30,27,1,,93.59110025116892
S_5376,AP Majumdar,2024-01-19,24,2,124.3162846616934,60.30166509071231
S_9159,PA Reddy,2024-01-26,46,2,120.22389421251658,74.7940316880099
S_5264,PA Reddy,2024-02-02,35,1,,72.31020389709784
S_7875,PA Reddy,2024-03-09,68,1,142.16791366048417,61.020946230176015
S_6738,PA Reddy,2024-01-23,37,1,,91.91047469195715
S_7694,K Upadhyay,2024-02-02,45,0,,70.18497863476321
S_1677,P Awana,2024-03-28,37,2,138.5624094737282,62.85879177032239
S_5541,P Awana,2024-01-29,77,1,138.9463313602848,79.00291555712647
S_1943,AD Russell,2024-03-11,69,0,133.40622585601318,87.22947400498279
S_1250,AD Russell,2024-01-09,98,3,,92.43048841264334
S_2209,AD Russell,2024-02-03,54,2,,94.46015637316395
S_9895,A Chandila,2024-01-19,86,1,125.24354963650097,82.6810611319325
S_7794,A Chandila,2024-04-03,87,4,120.1460522296651,74.44373869327022
S_9524,CA Lynn,2024-02-10,21,4,,94.58048867228976
S_4170,CA Lynn,2024-01-22,30,1,,68.3649188074043
S_2013,CA Lynn,2024-01-15,79,1,130.98339353786253,63.62728542682785
S_6791,CA Lynn,2024-03-04,21,1,144.76319687245888,65.13129051260012
S_5601,Sunny Gupta,2024-03-18,44,0,,82.15797942736835
S_2416,Sunny Gupta,2024-02-07,40,0,,89.54650635384286
S_5474,Sunny Gupta,2024-03-10,63,3,,83.53218936750027
S_3553,MC Juneja,2024-01-03,95,3,,78.9709474383233
S_3262,MC Juneja,2024-01-30,88,0,125.48679159206006,79.86051228081303
S_6057,MC Juneja,2024-03-28,50,0,,73.98803007300138
S_7363,KK Nair,2024-02-29,50,2,,60.49050811341199
S_9808,KK Nair,2024-01-27,21,4,120.3984361037574,78.97053544679041
S_8422,KK Nair,2024-03-01,57,3,135.09661244575904,86.78020974514425
S_9184,GH Vihari,2024-03-07,20,2,126.39105959529792,81.27224535124105
S_5920,GH Vihari,2024-02-04,95,4,127.9869450449643,61.096993410060335
S_3434,MDKJ Perera,2024-02-22,50,4,,86.37164619062682
S_7343,MDKJ Perera,2024-03-28,69,3,122.68419368431162,74.62944299274197
S_9169,R Shukla,2024-02-08,65,3,,85.19988809196062
S_8135,B Laughlin,2024-01-15,55,0,127.07047603727655,84.97810990892538
S_8447,B Laughlin,2024-03-22,68,1,137.80725763242893,64.44886718034584
S_9719,B Laughlin,2024-04-08,48,4,,77.71489484431255
S_2176,B Laughlin,2024-01-21,36,0,,72.55544568411345
S_6906,AS Rajpoot,2024-02-22,75,4,130.15833687337897,61.94015461294318
S_6649,M Vohra,2024-03-13,52,4,147.53317957483318,91.79215235850533
S_8799,M Vohra,2024-02-03,44,3,143.19503075240877,63.71930666773385
S_6519,M Vohra,2024-03-30,80,4,,67.3660885261787
S_2030,M Vohra,2024-01-16,35,3,,83.5326650276268
S_8151,JD Unadkat,2024-01-17,51,0,,69.65820898550156
S_2672,JD Unadkat,2024-04-01,72,4,,77.12477413680611
S_8734,JD Unadkat,2024-01-01,89,4,121.56837309806279,89.83899257064252
S_4253,Mohammed Shami,2024-03-11,65,1,,66.61449809899113
S_8964,Mohammed Shami,2024-04-05,36,3,,66.85930646456167
S_6822,BMAJ Mendis,2024-03-31,44,2,136.34474027020295,69.44098630558184
S_9328,R Rampaul,2024-04-08,83,3,135.84204242796235,67.07283276302823
S_3907,R Rampaul,2024-04-08,82,2,143.60169044200623,77.8404126350863
S_7546,CH Morris,2024-01-12,34,2,,86.4708533943103
S_2649,CH Morris,2024-01-26,21,3,,74.36745497940828
S_4237,CH Morris,2024-01-23,78,1,134.13965382315206,94.33841685797285
S_4345,SV Samson,2024-02-24,69,1,148.38560681973783,80.29200046168678
S_8095,SV Samson,2024-01-28,94,0,141.6999091198189,64.76196820510751
S_2109,SV Samson,2024-01-21,79,3,,68.71419147064778
S_2164,SV Samson,2024-03-09,23,3,,74.25927584741399
S_6538,SMSM Senanayake,2024-01-21,77,1,,81.90444182438316
S_5607,SMSM Senanayake,2024-03-21,62,1,120.3003123167741,90.8843215255326
S_4083,SMSM Senanayake,2024-03-06,21,4,,64.07161044966415
S_5749,BJ Rohrer,2024-02-13,49,0,,72.60348707737397
S_6463,BJ Rohrer,2024-01-06,46,1,,63.53295689447396
S_2313,BJ Rohrer,2024-02-09,66,2,124.23731094079672,92.22198478487715
S_5939,BJ Rohrer,2024-02-26,47,3,,91.2902519270882
S_8637,KL Rahul,2024-02-04,61,3,,71.04437160550889
S_4803,KL Rahul,2024-01-24,27,1,140.7754203828358,68.52349186148376
S_7404,KL Rahul,2024-04-06,68,1,,72.82929155827291
S_6560,Q de Kock,2024-02-06,26,3,131.37850175182635,61.65287067731642
S_5581,Q de Kock,2024-01-04,44,3,,77.54069560101216
S_7035,Q de Kock,2024-03-23,30,2,,83.30407896781519
S_3413,R Dhawan,2024-02-03,38,1,132.4546702817193,65.92210680870382
S_3220,R Dhawan,2024-01-25,97,3,146.7561939002523,70.05076677956951
S_6193,R Dhawan,2024-03-03,87,2,,92.11602436916651
S_6024,MG Johnson,2024-01-10,49,2,,76.17137699938445
S_6551,MG Johnson,2024-01-02,95,2,,91.48294677837085
S_1378,MG Johnson,2024-04-03,21,0,133.5826301312622,89.24390785902976
S_1711,LJ Wright,2024-02-29,25,3,144.11579658746467,77.8109839310986
S_7400,LJ Wright,2024-02-02,59,4,,78.7412732379934
S_8777,LJ Wright,2024-01-09,54,1,129.59162548019563,90.38343559534721
S_8490,LJ Wright,2024-03-02,74,1,,87.40232649901503
S_9998,IC Pandey,2024-02-04,68,4,,72.85691803470479
S_8246,IC Pandey,2024-01-17,52,3,129.49363729600373,71.976524201553
S_8280,IC Pandey,2024-04-02,96,4,,62.952981375347676
S_4845,IC Pandey,2024-01-13,84,3,,62.851586419952966
S_1968,CM Gautam,2024-03-07,30,3,127.124581270866,94.2621844641965
S_2469,CM Gautam,2024-02-05,58,4,,86.06627560704727
S_7528,X Thalaivan Sargunam,2024-02-25,23,4,,68.66120434316012
S_3892,X Thalaivan Sargunam,2024-02-21,50,2,144.7574599995654,90.38710765226426
S_2500,X Thalaivan Sargunam,2024-03-15,75,0,,94.97676979942264
S_9587,X Thalaivan Sargunam,2024-01-07,74,1,,75.662508673365
S_6494,DJG Sammy,2024-02-05,43,3,,76.44315125070386
S_9817,KW Richardson,2024-01-28,79,2,135.1054053389399,62.10379946274385
S_2736,MM Sharma,2024-01-23,91,2,141.54305213868068,80.35088817750184
S_2764,MM Sharma,2024-02-23,24,4,120.83523153787759,68.63297563956722
S_7982,UA Birla,2024-02-07,86,4,,89.16170809249088
S_9789,UA Birla,2024-01-08,71,2,124.2152190932578,75.50328537617764
S_6501,UA Birla,2024-01-27,27,3,140.5262722556546,90.88544169716536
S_7163,Parvez Rasool,2024-01-16,36,2,120.70775903342387,74.48065141531154
S_5712,Sandeep Sharma,2024-04-09,50,3,,66.63316651330818
S_5009,S Kaul,2024-02-17,31,0,143.92010416949887,69.42962612653501
S_9427,S Kaul,2024-02-12,54,1,,75.26246680767593
S_2341,S Kaul,2024-03-09,35,0,,80.67815867312706
S_7558,Sachin Baby,2024-01-10,75,0,143.23957859379053,79.67506638396547
S_1132,Sachin Baby,2024-01-23,28,1,,78.533676525786
S_3835,PV Tambe,2024-02-20,97,4,149.06444071733412,76.94745987716746
S_2963,PV Tambe,2024-02-03,90,1,,71.21045598738598
S_7967,NM Coulter-Nile,2024-01-07,80,2,,83.98205088194531
S_8280,NM Coulter-Nile,2024-02-13,49,0,134.60253145056947,84.58137427968974
S_4179,CJ Anderson,2024-03-31,78,2,141.78910501106455,67.68887466815391
S_8013,NJ Maddinson,2024-03-10,81,1,138.66027566426942,78.90277626727685
S_5647,NJ Maddinson,2024-01-19,86,1,,74.20342322700951
S_5357,NJ Maddinson,2024-01-16,91,1,,89.2855390150325
S_5784,AR Patel,2024-01-12,29,0,,75.52955064603837
S_9728,AR Patel,2024-01-07,90,0,145.2332192681661,61.258801467469446
S_9226,AR Patel,2024-03-03,87,3,128.3803557279368,72.21046458118516
S_3276,AR Patel,2024-02-08,99,0,143.97246437315863,77.79676623578091
S_8869,JJ Bumrah,2024-01-13,50,1,,78.79792094565363
S_1028,JJ Bumrah,2024-03-06,35,4,141.89311534721043,85.7412235009189
S_6062,JJ Bumrah,2024-01-08,96,4,147.0489368845908,92.41675452451193
S_1572,JJ Bumrah,2024-01-26,90,0,,83.42603957272256
S_1358,JDS Neesham,2024-03-06,38,3,,88.17383918585898
S_7941,TG Southee,2024-03-11,92,0,140.15928413781154,68.42385564040599
S_1091,MA Starc,2024-01-11,84,4,,70.31111665291596
S_3513,MA Starc,2024-03-18,50,2,120.04803562647086,69.91266793333835
S_5916,BR Dunk,2024-01-17,44,1,124.64524183942365,72.46678802114828
S_6780,BR Dunk,2024-03-17,45,3,,65.92978407326365
S_9340,RR Rossouw,2024-02-15,35,3,,92.39540532165951
S_8233,Shivam Sharma,2024-03-19,93,1,,71.88924164678555
S_9780,Shivam Sharma,2024-01-27,97,2,,89.90398296639881
S_5798,Shivam Sharma,2024-03-18,31,3,147.05728715246667,75.6224102800474
S_1056,YS Chahal,2024-03-27,83,2,134.2416338138464,69.04374267546295
S_7597,LMP Simmons,2024-04-09,95,2,,63.036202242548356
S_9940,LMP Simmons,2024-02-06,25,0,,85.4972876846604
S_4671,LMP Simmons,2024-01-25,98,1,,70.6995747533671
S_9444,LMP Simmons,2024-03-10,84,3,128.57524345990228,62.48887478747029
S_4241,VH Zol,2024-02-08,90,2,136.47979095558046,92.5427102920676
S_5409,VH Zol,2024-02-25,43,0,137.62109605726732,62.989086950180585
S_7843,VH Zol,2024-01-02,34,2,140.92343484492918,63.167370888355336
S_6322,VH Zol,2024-01-15,29,0,122.66319800868698,90.27482416727217
S_9791,BCJ Cutting,2024-01-02,62,1,,62.295267542632274
S_5864,BCJ Cutting,2024-03-23,21,4,146.80529914179954,86.4876228015839
S_1789,BCJ Cutting,2024-01-20,20,0,146.19932619773186,61.45754078189931
S_4003,BCJ Cutting,2024-04-04,74,4,135.69474002417948,90.60662861492749
S_1421,Imran Tahir,2024-03-05,94,2,,78.0952199123398
S_5944,Imran Tahir,2024-02-27,73,1,,79.02195500040551
S_4258,BE Hendricks,2024-01-14,95,1,136.8563086872454,85.93091223526949
S_5480,BE Hendricks,2024-02-25,21,0,142.3619321742462,73.26345684343777
S_1109,BE Hendricks,2024-02-18,20,0,,68.55891550445048
S_2915,BE Hendricks,2024-02-09,64,3,,75.35337202110514
S_1873,S Gopal,2024-02-12,58,0,,84.68747295679414
S_7382,S Gopal,2024-01-07,99,4,146.6052270849482,91.10992844376969
S_4196,M de Lange,2024-03-21,83,1,120.51864134290089,79.23896147798024
S_1238,M de Lange,2024-01-20,79,1,,74.58226130948127
S_2667,R Tewatia,2024-02-06,23,4,120.11490871500968,68.33436951388995
S_7849,R Tewatia,2024-02-17,52,1,,79.95655255299316
S_4064,R Tewatia,2024-01-10,84,1,122.22224721631343,94.74912460886914
S_1440,R Tewatia,2024-03-09,41,0,125.22632025214173,93.70120719623131
S_4262,JO Holder,2024-01-09,79,4,,65.59123110818805
S_5677,JO Holder,2024-02-06,50,1,147.17270371909345,94.12805093976885
S_6539,JO Holder,2024-03-19,27,1,,77.89686814286465
S_5541,Karanveer Singh,2024-03-20,95,2,,85.7878099048569
S_6660,Karanveer Singh,2024-03-22,29,1,,74.91428298403699
S_8232,Karanveer Singh,2024-01-15,23,3,146.24241220466925,92.8551755692252
S_7523,Karanveer Singh,2024-02-17,52,1,,71.65348150299964
S_9974,SS Iyer,2024-01-28,42,4,,78.43860081176447
S_3956,SS Iyer,2024-01-14,30,3,,76.25225874587495
S_3170,SS Iyer,2024-03-04,50,0,132.78954881972103,71.67964726514705
S_7458,SS Iyer,2024-02-19,88,0,144.2260876619398,77.80393827394276
S_4203,DJ Hooda,2024-04-09,73,1,141.29355150671918,76.87788306180643
S_1801,Anureet Singh,2024-02-12,93,1,125.91727998501051,67.4738117259383
S_1583,Anureet Singh,2024-02-17,69,4,,71.31179874500822
S_4185,KS Williamson,2024-01-19,57,2,128.6651824343254,80.49614587438275
S_5945,KS Williamson,2024-02-26,69,1,135.43357303204618,71.5847181661191
S_7902,SA Abbott,2024-03-08,80,4,,89.92774350893909
S_5240,SA Abbott,2024-01-19,70,0,,77.78590822203871
S_5047,SA Abbott,2024-01-30,44,2,122.15720151949337,91.8151956092496
S_7302,J Suchith,2024-01-26,61,0,,85.02978718839114
S_9001,J Suchith,2024-03-06,35,0,135.09217800814827,62.90201034880684
S_3463,J Suchith,2024-02-23,91,2,,66.7493863129786
S_3997,RG More,2024-02-09,47,4,126.17661932299798,71.25902290454583
S_5477,RG More,2024-01-10,66,2,123.18835534711607,89.46942348203793
S_8842,RG More,2024-03-06,94,4,134.31144675538064,89.2214799927537
S_2293,RG More,2024-02-03,68,1,,88.05388112516763
S_9444,HH Pandya,2024-01-19,91,3,142.88543707039437,86.7844683440935
S_5323,HH Pandya,2024-01-17,33,2,,91.61676022829468
S_8844,D Wiese,2024-04-05,30,3,,70.21535119627399
S_5810,D Wiese,2024-02-21,27,3,138.46043521885724,74.41812920142922
S_3987,D Wiese,2024-02-17,71,3,136.48285836865549,82.96626626779405
S_4587,D Wiese,2024-03-16,92,4,145.85625447047425,82.89271435345117
S_3873,SN Khan,2024-01-19,96,4,,86.8206424891615
S_4849,SN Khan,2024-03-26,96,1,136.13050565265303,60.16493489327844
S_8310,SN Khan,2024-04-05,52,0,124.41044864699336,84.88130156611896
S_9847,MJ McClenaghan,2024-03-06,62,3,,88.67893808382725
S_8631,MJ McClenaghan,2024-02-28,68,2,129.5713178961842,93.9138751728805
S_6646,MJ McClenaghan,2024-03-22,42,0,132.42981042060623,63.93351172627912
S_9749,DJ Muthuswami,2024-03-04,65,0,133.0814092235574,86.20352613378468
S_9853,DJ Muthuswami,2024-01-20,52,0,145.27603525055406,70.61228678158862
S_9252,PJ Cummins,2024-03-29,27,4,127.2213775699052,68.3982116303271
S_6221,PJ Cummins,2024-02-23,33,3,140.01110571376063,91.90519105420684
S_5144,PJ Cummins,2024-03-05,76,2,,72.90460234013865
S_5366,SN Thakur,2024-04-08,95,3,,60.54243846391666
S_5136,SN Thakur,2024-02-08,45,1,120.6317335066896,61.2748905155602
S_1012,SN Thakur,2024-01-28,46,2,126.84497741252717,85.90062300553745
S_6310,JC Buttler,2024-02-20,28,4,134.80024764157142,61.40241802218933
S_2645,JC Buttler,2024-03-08,52,3,,88.30775406174429
S_5243,CR Brathwaite,2024-03-15,31,1,124.61052407421741,90.20374162664164
S_9459,CR Brathwaite,2024-01-21,44,2,124.51832859205557,92.64268351898676
S_8522,CR Brathwaite,2024-04-05,68,0,,75.66494826777902
S_9808,CR Brathwaite,2024-04-08,38,0,,64.19113759751862
S_2409,MP Stoinis,2024-01-14,20,1,148.2993033562245,78.20806711860814
S_5559,Ishan Kishan,2024-01-14,43,2,,68.48026652201634
S_3402,Ishan Kishan,2024-03-27,91,3,,94.05365722332147
S_1372,Ishan Kishan,2024-04-02,84,3,139.1221383678355,79.48482397934988
S_2695,Ishan Kishan,2024-03-19,32,3,,61.153175388593546
S_1010,C Munro,2024-02-28,34,1,,63.18274074695644
S_8195,P Sahu,2024-03-05,36,3,,71.20385493520654
S_4036,P Sahu,2024-03-22,66,0,129.64625497193614,94.93819090400521
S_6494,P Sahu,2024-03-14,73,3,,77.0115469469629
S_1104,P Sahu,2024-01-10,29,4,,85.21166792080976
S_6873,KH Pandya,2024-02-12,98,4,147.24251061179564,88.15310449481953
S_9283,KH Pandya,2024-01-23,82,4,,78.69126396216298
S_5537,KH Pandya,2024-03-30,52,0,,66.03222249507371
S_3801,AD Nath,2024-03-30,91,1,125.92346451273396,94.44416093391831
S_8436,AD Nath,2024-02-27,22,2,,87.11355280136294
S_4873,MJ Guptill,2024-04-05,54,4,,70.71685721687284
S_6202,MJ Guptill,2024-04-06,47,4,128.11045771486752,88.79660850613162
S_9298,MJ Guptill,2024-01-15,25,3,,85.79722311754614
S_6329,MJ Guptill,2024-04-01,70,0,138.72576218688812,64.62123119114985
S_2879,KJ Abbott,2024-01-13,62,3,,88.27087526202502
S_8378,KJ Abbott,2024-01-24,45,4,143.11313408377012,67.36849709542146
S_6392,TM Head,2024-03-08,63,4,143.13674445871212,67.98351322658348
S_6086,TM Head,2024-03-07,21,0,,68.9168655215017
S_3586,M Ashwin,2024-03-29,37,0,,88.44565165066378
S_4574,M Ashwin,2024-03-08,60,4,147.97331935132053,93.15574147329367
S_6769,M Ashwin,2024-03-18,68,0,,77.17430210744445
S_6854,M Ashwin,2024-03-11,50,3,133.68950461652886,65.9768891001168
S_1295,NS Naik,2024-01-06,57,0,136.9724191965344,85.01458107337902
S_1986,NS Naik,2024-02-16,98,4,,70.5796845173757
S_4413,NS Naik,2024-04-01,43,4,123.30053163382631,93.15997993209277
S_4081,NS Naik,2024-03-13,78,3,,81.46096262600909
S_3829,RR Pant,2024-02-27,34,1,147.16746412719397,64.1915988251269
S_1625,RR Pant,2024-01-24,46,4,,83.39913432898949
S_4006,RR Pant,2024-03-19,45,0,145.60187200610824,92.00191549332692
S_5490,SW Billings,2024-03-14,78,0,,61.535838092906026
S_9431,SW Billings,2024-01-21,32,0,,66.66447236087186
S_5300,KC Cariappa,2024-03-26,75,4,,73.51827383546814
S_9831,KC Cariappa,2024-02-16,88,1,139.24739043730182,60.820153437858586
S_1713,PSP Handscomb,2024-03-21,49,4,,86.54346700564713
S_1037,PSP Handscomb,2024-01-25,45,4,,81.78922886745897
S_2832,PSP Handscomb,2024-01-30,76,0,148.49487616459098,79.41890287761572
S_7411,PSP Handscomb,2024-03-09,25,0,,82.49717925209528
S_7889,Swapnil Singh,2024-01-03,68,2,,72.74423698945269
S_6121,Swapnil Singh,2024-03-13,75,0,,69.61467614825003
S_5939,J Yadav,2024-02-29,39,1,128.92712149322446,87.62517291369866
S_1045,UT Khawaja,2024-02-11,34,0,,72.6904124408137
S_9983,UT Khawaja,2024-03-04,99,1,,93.21206763660503
S_6323,HM Amla,2024-01-17,80,2,,67.50976870324975
S_4614,HM Amla,2024-03-31,31,0,,61.96863430103104
S_8939,F Behardien,2024-03-31,71,0,148.3212383484278,73.86970418720952
S_1382,BB Sran,2024-01-17,94,2,,76.47747489544476
S_2578,BB Sran,2024-01-27,56,0,,65.67597544980158
S_4960,A Zampa,2024-04-09,38,1,,85.08515050186747
S_4641,N Rana,2024-03-03,47,0,131.70258116340642,66.80917893949689
S_7823,N Rana,2024-02-07,80,0,125.67232961335047,91.53177055934466
S_2025,N Rana,2024-03-12,62,1,,69.20590425099743
S_7338,S Kaushik,2024-01-30,32,2,140.5163022348992,77.56440848944735
S_9021,S Kaushik,2024-03-22,80,1,129.76254842047823,63.31586201727705
S_8690,S Kaushik,2024-02-02,26,4,,80.62500047519978
S_3666,S Kaushik,2024-03-20,38,0,140.58072671807673,68.74656025729115
S_6899,ER Dwivedi,2024-01-23,73,4,135.39510048991693,77.34917695800499
S_5311,ER Dwivedi,2024-02-24,76,0,,75.18223960425038
S_4019,CJ Jordan,2024-01-01,40,2,,79.01920482693924
S_4138,TS Mills,2024-02-13,51,1,133.31567973421707,66.58055010187012
S_2074,TS Mills,2024-02-22,23,0,121.65328919822001,91.07555261479656
S_2046,TS Mills,2024-01-18,20,2,,75.10810749503241
S_5608,TS Mills,2024-01-03,86,4,120.16331127575071,61.23111210360588
S_5483,A Choudhary,2024-01-14,52,2,142.81819744170184,65.88738823517396
S_8338,BA Stokes,2024-04-04,45,0,,83.694186330886
S_3588,JJ Roy,2024-02-29,86,0,129.61460692966642,94.8703881485829
S_3837,JJ Roy,2024-03-18,76,2,,73.07056069009025
S_5428,JJ Roy,2024-01-12,74,2,130.02429067151587,88.62664618913539
S_6790,Vishnu Vinod,2024-03-20,50,0,140.96501011338097,89.88530977338212
S_9663,Vishnu Vinod,2024-03-14,60,4,,72.00382818950274
S_4483,Basil Thampi,2024-03-23,32,0,144.3944996509144,93.52405761163467
S_9123,Basil Thampi,2024-03-11,43,4,,79.9318835847807
S_2631,CR Woakes,2024-02-25,72,0,126.38550258115072,83.40636390574348
S_5019,CR Woakes,2024-01-04,53,4,,64.5424038002914
S_5729,RA Tripathi,2024-01-26,20,3,,90.93066860909855
S_2184,RA Tripathi,2024-02-02,91,3,,77.28472184978351
S_2406,DL Chahar,2024-03-30,81,3,142.45082500285858,87.43750059584801
S_5091,DL Chahar,2024-03-30,28,1,141.8584547037833,72.41960032007304
S_9578,DL Chahar,2024-04-07,43,0,127.78347513204228,62.96270637546201
S_6778,DL Chahar,2024-03-29,66,2,,77.23251580853214
S_5262,V Shankar,2024-03-24,91,1,128.77245251652744,90.62140321092741
S_2773,Rashid Khan,2024-01-20,89,0,127.57758020054173,89.0375331873525
S_6969,Rashid Khan,2024-01-26,75,3,135.92085569290563,68.93313520204993
S_1632,Rashid Khan,2024-04-06,46,4,,80.07697502800177
S_6591,RD Chahar,2024-04-08,56,0,,73.7405712626389
S_4082,RD Chahar,2024-03-28,91,0,121.13092171268012,72.85093689932579
S_1544,RD Chahar,2024-01-10,99,3,141.4316268611188,92.08250859428706
S_1096,RD Chahar,2024-01-19,40,0,141.1697800162184,77.12304650716145
S_9399,LH Ferguson,2024-01-18,52,0,,93.03985673487139
S_9634,C de Grandhomme,2024-03-20,37,0,,94.65778871152759
S_2159,AF Milne,2024-01-03,44,1,,83.3806808379396
S_1689,S Badree,2024-04-04,52,1,145.42920988527766,87.00494041195392
S_8205,S Badree,2024-02-10,26,2,,91.08732176249521
S_3597,Mohammad Nabi,2024-01-22,35,3,121.51790561029745,92.41979866469426
S_7839,Mohammad Nabi,2024-01-05,31,0,130.41862998458024,83.83675391056559
S_6559,Mohammad Nabi,2024-01-09,69,4,134.65814777633955,81.11277474802873
S_3273,Mohammad Nabi,2024-02-15,86,4,121.3154055748989,71.43176670118031
S_6052,AJ Tye,2024-01-23,46,1,,71.64415628924345
S_1694,K Rabada,2024-03-01,68,0,143.37016181772114,60.7018448424403
S_5218,K Rabada,2024-03-26,62,4,144.2381409004285,66.64484310948392
S_7092,Kuldeep Yadav,2024-04-04,60,2,141.78568451586315,89.46388775278419
S_5637,Washington Sundar,2024-03-13,25,0,,85.42738612180979
S_7476,DM Bravo,2024-03-17,51,4,,94.10067370886671
S_1209,DM Bravo,2024-02-05,45,1,148.94071436485382,62.5747173975518
S_6607,AR Bawne,2024-01-03,86,3,134.47270804784188,63.278010841261604
S_1358,AR Bawne,2024-03-22,94,2,,70.71837358299402
S_2472,AR Bawne,2024-01-29,93,3,127.69985069687743,80.75446617144229
S_7112,SP Jackson,2024-02-10,99,3,,84.89430386486586
S_9708,SP Jackson,2024-03-18,33,3,130.20648715366005,60.22838936501105
S_2501,SP Jackson,2024-03-23,28,4,,75.3010217346062
S_9009,Ankit Soni,2024-04-04,56,2,124.26422560793753,82.39213205496479
S_5018,Ankit Soni,2024-02-19,38,0,,86.18835821633151
S_2573,TA Boult,2024-02-17,74,2,133.8806349506348,88.22735811368358
S_6955,E Lewis,2024-03-15,91,0,122.62723688958715,82.18474365573634
S_4540,E Lewis,2024-03-30,78,2,122.36095730122528,81.13143003431645
S_2079,MA Wood,2024-03-30,70,1,125.13820231998719,85.95732365161673
S_1419,RK Singh,2024-03-16,28,3,,74.88747736944943
S_2340,RK Singh,2024-02-15,80,1,125.89323945668357,81.48460807527034
S_2292,DJM Short,2024-02-12,79,4,138.74102008219825,69.88893022818553
S_9494,DJM Short,2024-03-27,81,4,128.95643777946492,92.3310095943327
S_6794,DJM Short,2024-03-14,90,2,,92.64243718938945
S_9007,DJM Short,2024-04-09,44,3,,93.06625280735742
S_6782,K Gowtham,2024-03-23,65,4,,80.34987132041805
S_7034,K Gowtham,2024-02-29,52,3,148.01854015748154,67.11945507694102
S_9261,TK Curran,2024-03-10,74,0,,69.22157059928469
S_6263,TK Curran,2024-01-24,88,0,129.55056066408034,73.34304834712069
S_6790,TK Curran,2024-04-01,49,1,,60.73183293173322
S_5080,TK Curran,2024-02-29,37,0,,72.68784059627433
S_4424,M Markande,2024-02-08,80,2,130.63271975962158,73.34014087121574
S_1565,M Markande,2024-04-08,95,2,,75.29010127949942
S_9216,M Markande,2024-02-17,51,3,,67.21709505656226
S_8156,B Stanlake,2024-03-03,66,0,,91.70475672345785
S_6520,B Stanlake,2024-03-18,81,2,,62.35342219182128
S_5023,Mujeeb Ur Rahman,2024-03-17,70,1,,60.477394604255835
S_4037,Mujeeb Ur Rahman,2024-02-11,26,3,,77.34788723091364
S_1233,A Dananjaya,2024-02-24,96,0,132.28167393550257,70.14582378368509
S_1745,A Dananjaya,2024-02-25,63,0,,94.0600648999418
S_8025,Shubman Gill,2024-01-18,87,0,,89.37227835638106
S_3538,Shubman Gill,2024-01-07,60,2,146.13794055810473,60.54065997065773
S_8171,Shivam Mavi,2024-01-06,57,1,,79.23678053871123
S_2115,Shivam Mavi,2024-04-08,50,4,126.30142011876208,73.79292769785111
S_8022,Shivam Mavi,2024-03-02,46,2,,77.17147515643697
S_6403,Shivam Mavi,2024-01-09,95,4,137.31061205071674,67.74016635387427
S_4030,Mohammed Siraj,2024-03-17,63,0,123.91055039144375,87.86239838889281
S_7747,Mohammed Siraj,2024-02-16,99,2,141.97324377391348,75.12746156547583
S_1646,Mohammed Siraj,2024-01-01,68,0,123.6379468007741,63.98166855815923
S_7539,H Klaasen,2024-04-04,51,3,,70.99384366812798
S_2690,H Klaasen,2024-02-09,33,3,137.90168970318652,71.80207123091334
S_1901,H Klaasen,2024-02-02,74,2,137.5578262652954,72.57686466805255
S_9655,H Klaasen,2024-01-24,42,1,126.28603871850378,65.07869506887576
S_7828,RK Bhui,2024-01-30,63,1,128.36615778782894,93.25739220529005
S_5761,RK Bhui,2024-03-19,57,2,147.41295009911397,90.79753472734308
S_3886,RK Bhui,2024-04-03,62,1,137.59378537124394,69.14357963587538
S_5931,RK Bhui,2024-04-02,63,4,,84.09157668164369
S_7553,JC Archer,2024-03-23,45,4,139.11142660510882,65.65731928246072
S_2145,PP Shaw,2024-02-12,26,4,,74.37831503533883
S_1296,PP Shaw,2024-03-17,98,4,,84.09025494495393
S_1007,PP Shaw,2024-02-01,83,1,,89.36398838359239
S_2287,LE Plunkett,2024-01-29,60,4,,71.01944043930574
S_7337,Mustafizur Rahman,2024-04-07,22,2,,91.79531417552927
S_5760,AD Hales,2024-01-30,30,4,123.05857648740832,74.16257599540347
S_5019,AD Hales,2024-02-17,39,4,,83.59025747619489
S_5867,AD Hales,2024-01-13,54,3,143.1672082767983,76.56246154095396
S_7686,AD Hales,2024-01-10,40,1,,89.46330481600866
S_7172,MK Lomror,2024-02-21,65,1,126.82897607458177,78.35527210502123
S_7981,MK Lomror,2024-01-11,82,4,,69.49834882778546
S_3970,MK Lomror,2024-01-12,26,0,,92.97552709604977
S_1025,MK Lomror,2024-01-15,52,4,120.93524727335763,90.45688416722848
S_2525,DR Shorey,2024-03-23,44,0,140.7950808076154,88.04800374122729
S_6957,DR Shorey,2024-01-08,87,4,,79.3140056736959
S_4395,DR Shorey,2024-02-21,23,2,124.59404401813211,60.34463887542039
S_7192,MM Ali,2024-01-16,36,3,133.06767474038128,74.51963976055582
S_1793,MM Ali,2024-03-06,82,0,,81.33349784139223
S_5942,MM Ali,2024-01-10,34,1,,70.98237501570051
S_5027,M Prasidh Krishna,2024-01-09,55,0,139.82182179327455,93.27122300529555
S_4397,P Chopra,2024-03-14,99,3,,73.04117862519779
S_8933,P Chopra,2024-04-02,25,1,147.15965485128268,62.90635652335653
S_2660,P Chopra,2024-02-29,82,0,,88.2570967420129
S_2421,JPR Scantlebury-Searles,2024-03-29,91,2,138.13142157248424,66.94900006038706
S_6113,JPR Scantlebury-Searles,2024-04-09,85,1,134.98855235996285,70.68250855451006
S_7185,JPR Scantlebury-Searles,2024-03-21,41,3,,85.58860440512467
S_9594,JPR Scantlebury-Searles,2024-01-16,73,0,149.6802191351887,83.77054210102449
S_5419,Abhishek Sharma,2024-01-25,82,4,,89.36107646940211
S_6731,Abhishek Sharma,2024-02-20,28,3,149.12714134349608,73.07619808369206
S_9533,Abhishek Sharma,2024-01-05,78,3,140.72854098803867,74.14519511219697
S_6097,IS Sodhi,2024-03-01,70,1,,93.2829473153042
S_6497,IS Sodhi,2024-03-10,82,2,129.6280631495832,68.82884918493096
S_7065,IS Sodhi,2024-01-04,67,2,,84.9202786419357
S_5677,IS Sodhi,2024-02-12,35,2,123.79967618541582,74.72205829075868
S_6712,SO Hetmyer,2024-02-16,73,2,,94.53438786281484
S_5675,S Dube,2024-01-28,37,1,,70.44577314017162
S_8096,Navdeep Saini,2024-01-06,20,0,121.20975719162853,63.31689648621079
S_8862,Navdeep Saini,2024-03-04,29,3,,68.43486902985713
S_3939,Navdeep Saini,2024-01-10,50,3,,84.3318760896124
S_2233,Navdeep Saini,2024-03-02,99,4,,80.20199112478966
S_5997,JM Bairstow,2024-02-04,52,1,,74.21871835919167
S_2369,JM Bairstow,2024-03-21,83,0,,70.6894724489963
S_8991,JM Bairstow,2024-03-20,56,4,131.38384141780395,77.72924999679915
S_3770,KMA Paul,2024-01-12,40,1,144.12914138866552,65.70901362908376
S_5460,KMA Paul,2024-02-04,34,0,,80.35779664355523
S_9250,KMA Paul,2024-03-19,25,3,,75.81541656282972
S_1120,KMA Paul,2024-04-02,51,4,143.78110217342254,82.01911525219934
S_2250,Rasikh Salam,2024-03-21,75,1,,71.65325864368306
S_6828,Rasikh Salam,2024-01-03,56,4,147.39617885442516,87.92308302730127
S_4483,N Pooran,2024-04-03,37,1,132.38518193276718,90.09490716172925
S_2151,N Pooran,2024-02-25,50,2,120.65959566117971,88.5907295062824
S_5681,N Pooran,2024-02-08,95,3,,88.54829392851218
S_4955,N Pooran,2024-02-23,97,2,,80.61276078968918
S_8011,P Ray Barman,2024-02-17,93,2,,64.93883769164273
S_8073,SM Curran,2024-02-14,28,2,,80.57283917732303
S_4708,GC Viljoen,2024-03-16,80,1,146.92585867130595,75.65061765857322
S_2555,GC Viljoen,2024-02-19,55,3,,78.230591282221
S_2787,GC Viljoen,2024-01-12,59,1,,60.70981102131033
S_9328,Avesh Khan,2024-03-02,66,4,,67.03977899066321
S_8973,Avesh Khan,2024-01-19,99,2,134.30261626524984,69.47361120878513
S_4897,S Lamichhane,2024-01-18,86,1,131.4424603135007,62.753172040999054
S_2515,HF Gurney,2024-03-03,71,0,126.18221339811525,75.4430384182101
S_6492,HF Gurney,2024-03-23,72,3,147.10853609396133,63.884818487263374
S_8565,SD Lad,2024-02-11,69,4,,92.93380257449778
S_9650,SD Lad,2024-01-17,76,1,136.63467342963511,66.29292347232764
S_5825,AS Joseph,2024-02-02,50,3,122.94173545687373,75.27054983415562
S_8283,AS Joseph,2024-03-13,93,0,,71.1039325757395
S_3282,AS Joseph,2024-02-10,72,4,,65.54876554749733
S_6592,R Parag,2024-01-16,71,4,142.90831438842477,75.65663493331657
S_5443,R Parag,2024-03-21,33,2,,75.29618039074198
S_3845,R Parag,2024-02-26,98,1,131.64399243006747,65.9766099207635
S_3274,R Parag,2024-02-08,91,2,125.120323059067,83.20171883205981
S_5829,MJ Santner,2024-01-31,41,3,128.7445241052761,76.46300485847033
S_3285,MJ Santner,2024-01-07,25,2,125.26800419125553,62.258755934563666
S_8843,MJ Santner,2024-02-09,43,4,,92.60372672043417
S_4628,MJ Santner,2024-03-30,33,4,,60.13018812863207
S_9721,JL Denly,2024-03-27,57,2,,94.32268768474174
S_1726,LS Livingstone,2024-03-31,79,1,,87.13933301073732
S_3815,LS Livingstone,2024-03-20,60,2,,76.56104280708348
S_1607,LS Livingstone,2024-01-26,89,2,128.05019373823973,84.42901268232647
S_4231,KK Ahmed,2024-03-20,20,4,,80.56961299195167
S_7103,AJ Turner,2024-01-28,97,4,,60.7747057860324
S_6594,AJ Turner,2024-03-24,98,2,,82.8908077180566
S_8211,AJ Turner,2024-04-06,65,0,140.20550360451776,64.02538278898342
S_2406,AJ Turner,2024-02-24,32,0,142.1683753973618,66.9238550094463
S_4680,Harpreet Brar,2024-01-16,27,4,147.04457553302248,69.46341323587298
S_4853,Harpreet Brar,2024-02-28,72,2,148.9216239039447,63.34510566819104
S_3347,Harpreet Brar,2024-01-18,35,3,,91.77355502220915
S_8098,Harpreet Brar,2024-04-02,41,0,124.66943978284772,73.7179416425953
S_1076,SE Rutherford,2024-01-09,43,3,142.9728996314262,63.20190352753765
S_9680,Y Prithvi Raj,2024-03-18,95,3,124.05114410041642,76.40280729487348
S_9448,P Simran Singh,2024-02-03,87,4,,60.77953592735283
S_5075,JL Pattinson,2024-02-20,98,1,140.7256051301944,87.54390269528598
S_1784,JL Pattinson,2024-02-29,41,4,146.52225888930553,75.82309786186404
S_2193,JL Pattinson,2024-02-08,88,3,,93.45715799867155
S_4598,A Nortje,2024-03-09,96,2,,87.78451525037514
S_2478,A Nortje,2024-01-26,27,0,131.75026789606648,81.76700474493573
S_9166,T Banton,2024-01-15,54,0,,80.193855866393
S_5526,D Padikkal,2024-04-01,80,3,142.02325743692708,83.15926555920261
S_7852,D Padikkal,2024-01-30,26,3,144.0913657402764,73.07776037305445
S_6340,YBK Jaiswal,2024-02-13,34,4,,82.68732121069945
S_8444,YBK Jaiswal,2024-01-15,33,1,122.01281197889637,80.7797024033002
S_9218,YBK Jaiswal,2024-03-27,72,3,139.68438275542326,90.8649180287239
S_8018,YBK Jaiswal,2024-02-12,26,4,146.99728630064016,75.68563056791507
S_7875,RD Gaikwad,2024-03-20,60,3,,69.8248409862608
S_7900,TU Deshpande,2024-03-22,88,0,,69.44907728994117
S_8496,TU Deshpande,2024-04-09,68,0,,90.5751357015907
S_2860,Abdul Samad,2024-01-15,66,2,120.28616862076635,74.1011510867517
S_4116,PK Garg,2024-02-28,64,2,121.98870562339651,72.8382059799002
S_8232,PK Garg,2024-01-03,45,4,145.83696681781157,65.41396968647014
S_6611,PK Garg,2024-03-29,83,2,,82.40878202332966
S_7742,JR Philippe,2024-02-22,72,0,147.08629941188988,73.80696209716268
S_7170,JR Philippe,2024-01-29,34,4,,89.55825359597792
S_9411,JR Philippe,2024-02-26,22,2,145.02334749798976,87.99169599783339
S_7041,JR Philippe,2024-03-12,38,1,,61.217971995392254
S_6356,Kartik Tyagi,2024-02-04,86,2,,81.22792788631267
S_1110,Kartik Tyagi,2024-03-30,43,4,,79.13189760801362
S_3504,Kartik Tyagi,2024-02-26,56,0,126.41210063945732,66.89337705730524
S_2906,Kartik Tyagi,2024-02-27,63,1,,75.71191029074765
S_6775,KL Nagarkoti,2024-01-10,85,2,120.24594963392886,91.45853811822214
S_5359,KL Nagarkoti,2024-03-18,29,2,125.32445504973035,68.82780969807166
S_3093,KL Nagarkoti,2024-03-23,47,1,,77.41773440768264
S_1321,KL Nagarkoti,2024-03-07,26,1,124.45205089458646,73.95944941814398
S_8436,CV Varun,2024-03-17,62,2,131.83980263849838,84.03010022261745
S_3514,CV Varun,2024-01-04,41,4,135.7127548965855,60.856809303462
S_1352,CV Varun,2024-01-12,21,2,,60.20734229089008
S_3502,I Udana,2024-03-12,95,2,,72.24475826317992
S_1107,I Udana,2024-02-06,96,2,140.22175358261086,67.51232870165501
S_4809,Ravi Bishnoi,2024-02-29,67,4,145.39683509883855,62.235323066935834
S_1508,Shahbaz Ahmed,2024-04-01,56,0,140.48181893385936,84.52655336039005
S_5971,Shahbaz Ahmed,2024-04-06,49,3,138.70171161081143,83.30004023399992
S_4065,Shahbaz Ahmed,2024-02-29,30,4,,88.2240986736301
S_4527,Shahbaz Ahmed,2024-03-04,39,0,131.73276732444663,62.79938689788642
S_9916,AT Carey,2024-04-01,54,1,120.9232553477748,81.61119617696275
S_3808,AT Carey,2024-02-16,21,3,,68.80005532656122
S_9823,AT Carey,2024-03-03,44,4,127.59622444927072,68.71251457001078
S_7805,AT Carey,2024-01-21,20,4,,73.94957284504447
S_4118,N Jagadeesan,2024-03-25,78,3,141.14386799775886,71.87075863837617
S_9776,T Natarajan,2024-02-15,33,3,,88.41935217399985
S_1537,P Dubey,2024-02-22,48,2,,60.563787649226796
S_5062,P Dubey,2024-02-22,77,4,135.27667614981235,81.96446083547262
S_7163,P Dubey,2024-03-06,20,1,,86.72653546365798
S_8399,P Dubey,2024-01-06,69,3,,86.87513230940493
S_6153,SS Cottrell,2024-03-20,64,2,,81.71010284060047
S_6664,SS Cottrell,2024-02-13,39,4,129.42132009052932,76.08598423733783
S_2446,SS Cottrell,2024-04-02,43,1,,73.48973849054575
S_7341,SS Cottrell,2024-03-28,72,2,,85.214562418232
S_6055,Arshdeep Singh,2024-03-17,49,4,,80.07248547273255
S_1124,Arshdeep Singh,2024-01-25,85,3,147.99339663505958,83.00191815740217
S_5756,DR Sams,2024-01-10,56,0,,61.01488605175818
S_7189,M Jansen,2024-01-08,56,2,123.14287609354321,75.89797383324043
S_7905,RM Patidar,2024-01-26,65,3,,84.33303795117075
S_1839,RM Patidar,2024-01-03,47,4,139.12177493805405,85.07240690059305
S_2137,RM Patidar,2024-01-05,94,1,,63.32094805516511
S_7446,KA Jamieson,2024-04-04,32,0,148.15084800888053,91.99547615787255
S_3063,KA Jamieson,2024-02-13,77,3,,73.97641512370286
S_9609,M Shahrukh Khan,2024-03-31,75,3,,64.90156842469801
S_9040,M Shahrukh Khan,2024-03-12,97,0,,93.01750545484586
S_9120,M Shahrukh Khan,2024-01-02,32,2,,72.72453543719043
S_9269,M Shahrukh Khan,2024-01-30,48,3,149.59242055448667,85.63016985989937
S_5861,JA Richardson,2024-04-04,80,3,,79.97985589405094
S_8919,JA Richardson,2024-03-29,78,4,135.06824593786163,85.25212105960854
S_1761,JA Richardson,2024-03-27,33,0,,94.30181800417697
S_2931,JA Richardson,2024-01-13,25,1,122.64018082534356,91.27371042244529
S_8904,Lalit Yadav,2024-02-03,98,3,,90.2251951098701
S_4093,Lalit Yadav,2024-03-27,59,4,143.445693885992,92.57826853206666
S_7227,Lalit Yadav,2024-04-06,99,4,,86.66605476117634
S_3340,Lalit Yadav,2024-03-08,61,4,,71.9309055422325
S_9955,Virat Singh,2024-01-15,92,2,,79.4884250099259
S_3160,Virat Singh,2024-03-25,28,2,140.35257755141137,81.26981891411745
S_9093,FA Allen,2024-04-02,39,0,129.8623796504882,85.21517957790223
S_6531,FA Allen,2024-02-14,92,0,133.6684912190052,81.41664296685634
S_3939,C Sakariya,2024-04-04,97,2,144.53954313231617,80.56930643359593
S_4996,C Sakariya,2024-02-20,83,4,138.74826825322185,63.38060388730863
S_7764,C Sakariya,2024-01-17,59,4,121.41973590409265,61.442973489967116
S_5555,C Sakariya,2024-03-01,98,1,135.96398218747058,74.08083368270131
S_6733,DJ Malan,2024-03-18,36,0,147.43372952642824,63.153977152695056
S_5960,KS Bharat,2024-04-03,42,1,,90.50409882478442
S_8235,KS Bharat,2024-03-24,61,2,,79.75053726344406
S_8229,PWH de Silva,2024-01-07,90,1,,68.54817951274275
S_6651,PWH de Silva,2024-02-19,99,0,139.02275835239516,94.46255292806782
S_3311,VR Iyer,2024-01-21,41,1,,75.96445231313217
S_8989,VR Iyer,2024-01-26,45,1,129.23172568093113,63.90578736683335
S_9653,GD Phillips,2024-02-09,34,0,,92.95716135198211
S_6526,GD Phillips,2024-03-02,65,2,145.57998459305162,87.12092012885321
S_3639,GHS Garton,2024-01-16,89,1,,92.56283302655353
S_4066,GHS Garton,2024-01-09,82,1,,78.00844278037842
S_6546,GHS Garton,2024-03-26,83,1,142.89855570609478,85.29141036920574
S_3655,GHS Garton,2024-02-14,84,1,138.75080363430988,89.89057167840753
S_8519,AK Markram,2024-01-21,43,3,,77.07568120993209
S_3711,AK Markram,2024-03-25,79,0,,92.77979640803022
S_5215,AK Markram,2024-03-10,47,2,,66.59288812234745
S_2999,AK Markram,2024-01-02,43,0,132.98404683678953,77.25768484256508
S_1246,K Yadav,2024-02-19,31,2,,81.83611301070397
S_3903,K Yadav,2024-03-02,63,2,136.51839893955432,68.77035518079674
S_5348,K Yadav,2024-04-03,58,4,146.79004087189492,85.1712308418193
S_6487,K Yadav,2024-02-28,74,3,,78.72921776856917
S_9621,T Shamsi,2024-02-21,29,3,139.82921461949027,71.30153740022654
S_2308,T Shamsi,2024-01-27,37,3,137.8784385237784,61.09765490816059
S_1532,T Shamsi,2024-01-24,22,0,,89.19473334436344
S_8142,T Shamsi,2024-02-11,53,1,139.225624092468,70.86393333535457
S_8849,NT Ellis,2024-02-16,24,0,132.0538101100009,91.81433121702025
S_5370,RV Patel,2024-03-18,59,0,144.61383870474944,89.88819620550902
S_7208,RV Patel,2024-02-22,26,4,,86.97248844551667
S_3276,TL Seifert,2024-01-20,22,4,,87.9280116238655
S_7028,Anmolpreet Singh,2024-02-17,22,0,,65.85554829976026
S_1665,Anmolpreet Singh,2024-03-21,75,1,,94.71226074171426
S_5008,Anmolpreet Singh,2024-03-17,20,0,134.093976620356,79.41089099410964
S_1521,Anmolpreet Singh,2024-01-28,25,2,136.1331747382693,65.35649090073375
S_5064,Anuj Rawat,2024-03-14,34,3,134.29014880483098,92.64961774761048
S_3548,Anuj Rawat,2024-03-07,38,2,147.26753232364362,92.96970064093551
S_1354,TH David,2024-02-20,51,2,,78.79038762897108
S_3215,DP Conway,2024-02-23,63,1,135.96353917376348,69.32321745005083
S_4765,DP Conway,2024-01-19,62,3,133.4510080629473,68.96309491834484
S_9600,DP Conway,2024-01-03,22,3,133.6228978013261,85.70704641128413
S_6543,Tilak Varma,2024-01-06,39,2,,64.42680898419583
S_1881,Tilak Varma,2024-01-13,54,3,,92.02101525425263
S_6229,Tilak Varma,2024-02-06,40,0,132.05519057069762,85.0941345743742
S_8803,R Powell,2024-01-29,66,2,130.70811893844404,94.63319858253035
S_3419,R Powell,2024-03-27,34,2,138.99850446998985,88.37522355308111
S_6247,R Powell,2024-03-23,30,4,129.54489811267962,67.6866665917768
S_5486,PBB Rajapaksa,2024-01-16,74,4,149.29505920938038,82.56353001252995
S_3320,PBB Rajapaksa,2024-02-05,89,4,144.759638545255,88.55371831420383
S_4081,PBB Rajapaksa,2024-02-05,48,3,132.12329543228873,67.75253677988485
S_7540,PBB Rajapaksa,2024-02-15,52,4,,83.39710173441914
S_1325,RA Bawa,2024-03-07,67,3,,69.27931415060088
S_9340,OF Smith,2024-01-27,91,4,,86.79616863902274
S_3369,OF Smith,2024-01-12,41,0,,69.40452575139939
S_4364,OF Smith,2024-02-07,30,0,,79.4342162912779
S_6950,A Badoni,2024-03-21,27,2,,68.74566735579172
S_4925,PVD Chameera,2024-01-16,85,4,,66.38173142523769
S_9784,PVD Chameera,2024-03-20,89,2,,71.81987711534785
S_5071,PVD Chameera,2024-03-19,66,0,,85.07666919247583
S_5996,A Manohar,2024-04-02,79,4,140.8582239883325,72.03487514399028
S_9792,R Shepherd,2024-01-09,22,1,,81.14719179521565
S_2152,R Shepherd,2024-02-26,72,2,,72.17082424457604
S_9062,R Shepherd,2024-02-24,20,1,,87.58416289808267
S_9890,R Shepherd,2024-01-22,27,1,135.60248049649752,89.05875674734847
S_6783,DJ Willey,2024-01-24,79,2,144.27098098521995,68.58566509706785
S_7249,DJ Willey,2024-04-05,67,1,,90.5771837922145
S_9075,D Pretorius,2024-02-12,70,2,128.93939383986807,60.41549713342758
S_2178,D Pretorius,2024-01-09,58,0,121.41117160244244,90.76885783625377
S_6455,D Pretorius,2024-03-07,29,1,148.4733737066474,94.95160617075346
S_9888,D Pretorius,2024-03-31,46,0,,78.42818067066327
S_4842,JM Sharma,2024-03-31,22,3,,70.92448969073371
S_3517,JM Sharma,2024-04-03,40,3,,77.79420918256194
S_1309,JM Sharma,2024-02-26,39,0,,70.68640646616433
S_7412,VG Arora,2024-01-03,21,4,,67.45700727565522
S_7412,VG Arora,2024-01-30,44,4,138.70883498583947,79.55474481086338
S_2953,VG Arora,2024-01-05,79,2,128.71928907919593,70.41224344974339
S_3389,VG Arora,2024-02-06,67,3,,85.03328987189215
S_8173,Mukesh Choudhary,2024-02-03,82,3,,81.04608885176529
S_7324,Mukesh Choudhary,2024-01-14,71,0,,81.91856879670615
S_8433,Umran Malik,2024-01-25,50,4,,94.65615277707514
S_1497,Umran Malik,2024-03-30,40,3,134.6104812154872,88.46137515495614
S_9221,D Brevis,2024-02-14,23,4,130.80426342416814,76.27623636557354
S_6935,B Sai Sudharsan,2024-03-02,79,2,149.36568045534705,90.80881206485905
S_2361,B Sai Sudharsan,2024-02-14,66,2,,81.49643033945887
S_2186,B Sai Sudharsan,2024-02-23,90,3,,72.71635664491535
S_3558,B Sai Sudharsan,2024-01-20,88,4,,82.64745581906058
S_4504,Ramandeep Singh,2024-02-08,21,2,126.4420537536469,78.0832490945356
S_7895,HE van der Dussen,2024-01-12,56,1,,80.56293677993727
S_1811,HE van der Dussen,2024-01-31,62,4,,70.66529821185425
S_3256,SS Prabhudessai,2024-03-01,94,3,,85.2113020767496
S_2469,Akash Deep,2024-01-13,63,2,,72.71806229743342
S_4275,JR Hazlewood,2024-02-13,47,1,148.47208180936263,62.73960682554566
S_6299,KR Sen,2024-01-29,54,2,,75.42992894458806
S_1328,KR Sen,2024-03-18,28,2,,67.36352940729434
S_6803,Aman Hakim Khan,2024-03-22,79,4,,61.170329494638416
S_9722,Aman Hakim Khan,2024-02-16,84,2,,70.84930477524145
S_9708,Aman Hakim Khan,2024-04-02,61,3,140.91273414782276,80.53871557757472
S_8379,HR Shokeen,2024-01-08,50,3,131.3748259193983,71.90962437819108
S_9992,HR Shokeen,2024-01-26,59,0,132.06469145531904,63.58380619776118
S_6889,HR Shokeen,2024-03-05,63,1,142.28464504754598,61.7798889091809
S_2620,Yash Dayal,2024-03-20,25,2,,64.68794267900002
S_4897,Yash Dayal,2024-02-29,46,3,,87.68514259228925
S_7721,DJ Mitchell,2024-02-09,25,1,,69.20234866712515
S_7804,DJ Mitchell,2024-03-02,29,2,,60.67105187624644
S_3940,Shashank Singh,2024-02-03,80,0,144.41487394778528,77.272821393121
S_1633,Shashank Singh,2024-02-08,27,0,,74.14770153626256
S_4446,Shashank Singh,2024-01-27,84,1,140.63695936437225,92.85624608979415
S_5887,B Indrajith,2024-02-08,40,2,,85.9561056908023
S_4759,Harshit Rana,2024-03-26,87,4,145.3043750737654,84.09308577850729
S_5161,Harshit Rana,2024-03-15,64,1,,92.77233952387448
S_2740,Harshit Rana,2024-02-11,59,1,125.7947325336294,83.37735657586296
S_7827,Mohsin Khan,2024-01-23,25,1,143.4718742593338,78.57627108358498
S_9966,Mohsin Khan,2024-04-02,72,4,,65.66634635183254
S_9142,Simarjeet Singh,2024-01-24,66,1,147.5236866567304,92.57318763884957
S_2059,Simarjeet Singh,2024-01-03,97,1,,67.67533488766907
S_7748,M Theekshana,2024-03-23,89,4,139.4859729319617,74.8485996122303
S_2399,M Theekshana,2024-01-02,66,3,,77.75879328457361
S_6681,M Theekshana,2024-04-04,42,4,,70.95588741455535
S_9467,M Theekshana,2024-01-13,22,1,,74.44344804012394
S_2408,AS Roy,2024-03-30,43,0,,83.09372949426881
S_4377,AS Roy,2024-03-18,45,2,135.68944545317498,64.00771687641435
S_3816,AS Roy,2024-02-02,26,4,140.15676046909118,91.90663719261998
S_8253,Fazalhaq Farooqi,2024-03-20,65,3,,72.33514560385946
S_5668,Fazalhaq Farooqi,2024-01-18,28,0,,67.92503617806776
S_7321,K Kartikeya,2024-01-06,70,3,,82.01897669692417
S_4597,RP Meredith,2024-01-29,93,1,127.81900364271004,65.70208075505667
S_2787,RP Meredith,2024-03-28,76,1,,64.3981400952854
S_2803,RP Meredith,2024-03-15,22,3,,89.35465835868509
S_2615,RP Meredith,2024-03-27,62,4,131.8606953258415,86.88723687326217
S_6291,KS Sharma,2024-04-04,99,1,,83.461187189354
S_5478,KS Sharma,2024-03-17,90,3,,63.72686171496473
S_5729,T Stubbs,2024-02-13,86,3,127.42518385709413,62.787954432581046
S_4343,T Stubbs,2024-01-09,72,0,,85.4019866435222
S_8720,T Stubbs,2024-01-15,85,2,,82.19192696038442
S_6011,R Sanjay Yadav,2024-02-08,91,1,128.14077105573412,66.48226290753627
S_3679,R Sanjay Yadav,2024-01-19,90,1,149.85478230600364,73.9688254845099
S_7571,A Tomar,2024-01-09,77,3,136.27076851476966,86.8939975132073
S_6492,A Tomar,2024-01-27,91,0,,68.84992425668956
S_4551,A Tomar,2024-03-06,51,4,,84.9210274969058
S_5096,PN Mankad,2024-01-05,82,2,143.54648950163383,67.00031223894617
S_9835,PN Mankad,2024-03-18,87,0,142.1641515023606,81.88240368501303
S_3755,PN Mankad,2024-02-12,76,3,120.96188088920415,62.912063577812724
S_1639,PN Mankad,2024-02-06,90,3,,77.55994858409721
S_2251,OC McCoy,2024-03-19,93,4,125.95230303580688,77.28955130502219
S_8041,OC McCoy,2024-02-25,98,3,,94.84307570066136
S_1611,Sikandar Raza,2024-01-13,84,0,144.3304612479621,90.06452368612409
S_1173,Rahmanullah Gurbaz,2024-02-21,82,3,144.4561913269695,62.96550391516113
S_2778,Rahmanullah Gurbaz,2024-02-26,90,0,121.67206579504206,80.08865311255704
S_8758,KR Mayers,2024-02-07,40,1,129.9622167247146,65.42296248682776
S_5964,KR Mayers,2024-02-02,25,3,141.85158558302197,82.5311986355023
S_8716,KR Mayers,2024-01-08,96,4,,70.01210180807499
S_4154,Mukesh Kumar,2024-02-07,51,1,,77.37062612202668
S_7875,Mukesh Kumar,2024-02-27,94,0,137.23723510419052,88.77961490155238
S_3372,HC Brook,2024-02-17,59,2,146.7384799448325,88.13596480573386
S_5158,HC Brook,2024-02-17,67,4,,94.66861667793363
S_3331,AU Rashid,2024-03-22,99,3,,85.12161906856808
S_4976,AU Rashid,2024-01-26,47,0,,60.808873396372725
S_7605,AU Rashid,2024-02-20,95,4,130.30594834494883,93.72194975296604
S_3357,C Green,2024-01-16,81,3,,60.64184361537274
S_7821,N Wadhera,2024-03-12,49,0,,69.23862989461549
S_5090,N Wadhera,2024-01-15,67,4,138.14822439593266,81.49317582914956
S_4257,N Wadhera,2024-03-31,35,3,140.6065823514527,87.17411627077361
S_6280,N Wadhera,2024-02-02,42,3,,63.80125908212724
S_9664,Arshad Khan,2024-02-14,99,4,125.967520785458,62.790849510031144
S_6399,Arshad Khan,2024-01-13,39,4,,91.97843591049518
S_5481,Abishek Porel,2024-04-03,45,2,,68.79576904997549
S_8771,Abishek Porel,2024-03-24,94,1,144.04817029839128,87.71006586544951
S_5588,Dhruv Jurel,2024-03-22,68,2,,79.24926452343524
S_4611,Dhruv Jurel,2024-01-28,85,4,,71.78774138787374
S_8082,Dhruv Jurel,2024-02-28,21,0,,66.51857284049211
S_5257,MG Bracewell,2024-03-26,50,2,,81.11639479756094
S_5443,MG Bracewell,2024-02-23,58,0,136.74695250838982,71.36796203831261
S_6613,MG Bracewell,2024-02-16,83,0,148.43610505859039,76.97751949471109
S_7928,MW Short,2024-03-21,33,0,131.92463977267883,67.59991414131852
S_1863,MW Short,2024-02-05,56,2,,90.29953473134013
S_1613,Mohit Rathee,2024-03-21,63,3,146.58221901286575,85.51618099903229
S_6386,YV Dhull,2024-01-31,30,4,,69.10739787775138
S_6767,YV Dhull,2024-01-08,79,1,,84.58184519356516
S_9076,YV Dhull,2024-03-27,95,2,,69.45871062716
S_3800,YV Dhull,2024-01-27,83,1,139.77733611152615,72.06754250290878
S_9772,Yudhvir Singh,2024-04-06,49,4,,92.26844705464626
S_3155,Yudhvir Singh,2024-03-05,86,1,134.0786973281245,64.08110382500803
S_3940,Yudhvir Singh,2024-02-04,58,3,146.78227628989066,90.97059433242106
S_3692,Atharva Taide,2024-02-24,39,3,,75.66683554329337
S_6025,Atharva Taide,2024-03-23,36,4,,61.32115609386017
S_2844,Atharva Taide,2024-02-19,91,2,,82.88404873396871
S_8635,Liton Das,2024-01-13,39,1,144.5520794249347,94.66310503526019
S_1309,Liton Das,2024-01-06,33,3,128.22408501575816,67.09299226966509
S_7786,PD Salt,2024-02-16,21,1,,72.18046738172225
S_5237,PD Salt,2024-02-23,97,0,,86.50534502249175
S_1464,PD Salt,2024-03-20,59,3,,77.03824769441351
S_3925,Vijaykumar Vyshak,2024-02-21,82,1,,70.59072534324406
S_7627,Vijaykumar Vyshak,2024-03-21,42,1,,74.27980267868533
S_2725,Vijaykumar Vyshak,2024-02-23,39,3,140.2556824653487,82.16592610528137
S_4730,Abdul Basith,2024-04-03,34,2,127.57705677413061,83.41337985238961
S_9645,Abdul Basith,2024-02-28,51,4,120.61532757961173,68.72815257985623
S_1362,Arjun Tendulkar,2024-01-13,75,1,138.0221932335118,83.86415612115006
S_8750,Arjun Tendulkar,2024-03-22,83,0,,64.31570318624986
S_2003,Arjun Tendulkar,2024-01-04,76,3,121.95599300118451,70.7601386391743
S_5231,JP Behrendorff,2024-02-24,88,3,,62.49043395589034
S_6051,AJ Hosein,2024-02-19,46,0,134.40762003258465,66.21010782873594
S_1805,AJ Hosein,2024-02-17,71,3,,68.01908148689897
S_8055,AJ Hosein,2024-02-04,36,0,136.6059265607155,81.56387801455024
S_1559,AJ Hosein,2024-01-22,68,3,,75.5917189079171
S_8381,Naveen-ul-Haq,2024-01-25,85,2,,76.64672150078906
S_6838,Naveen-ul-Haq,2024-02-20,72,1,134.0796989113041,75.38795069207077
S_7081,Naveen-ul-Haq,2024-02-08,93,3,,91.18693178446372
S_7182,Naveen-ul-Haq,2024-03-08,54,2,,60.469802029204466
S_2548,Noor Ahmad,2024-01-18,40,0,,91.10249342770342
S_6674,JE Root,2024-02-22,46,2,,85.07937739226499
S_2395,JE Root,2024-02-20,88,3,,87.59931447028899
S_7374,JE Root,2024-03-28,71,0,,64.15294961186883
S_6196,JE Root,2024-03-02,48,4,,78.9658060646677
S_6710,KM Asif,2024-01-23,22,4,127.81192076235214,60.64597466650579
S_3049,KM Asif,2024-02-19,84,3,,73.39780078508726
S_7266,MD Shanaka,2024-04-08,25,3,143.19270424851337,71.64355452856134
S_8962,MD Shanaka,2024-01-07,63,1,,76.64342825691676
S_5754,MD Shanaka,2024-01-06,44,0,,87.55640431100883
S_1895,MD Shanaka,2024-03-06,43,4,147.6730683301131,83.31945479222966
S_2301,Sanvir Singh,2024-03-15,32,0,147.78624523202052,63.095315556742584
S_4307,Sanvir Singh,2024-03-03,31,3,143.37281830145312,85.16616685764606
S_5968,Sanvir Singh,2024-01-27,47,1,121.45699959177888,81.13043511372958
S_9539,Vivrant Sharma,2024-02-27,98,0,140.01639875225723,94.70010920453308
S_2351,Vivrant Sharma,2024-03-09,25,3,124.31074821785202,78.28306423883804
S_8434,DG Nalkande,2024-03-17,31,1,143.4753602461749,79.04637539809553
S_1219,DG Nalkande,2024-01-22,26,2,123.83849822759295,94.92702970443007
S_9702,R Ravindra,2024-01-13,31,1,,93.37025386652422
S_7704,R Ravindra,2024-02-22,75,2,,79.41427899764702
S_7176,SD Hope,2024-01-23,96,4,,93.44674829234746
S_2381,Sumit Kumar,2024-02-29,84,0,,90.53629331404886
S_1827,Azmatullah Omarzai,2024-01-13,43,1,,65.1436142066334
S_9984,Azmatullah Omarzai,2024-02-19,33,3,,90.05848701361998
S_7457,Naman Dhir,2024-04-03,60,0,147.15234383383444,75.21126788535386
S_8511,Naman Dhir,2024-03-18,91,1,126.03751093653509,69.96360371813861
S_4239,G Coetzee,2024-01-25,44,2,139.58279267928376,86.92885218942808
S_7565,G Coetzee,2024-03-08,26,2,146.03116379300064,60.07493217709163
S_4465,SZ Mulani,2024-02-26,47,3,138.18950842123596,72.77588564135881
S_7752,SZ Mulani,2024-01-06,60,3,134.8050109221785,66.24393881750034
S_9067,Sameer Rizvi,2024-01-26,31,1,141.24071351993734,68.8976240173341
S_5778,SH Johnson,2024-01-21,34,2,124.28165561905614,70.83396971517308
S_9159,Akash Madhwal,2024-01-05,92,4,136.36088556400927,61.79222222166152
S_3633,Akash Madhwal,2024-02-20,60,0,135.07919414926607,77.21339628128595
S_8904,Akash Madhwal,2024-02-07,63,0,,66.84832034688698
S_3977,Akash Madhwal,2024-03-15,42,3,138.30535728709924,65.38909454103401
S_4603,SB Dubey,2024-03-17,84,3,,66.77401806338504
S_5993,SB Dubey,2024-01-28,45,3,125.6223386395133,75.68793037378786
S_6347,SB Dubey,2024-03-14,72,0,,72.11388454829402
S_7211,Mayank Dagar,2024-04-09,64,0,149.69941844967542,83.09881972306685
S_4447,Mayank Dagar,2024-01-24,78,1,,72.05498161760158
S_2935,Mayank Dagar,2024-02-28,25,1,,69.28046803968603
S_8066,RJW Topley,2024-03-29,65,0,,60.03578048580568
S_2547,RJW Topley,2024-03-27,70,4,129.8175092371745,70.14081601851113
S_5917,RJW Topley,2024-01-29,60,4,135.15173400811227,78.38376626906708
S_4238,A Raghuvanshi,2024-02-09,73,2,,74.83846628121417
S_9722,Ashutosh Sharma,2024-02-03,97,1,145.21660070253793,83.8925708802596
S_7962,Nithish Kumar Reddy,2024-02-23,47,2,,72.44028382535859
S_1434,Nithish Kumar Reddy,2024-01-07,48,2,,81.22840534676868
S_7825,Saurav Chauhan,2024-03-16,61,4,,68.62672683518576
S_7512,Saurav Chauhan,2024-03-24,35,4,129.11421377209103,77.83189582453701
S_4681,Saurav Chauhan,2024-02-14,41,2,126.45661935799137,62.30751112751188
S_6608,Saurav Chauhan,2024-01-23,79,0,,75.85493352904874
S_7004,Kumar Kushagra,2024-03-20,82,0,129.80932869728218,75.48719597838131
S_4238,Kumar Kushagra,2024-04-06,84,4,136.32600006340883,85.89287301776346
S_1793,Kumar Kushagra,2024-01-28,59,2,132.96813863364505,74.44670754620778
S_6309,BR Sharath,2024-01-12,49,4,,80.08826480476405
S_6774,BR Sharath,2024-01-18,71,4,132.83521711881158,71.57215342008396
S_4217,WG Jacks,2024-02-26,56,3,,81.43713274839791
S_7611,WG Jacks,2024-03-13,20,1,,93.3575469017748
S_3070,WG Jacks,2024-01-09,74,3,,64.45523865832774
S_2379,J Fraser-McGurk,2024-03-16,46,1,,79.94939866658606
S_6267,J Fraser-McGurk,2024-02-09,77,4,135.74450251094223,79.03777443015939
S_5812,J Fraser-McGurk,2024-01-22,35,1,,76.09478783151512
S_3861,Tanush Kotian,2024-02-12,65,3,,88.83035001479456
S_3567,Tanush Kotian,2024-03-13,21,0,134.31480139234745,65.6366175236238
S_5962,KA Maharaj,2024-04-03,25,3,132.27431363752868,68.89074021834469
S_8180,Arshad Khan (2),2024-02-28,49,3,121.7011395411014,79.73311868890755
S_9689,Arshad Khan (2),2024-01-09,84,4,,92.31846337967534
S_2916,R Sai Kishore,2024-04-04,97,4,127.69216779024852,92.56671571872839
S_7180,R Sai Kishore,2024-04-01,71,0,146.22889680666523,64.70839223012146
S_6538,R Sai Kishore,2024-03-08,97,1,147.08328143293636,93.68020395854055
S_7655,L Wood,2024-03-26,83,3,136.65247804312952,85.98601474747448
S_1100,L Wood,2024-01-16,88,1,,93.58038585094077
S_1693,LB Williams,2024-01-27,50,0,125.03709589806266,74.68388755843492
S_4783,AA Kulkarni,2024-02-26,35,1,,62.59556870209108
S_5939,MJ Suthar,2024-01-19,69,2,148.10063780001448,88.94321587794389
S_3296,RJ Gleeson,2024-01-07,71,3,,78.85867785373841
S_4097,RJ Gleeson,2024-03-30,29,0,133.3318145674731,80.6130276977572
S_5040,RJ Gleeson,2024-03-11,67,1,,84.66051112466727
S_7086,Gulbadin Naib,2024-03-13,46,4,,67.7961913532716
S_3822,Gulbadin Naib,2024-04-01,82,3,148.52138249992086,80.92285414529915
S_2082,Gulbadin Naib,2024-01-13,81,0,129.2569949276675,94.71627190999257
S_2897,D Ferreira,2024-01-02,85,2,,90.89597266724782
S_9948,D Ferreira,2024-02-25,31,3,124.0005602026084,64.65495054761237
S_5131,D Ferreira,2024-02-19,22,0,,62.27519212937822
S_8229,D Ferreira,2024-03-09,38,1,122.8172989449309,83.07813155968225
S_1858,A Kamboj,2024-02-19,45,0,,60.390410555914066
S_4871,A Kamboj,2024-03-22,97,1,,77.81512059189164
S_4145,A Kamboj,2024-01-10,53,4,,75.95075349029696
S_9131,T Kohler-Cadmore,2024-03-11,28,4,124.35949369009879,87.94893203487305
S_4512,T Kohler-Cadmore,2024-02-20,32,2,,77.22273652874762
S_3060,T Kohler-Cadmore,2024-03-02,27,4,120.55371676619832,89.11608223148554
S_3808,Shivam Singh,2024-03-26,61,1,139.54008317400616,65.39265063655792
S_5893,Shivam Singh,2024-01-26,72,4,130.1726283978804,84.84634016835088
S_5308,Shivam Singh,2024-02-22,83,4,,69.11811059025891
S_2104,Shivam Singh,2024-03-05,56,0,126.74438698530554,94.98724688989054
S_1804,V Viyaskanth,2024-01-31,95,2,,60.203131909502936
S_5238,V Viyaskanth,2024-03-01,35,3,126.07402626287251,93.56653989049927
S_7556,V Viyaskanth,2024-01-03,28,2,,83.42659125459586
S_9697,V Viyaskanth,2024-02-15,92,3,145.88365637014172,77.8179157341483
S_2596,P Amarnath,2024-03-04,88,2,125.88541820813936,83.50103109551264
S_6734,B Geeves,2024-02-29,65,4,,72.29259568734709
S_8237,B Geeves,2024-02-01,30,1,139.73651806009593,62.23689623321994
S_6541,Gagandeep Singh,2024-03-07,85,3,142.7252946845552,64.1292649802959
S_6028,Gagandeep Singh,2024-03-26,74,2,124.6770373061984,85.27870023294909
S_9383,Gagandeep Singh,2024-01-20,23,1,,63.73647156730446
S_5687,A Nel,2024-01-26,44,3,,66.44873160730516
S_2140,AM Salvi,2024-01-19,33,4,,93.65833702638737
S_7641,AM Salvi,2024-02-15,35,0,146.69793167670292,82.7807593123522
S_1839,RR Bose,2024-02-03,20,1,136.5011622299581,63.400763868808795
S_6894,RR Bose,2024-01-07,69,1,121.60885171114347,77.5339255650604
S_6645,RR Bose,2024-01-05,94,4,,79.487943453061
S_9053,RR Bose,2024-04-05,55,2,148.48612311340955,71.88351216957426
S_7071,SS Sarkar,2024-01-17,93,3,125.88861600429229,67.17692826965926
S_8245,RA Shaikh,2024-02-25,99,1,,81.77584234607627
S_4206,RA Shaikh,2024-03-16,29,4,,75.74038937072372
S_2067,RA Shaikh,2024-04-08,89,3,,75.25441291054541
S_5066,RA Shaikh,2024-02-21,57,3,140.8362592211182,61.94193797237687
S_6856,C Ganapathy,2024-03-06,32,1,122.75688276231318,89.20589752120937
S_9437,C Ganapathy,2024-03-28,67,3,,62.31590526038133
S_2810,C Ganapathy,2024-03-11,76,2,137.6627839069503,87.645383758291
S_6747,C Ganapathy,2024-01-04,23,4,,82.66549560806325
S_4004,MB Parmar,2024-03-15,74,2,,88.24147717718911
S_6630,AA Kazi,2024-03-22,63,3,,77.33100572863333
S_6902,Anand Rajan,2024-01-16,21,1,,76.83565729301617
S_1659,Anand Rajan,2024-02-18,54,1,126.90257725260005,68.9593265595049
S_3471,P Prasanth,2024-02-28,51,4,,91.65488698110026
S_4177,P Prasanth,2024-02-05,51,4,139.85025182152592,70.88645967699443
S_5784,P Prasanth,2024-01-02,86,2,,92.51907234419639
S_6450,P Prasanth,2024-01-31,81,3,125.6145657779679,61.14184774922331
S_9027,SS Mundhe,2024-01-01,78,4,136.7119779805175,89.8534639785812
S_1529,SS Mundhe,2024-03-17,24,3,147.78474991577605,73.25973641727661
S_4761,SS Mundhe,2024-02-07,74,3,,73.67511047891185
S_5562,RW Price,2024-03-21,55,1,,92.8134095365854
S_3355,RW Price,2024-02-05,47,1,,86.55707467888784
S_5927,TP Sudhindra,2024-03-16,80,1,,67.48436113233426
S_3846,BW Hilfenhaus,2024-01-27,77,0,,88.04802874564108
S_5722,BW Hilfenhaus,2024-03-31,27,0,,80.87348964411302
S_6855,BW Hilfenhaus,2024-03-12,34,4,,79.74297225910188
S_6723,BW Hilfenhaus,2024-03-21,38,2,139.24471107192863,90.69216261547965
S_3200,P Suyal,2024-01-20,77,4,131.85762299306754,76.32060464936642
S_8414,P Suyal,2024-01-29,29,4,141.08348631497924,61.47020185965842
S_5467,P Suyal,2024-03-07,72,1,133.97831852789955,63.27088694341073
S_8851,MG Neser,2024-03-03,84,2,,85.49104286728071
S_4989,MG Neser,2024-03-17,33,3,143.25947261641127,80.10499690511006
S_7655,MG Neser,2024-03-03,80,0,,84.95598708011838
S_7820,K Santokie,2024-03-05,98,0,,64.668343282321
S_2568,K Santokie,2024-01-05,93,3,,68.83963749443339
S_8959,K Santokie,2024-01-17,90,0,,85.22337536110489
S_4342,K Santokie,2024-01-15,44,4,,77.82511467379742
S_4871,JW Hastings,2024-01-21,87,3,,61.59425545878734
S_7670,JW Hastings,2024-01-20,53,3,142.29897516920937,67.59301288925676
S_9171,JW Hastings,2024-02-04,32,0,,75.3990818464833
S_4330,GS Sandhu,2024-04-07,38,3,140.65881906884994,85.95812833167113
S_4324,SM Boland,2024-01-14,65,2,148.739461608273,80.59839884876773
S_4139,SM Boland,2024-03-18,35,3,,72.35584942755294
S_6637,SM Boland,2024-04-08,98,4,135.96991807761307,70.23015604482386
S_2376,SM Boland,2024-02-17,99,2,,61.06390951840341
S_7283,Tejas Baroka,2024-02-26,63,4,132.0978126366746,92.74409388291181
S_9046,SS Agarwal,2024-03-16,70,4,120.54473896821237,85.28614586186339
S_2099,NB Singh,2024-02-27,97,0,128.64448467100124,71.33916372965386
S_6125,NB Singh,2024-01-06,82,3,,68.95947338267725
S_9031,MJ Henry,2024-01-10,89,3,,87.0019706185924
S_9737,MJ Henry,2024-02-13,41,0,,81.33267928573008
S_5142,K Khejroliya,2024-01-19,67,4,125.38901479116423,83.19528481788622
S_6104,K Khejroliya,2024-02-05,67,3,,77.448006134617
S_4685,K Khejroliya,2024-03-26,33,0,,77.00371956011396
S_9191,K Khejroliya,2024-02-27,34,0,148.30901011945485,84.27134170874095
S_3291,L Ngidi,2024-04-04,30,4,,71.38917368153555
S_2438,L Ngidi,2024-03-13,72,1,149.70575367755015,63.17317309782684
S_1085,CJ Dala,2024-02-24,92,1,124.60370496324487,67.23613260090838
S_8588,CJ Dala,2024-01-08,20,3,,89.23359417083009
S_2284,SC Kuggeleijn,2024-02-19,43,1,,73.63691060753037
S_5381,SC Kuggeleijn,2024-01-01,65,4,143.2992022311787,67.99157928076586
S_5507,SC Kuggeleijn,2024-01-16,73,4,,61.345168748047726
S_1703,S Midhun,2024-01-23,46,0,,83.37768074095098
S_9573,S Midhun,2024-04-04,22,0,,63.5676831883913
S_3390,S Midhun,2024-01-06,47,1,148.2831600331583,69.3471329083776
S_9095,O Thomas,2024-01-10,68,0,,81.9706457446793
S_7850,O Thomas,2024-02-20,30,1,120.5795521060302,77.57044185399127
S_6768,O Thomas,2024-01-28,96,4,,93.69643715985141
S_2725,S Sandeep Warrier,2024-02-15,89,0,149.49241337859002,80.28802872867107
S_7301,S Sandeep Warrier,2024-01-21,20,0,,91.35296001280946
S_7724,S Sandeep Warrier,2024-01-30,27,0,130.14430614672588,68.78123317238479
S_8478,CJ Green,2024-02-13,46,4,,92.64386658261758
S_4613,CJ Green,2024-02-08,32,1,139.9306185797816,68.60434181881811
S_8066,CJ Green,2024-02-14,54,3,142.84048968608678,69.18695591507668
S_7445,CJ Green,2024-01-20,57,4,125.99185557367215,93.15495130814188
S_5145,Monu Kumar,2024-03-19,71,2,129.5381798912047,79.38408205537382
S_7954,Monu Kumar,2024-03-22,42,4,,76.0323428675512
S_8681,LI Meriwala,2024-01-04,97,3,123.48160378153706,60.80873984756181
S_9792,Jalaj S Saxena,2024-02-18,27,3,122.0377861266848,63.78561232823137
S_1868,Jalaj S Saxena,2024-01-16,59,1,,89.34029409502672
S_6154,Jalaj S Saxena,2024-02-21,34,4,143.16456994479347,90.12106124511017
S_9222,Jalaj S Saxena,2024-03-01,83,4,,84.74054959402035
S_1950,Akash Singh,2024-02-28,22,0,120.82895498567792,89.18967667346837
S_7255,Akash Singh,2024-01-29,23,4,,77.60129272791467
S_8518,Akash Singh,2024-02-28,46,1,135.30058139184095,85.16560040791772
S_1211,IC Porel,2024-02-20,20,2,124.34695977922038,66.20589387329257
S_7820,IC Porel,2024-03-05,61,0,132.1224158847993,82.87724329512051
S_5091,IC Porel,2024-02-29,98,2,142.5344510346775,80.64228602723274
S_1233,PH Solanki,2024-03-22,23,2,,68.54331003724108
S_9110,PH Solanki,2024-02-07,52,0,,92.2604597185873
S_9753,PH Solanki,2024-03-20,57,1,132.99223515433695,92.11336545306219
S_2677,M Pathirana,2024-02-15,54,4,146.0538773684241,73.42119920916923
S_7416,J Little,2024-01-10,37,2,130.49317370685236,70.9663331251877
S_2496,J Little,2024-04-09,50,1,,65.94274238428316
S_1094,J Little,2024-01-22,42,3,,85.65584752022804
S_5476,RS Hangargekar,2024-02-09,58,1,121.60046983649582,89.66509104265918
S_6817,RS Hangargekar,2024-01-05,92,0,,64.18706538306246
S_4607,RS Hangargekar,2024-03-18,60,0,,70.68835186889623
S_1362,NA Saini,2024-04-08,31,4,,86.6887289218907
S_2824,NA Saini,2024-02-15,78,3,122.38848753982313,80.809193391408
S_8868,NA Saini,2024-03-08,87,4,,66.74806659332607
S_8464,Yash Thakur,2024-03-27,84,1,,91.52540335433942
S_6153,Yash Thakur,2024-02-08,86,0,,89.10740140592658
S_8532,Yash Thakur,2024-03-11,86,4,128.01885246229514,69.71413307543085
S_4684,Yash Thakur,2024-01-14,87,3,,76.44329970090153
S_5830,Suyash Sharma,2024-04-06,58,3,,73.73581597039778
S_1016,SSB Magala,2024-03-27,96,1,,90.01556865168405
S_5089,SSB Magala,2024-03-07,60,3,125.47989146571041,81.34540572449382
S_6702,SSB Magala,2024-01-28,32,3,,74.6234054015525
S_7158,SSB Magala,2024-03-15,75,3,,72.02007058068226
S_4411,D Jansen,2024-01-29,72,4,,74.54962523997251
S_1111,D Jansen,2024-02-12,29,0,121.60020489015551,73.95098819514595
S_9469,Gurnoor Brar,2024-03-04,40,0,129.71715949689604,77.99304062077458
S_1302,Gurnoor Brar,2024-02-23,51,1,124.81181625018435,71.88505994228593
S_2718,R Goyal,2024-01-02,85,2,,66.09382366366323
S_3882,R Goyal,2024-03-11,55,4,145.63695506823723,84.00490723405221
S_5623,R Goyal,2024-01-31,53,1,142.69433036521238,63.87027154740308
S_3551,H Sharma,2024-01-15,67,0,,63.333835921651385
S_3629,H Sharma,2024-01-08,64,1,,67.85283896923329
S_2795,H Sharma,2024-02-08,43,1,,63.56889291370232
S_8179,H Sharma,2024-01-01,69,0,148.3515166018381,79.1871320477253
S_4174,N Burger,2024-02-24,58,0,140.37386494004585,81.24227980792891
S_5132,KT Maphaka,2024-02-19,91,4,,68.87938904985337
S_9490,KT Maphaka,2024-04-02,61,2,125.64440781628227,91.08030961009233
S_8225,KT Maphaka,2024-04-04,90,0,,70.03307369565384
S_8069,M Siddharth,2024-02-04,76,4,140.39510279273162,88.38575912522793
S_5251,M Siddharth,2024-02-27,49,1,141.45316840854267,82.38438392320589
S_8662,M Siddharth,2024-02-21,33,4,140.3613970864606,76.54815624394536
S_3197,MP Yadav,2024-03-12,34,0,142.7673674666109,69.30297976750354
S_6360,S Joseph,2024-01-30,34,4,,89.27656170830899
S_1106,S Joseph,2024-02-03,46,4,139.07623581993022,92.82135554290193
S_6268,N Thushara,2024-04-08,25,3,,67.22796077254245
S_7229,N Thushara,2024-03-28,58,1,128.80068239981964,88.66955775463504
S_3584,N Thushara,2024-02-05,43,1,,62.4978454861283
S_5383,V Kaverappa,2024-04-06,55,3,,92.51313574504181
S_3025,V Kaverappa,2024-03-20,94,0,,89.97550656259006
S_2528,V Kaverappa,2024-02-07,64,1,,94.51631090630433
